frame,time,rc0,rc1,rc2,rc4,pos_x,pos_y,pos_z,ori_x,ori_y,ori_z,ori_w,vel_x,vel_y,vel_z,angvel_x,angvel_y,angvel_z,motorOut_1,motorOut_2,motorOut_3,motorOut_4
8100,0,0,0,0.3,0,2.4233e-16,1.99998,-4.31307e-16,-2.27505e-08,-2.84076e-08,-1.26282e-08,1,2.4233e-13,-0.0228593,-4.31307e-13,-5.29732e-05,-5.28272e-05,-2.96445e-05,-0.93,-0.93,-0.93,-0.93
8101,0,0,0,0.3,0,1.01056e-15,1.99994,-1.80365e-15,-5.38033e-08,-2.54465e-08,-3.02793e-08,1,7.6823e-13,-0.0326561,-1.37234e-12,-6.90433e-05,6.29069e-05,-3.96633e-05,0.452,0.454,0.452,0.454
8102,0,0,0,0.3,0,2.81877e-15,1.9999,-5.01132e-15,-9.26472e-08,3.40056e-08,-5.28729e-08,1,1.80821e-12,-0.0424529,-3.20768e-12,-8.43491e-05,0.000154877,-4.94644e-05,0.788,0.792,0.788,0.792
8103,0,0,0,0.3,0,6.67711e-15,1.99985,-1.17878e-14,-1.38959e-07,-4.60838e-08,-8.03071e-08,1,3.85834e-12,-0.0522473,-6.77647e-12,-9.86219e-05,-0.000811578,-5.891e-05,0.77,0.774,0.768,0.774
8104,0,0,0,0.3,0,1.99419e-14,1.99979,-3.47126e-14,-1.88591e-07,-1.55578e-06,-1.1061e-07,1,1.32648e-11,-0.0620087,-2.29249e-11,-9.27783e-05,-0.00519843,-5.82307e-05,0.728,0.73,0.728,0.73
8105,0,0,0,0.3,0,7.45405e-14,1.99972,-1.27217e-13,-2.10356e-07,-5.91644e-06,-1.26812e-07,1,5.45986e-11,-0.0716492,-9.25042e-11,2.02412e-05,-0.0116032,2.28945e-06,0.692,0.688,0.69,0.688
8106,0,0,0,0.3,0,2.23322e-13,1.99964,-3.70917e-13,-1.11142e-07,-1.36325e-05,-7.51064e-08,1,1.48782e-10,-0.0810324,-2.437e-10,0.000384803,-0.0183926,0.000210383,0.652,0.652,0.654,0.654
8107,0,0,0,0.3,0,3.53417e-13,1.99955,-5.43095e-13,2.76429e-07,-2.46344e-05,1.43588e-07,1,1.30095e-10,-0.0900104,-1.72178e-10,0.00114622,-0.0247029,0.000654085,0.612,0.624,0.614,0.632
8108,0,0,0,0.3,0,-4.98442e-13,1.99945,1.06631e-12,1.18615e-06,-3.85457e-05,6.67205e-07,1,-8.51859e-10,-0.0984525,1.60941e-09,0.00242546,-0.030094,0.00140005,0.578,0.6,0.578,0.606
8109,0,0,0,0.3,0,-5.68671e-12,1.99934,1.03095e-11,2.89711e-06,-5.48284e-05,1.65408e-06,1,-5.18827e-09,-0.106256,9.24321e-09,0.00427883,-0.0342921,0.00246543,0.546,0.58,0.54,0.588
8110,0,0,0,0.3,0,-2.35528e-11,1.99923,4.1701e-11,5.67818e-06,-7.28103e-05,3.25524e-06,1,-1.78661e-08,-0.11335,3.13915e-08,0.00661639,-0.0370386,0.00381186,0.526,0.55,0.514,0.562
8111,0,0,0,0.3,0,-7.09748e-11,1.99911,1.24531e-10,9.70919e-06,-9.17321e-05,5.59451e-06,1,-4.7422e-08,-0.119687,8.28302e-08,0.00919875,-0.0382357,0.00538388,0.554,0.49,0.524,0.494
8112,0,0,0,0.3,0,-1.77603e-10,1.99898,3.09488e-10,1.50159e-05,-0.000110769,8.77535e-06,1,-1.06628e-07,-0.125244,1.84957e-07,0.0116658,-0.0376682,0.00714809,0.564,0.438,0.536,0.444
8113,0,0,0,0.3,0,-3.90503e-10,1.99885,6.74053e-10,2.14487e-05,-0.000128922,1.28849e-05,1,-2.129e-07,-0.130016,3.64564e-07,0.0137528,-0.034895,0.00908143,0.468,0.454,0.488,0.494
8114,0,0,0,0.3,0,-7.791e-10,1.99872,1.32602e-09,2.89211e-05,-0.000145078,1.80272e-05,1,-3.88597e-07,-0.134009,6.51963e-07,0.0159657,-0.0300548,0.0112686,0.368,0.512,0.398,0.558
8115,0,0,0,0.3,0,-1.4408e-09,1.99858,2.4088e-09,3.7801e-05,-0.000158484,2.43495e-05,1,-6.61697e-07,-0.137239,1.08279e-06,0.0193894,-0.0242817,0.0137454,0.416,0.474,0.398,0.486
8116,0,0,0,0.3,0,-2.50675e-09,1.99844,4.11341e-09,4.87628e-05,-0.000169136,3.18983e-05,1,-1.06596e-06,-0.139731,1.7046e-06,0.0239252,-0.019112,0.0160808,0.514,0.362,0.476,0.362
8117,0,0,0,0.3,0,-4.14453e-09,1.9983,6.69116e-09,6.17965e-05,-0.000177351,4.04247e-05,1,-1.63777e-06,-0.141517,2.57775e-06,0.0274083,-0.0142554,0.0176951,0.406,0.39,0.436,0.434
8118,0,0,0,0.3,0,-6.5554e-09,1.99816,1.04518e-08,7.59352e-05,-0.000182794,4.95665e-05,1,-2.41087e-06,-0.142631,3.76061e-06,0.0287123,-0.00800021,0.0186984,0.288,0.482,0.322,0.526
8119,0,0,0,0.3,0,-9.9704e-09,1.99801,1.57496e-08,9.05451e-05,-0.000184761,5.91487e-05,1,-3.415e-06,-0.143107,5.29784e-06,0.0297408,-0.000847085,0.0195092,0.424,0.386,0.386,0.378
8120,0,0,0,0.3,0,-1.46474e-08,1.99787,2.29795e-08,0.000105862,-0.00018351,6.90083e-05,1,-4.67699e-06,-0.142982,7.2299e-06,0.0312287,0.00484651,0.0197472,0.436,0.318,0.444,0.34
8121,0,0,0,0.3,0,-2.08639e-08,1.99773,3.25765e-08,0.000121429,-0.000179667,7.86724e-05,1,-6.21652e-06,-0.142296,9.59699e-06,0.030605,0.0100211,0.0188624,0.254,0.442,0.308,0.496
8122,0,0,0,0.3,0,-2.89042e-08,1.99759,4.49941e-08,0.000136007,-0.000172921,8.76884e-05,1,-8.04029e-06,-0.141083,1.24176e-05,0.0279493,0.0162724,0.0173604,0.37,0.382,0.344,0.374
8123,0,0,0,0.3,0,-3.90486e-08,1.99745,6.06799e-08,0.000149297,-0.000163225,9.58483e-05,1,-1.01444e-05,-0.139381,1.56858e-05,0.0255059,0.0215024,0.0153992,0.42,0.292,0.426,0.304
8124,0,0,0,0.3,0,-5.15633e-08,1.99731,8.00665e-08,0.000161019,-0.000151383,0.000102716,1,-1.25146e-05,-0.137223,1.93865e-05,0.0213725,0.0253725,0.0122707,0.232,0.424,0.288,0.468
8125,0,0,0,0.3,0,-6.66826e-08,1.99718,1.03546e-07,0.00016991,-0.000137455,0.000107757,1,-1.51193e-05,-0.134643,2.34796e-05,0.0148549,0.0298636,0.00834348,0.382,0.344,0.346,0.316
8126,0,0,0,0.3,0,-8.45946e-08,1.99704,1.31438e-07,0.000175524,-0.000121451,0.000110723,1,-1.7912e-05,-0.131673,2.78916e-05,0.00839491,0.0333504,0.0039469,0.38,0.292,0.398,0.298
8127,0,0,0,0.3,0,-1.05428e-07,1.99692,1.63974e-07,0.000177562,-0.000104185,0.000111193,1,-2.08333e-05,-0.128345,3.25358e-05,0.00028543,0.0354676,-0.00154219,0.23,0.418,0.264,0.432
8128,0,0,0,0.3,0,-1.29234e-07,1.99679,2.01272e-07,0.00017494,-8.56906e-05,0.00010874,1,-2.38066e-05,-0.124685,3.72986e-05,-0.00953688,0.0381765,-0.00750728,0.432,0.282,0.382,0.23
8129,0,0,0,0.3,0,-1.55978e-07,1.99667,2.43311e-07,0.000167578,-6.61446e-05,0.000103282,1,-2.67435e-05,-0.12072,4.2039e-05,-0.0187718,0.0394907,-0.0136415,0.316,0.322,0.348,0.324
8130,0,0,0,0.3,0,-1.85525e-07,1.99655,2.89921e-07,0.000155271,-4.62738e-05,9.45773e-05,1,-2.95471e-05,-0.116476,4.66096e-05,-0.0294582,0.04006,-0.0203766,0.286,0.384,0.274,0.354
8131,0,0,0,0.3,0,-2.17635e-07,1.99644,3.40762e-07,0.000137416,-2.59191e-05,8.25353e-05,1,-3.21104e-05,-0.111975,5.08417e-05,-0.0403365,0.0410989,-0.0268777,0.452,0.24,0.408,0.182
8132,0,0,0,0.3,0,-2.5196e-07,1.99634,3.95321e-07,0.000114497,-5.45e-06,6.73328e-05,1,-3.43248e-05,-0.107239,5.45582e-05,-0.0501784,0.0406416,-0.0331574,0.244,0.37,0.284,0.372
8133,0,0,0,0.3,0,-2.88043e-07,1.99623,4.52908e-07,8.64133e-05,1.47972e-05,4.90166e-05,1,-3.60825e-05,-0.102289,5.75874e-05,-0.0608405,0.0405781,-0.0392104,0.386,0.308,0.328,0.234
8134,0,0,0,0.3,0,-3.25321e-07,1.99614,5.12657e-07,5.33584e-05,3.51003e-05,2.796e-05,1,-3.72785e-05,-0.0971417,5.97494e-05,-0.0698589,0.0403727,-0.0442316,0.376,0.266,0.374,0.23
8135,0,0,0,0.3,0,-3.63141e-07,1.99604,5.73538e-07,1.61537e-05,5.48817e-05,4.5616e-06,1,-3.78198e-05,-0.0918149,6.0881e-05,-0.0780441,0.0389597,-0.0487185,0.262,0.376,0.258,0.34
8136,0,0,0,0.3,0,-4.00764e-07,1.99596,6.34369e-07,-2.51202e-05,7.41763e-05,-2.08379e-05,1,-3.76228e-05,-0.0863235,6.0831e-05,-0.0857127,0.0383496,-0.0521862,0.458,0.224,0.4,0.146
8137,0,0,0,0.3,0,-4.37383e-07,1.99588,6.9383e-07,-6.94785e-05,9.2966e-05,-4.75908e-05,1,-3.66193e-05,-0.0806825,5.94601e-05,-0.0908272,0.0367796,-0.0544016,0.264,0.338,0.294,0.326
8138,0,0,0,0.3,0,-4.72143e-07,1.9958,7.50491e-07,-0.000116211,0.00011091,-7.52213e-05,1,-3.47601e-05,-0.0749054,5.66614e-05,-0.095445,0.0354258,-0.0557407,0.372,0.306,0.31,0.226
8139,0,0,0,0.3,0,-5.04156e-07,1.99573,8.02835e-07,-0.000164721,0.00012841,-0.000103116,1,-3.20127e-05,-0.0690045,5.23443e-05,-0.0977474,0.0344851,-0.0556144,0.382,0.244,0.376,0.206
8140,0,0,0,0.3,0,-5.32523e-07,1.99567,8.49288e-07,-0.000213716,0.000145112,-0.000130662,1,-2.83669e-05,-0.0629909,4.64521e-05,-0.0981535,0.0325975,-0.0545705,0.254,0.364,0.252,0.33
8141,0,0,0,0.3,0,-5.56353e-07,1.99561,8.88247e-07,-0.000262738,0.000161159,-0.00015739,1,-2.38304e-05,-0.0568755,3.89596e-05,-0.0975893,0.0318272,-0.0523353,0.448,0.218,0.388,0.14
8142,0,0,0,0.3,0,-5.74784e-07,1.99556,9.18111e-07,-0.000310651,0.000176741,-0.000182599,1,-1.8431e-05,-0.0506666,2.98641e-05,-0.0941863,0.0304645,-0.0488048,0.248,0.336,0.28,0.328
8143,0,0,0,0.3,0,-5.87003e-07,1.99552,9.37316e-07,-0.00035664,0.000191615,-0.000205853,1,-1.22187e-05,-0.0443739,1.92045e-05,-0.0902074,0.0294401,-0.0445615,0.36,0.288,0.314,0.224
8144,0,0,0,0.3,0,-5.9226e-07,1.99548,9.44353e-07,-0.000400176,0.000206246,-0.000226643,1,-5.25754e-06,-0.0380034,7.0368e-06,-0.0842054,0.0289773,-0.0390883,0.34,0.248,0.36,0.234
8145,0,0,0,0.3,0,-5.89893e-07,1.99545,9.37802e-07,-0.000440214,0.000220374,-0.000244499,1,2.36776e-06,-0.0315631,-6.55018e-06,-0.0769309,0.0277598,-0.0330386,0.24,0.354,0.25,0.332
8146,0,0,0,0.3,0,-5.79332e-07,1.99542,9.16357e-07,-0.000476616,0.000234189,-0.000259193,1,1.05605e-05,-0.0250594,-2.14453e-05,-0.0693175,0.0276245,-0.0264232,0.414,0.21,0.388,0.162
8147,0,0,0,0.3,0,-5.60118e-07,1.99541,8.78832e-07,-0.000508659,0.000247777,-0.000270451,1,1.92141e-05,-0.0184979,-3.75253e-05,-0.0599418,0.0266607,-0.019522,0.206,0.348,0.26,0.36
8148,0,0,0,0.3,0,-5.31903e-07,1.99539,8.2419e-07,-0.000536148,0.00026087,-0.000278361,1,2.82154e-05,-0.0118852,-5.46415e-05,-0.0511841,0.0260498,-0.0129424,0.358,0.27,0.324,0.218
8149,0,0,0,0.3,0,-4.94448e-07,1.99539,7.51542e-07,-0.000559069,0.000273831,-0.000282955,1,3.74546e-05,-0.00522593,-7.26478e-05,-0.0414553,0.0256393,-0.00630216,0.28,0.274,0.33,0.282
8150,0,0,0,0.3,0,-4.47626e-07,1.99539,6.60158e-07,-0.000577074,0.000286288,-0.000284391,1,4.68219e-05,0.00147509,-9.13848e-05,-0.0320366,0.0244594,-0.000331284,0.238,0.346,0.25,0.33
8151,0,0,0,0.3,0,-3.91411e-07,1.9954,5.49463e-07,-0.000590698,0.000298434,-0.000282986,1,5.62153e-05,0.00821264,-0.000110695,-0.0233941,0.0241725,0.00521295,0.374,0.216,0.376,0.196
8152,0,0,0,0.3,0,-3.25869e-07,1.99541,4.19032e-07,-0.000599866,0.000310197,-0.000278968,1,6.55414e-05,0.0149828,-0.00013043,-0.0145916,0.022945,0.0100344,0.174,0.362,0.236,0.386
8153,0,0,0,0.3,0,-2.51152e-07,1.99543,2.68587e-07,-0.000605203,0.000321493,-0.000272868,1,7.47176e-05,0.0217808,-0.000150445,-0.00779403,0.0225768,0.0137679,0.364,0.244,0.342,0.206
8154,0,0,0,0.3,0,-1.67473e-07,1.99546,9.79672e-08,-0.000607222,0.000332737,-0.000265084,1,8.36792e-05,0.0286044,-0.00017062,-0.00109766,0.0222379,0.016791,0.226,0.304,0.292,0.332
8155,0,0,0,0.3,0,-7.50978e-08,1.9955,-9.28757e-08,-0.000606281,0.000343618,-0.000256166,1,9.23748e-05,0.03545,-0.000190843,0.00380441,0.02159,0.0184255,0.262,0.328,0.26,0.306
8156,0,0,0,0.3,0,2.56762e-08,1.99554,-3.03904e-07,-0.000603397,0.0003545,-0.000246726,1,0.000100774,0.0423153,-0.000211028,0.00734319,0.0218673,0.0190877,0.33,0.236,0.356,0.232
8157,0,0,0,0.3,0,1.34541e-07,1.99559,-5.35017e-07,-0.000598903,0.000365281,-0.000237281,1,0.000108865,0.0491977,-0.000231113,0.00990014,0.0213028,0.0184747,0.18,0.366,0.226,0.378
8158,0,0,0,0.3,0,2.51196e-07,1.99565,-7.86071e-07,-0.000593899,0.000375998,-0.000228512,1,0.000116655,0.0560955,-0.000251055,0.00993598,0.0217137,0.0166845,0.378,0.226,0.36,0.188
8159,0,0,0,0.3,0,3.7537e-07,1.99571,-1.05692e-06,-0.000589029,0.000386893,-0.000220843,1,0.000124174,0.0630075,-0.000270848,0.00946259,0.0216502,0.0140867,0.198,0.33,0.266,0.354
8160,0,0,0,0.3,0,5.06835e-07,1.99578,-1.34742e-06,-0.000584987,0.000397622,-0.000214832,1,0.000131464,0.0699322,-0.000290501,0.00664944,0.0215062,0.0102554,0.318,0.292,0.292,0.246
8161,0,0,0,0.3,0,6.45422e-07,1.99586,-1.65748e-06,-0.000582721,0.000408491,-0.000210916,1,0.000138588,0.0768682,-0.000310058,0.00295518,0.0217465,0.00583841,0.306,0.258,0.336,0.248
8162,0,0,0,0.3,0,7.91041e-07,1.99594,-1.98706e-06,-0.000582466,0.000419146,-0.000209451,1,0.000145619,0.0838143,-0.000329578,-0.00173002,0.0210041,0.000495201,0.23,0.352,0.238,0.326
8163,0,0,0,0.3,0,9.43686e-07,1.99603,-2.3362e-06,-0.000585063,0.000429667,-0.000210828,1,0.000152645,0.0907684,-0.000349139,-0.00783228,0.0211213,-0.00528023,0.394,0.218,0.37,0.166
8164,0,0,0,0.3,0,1.10345e-06,1.99613,-2.70504e-06,-0.000590555,0.00044006,-0.000215099,1,0.000159763,0.0977308,-0.00036884,-0.0135181,0.020361,-0.0111545,0.202,0.354,0.24,0.35
8165,0,0,0,0.3,0,1.27052e-06,1.99623,-3.09382e-06,-0.000599234,0.000450087,-0.000222385,1,0.000167071,0.1047,-0.000388778,-0.0204509,0.0200231,-0.0171859,0.38,0.256,0.328,0.182
8166,0,0,0,0.3,0,1.44519e-06,1.99634,-3.50288e-06,-0.000611233,0.000460085,-0.000232537,1,0.000174668,0.111675,-0.000409066,-0.0265667,0.0197613,-0.0226675,0.278,0.284,0.31,0.272
8167,0,0,0,0.3,0,1.62784e-06,1.99646,-3.93269e-06,-0.000626244,0.000469727,-0.000245367,1,0.000182648,0.118655,-0.000429806,-0.0329154,0.0190425,-0.027935,0.288,0.324,0.264,0.27
8168,0,0,0,0.3,0,1.81893e-06,1.99659,-4.38379e-06,-0.000644512,0.000479305,-0.000260628,1,0.000191098,0.12564,-0.000451104,-0.0390934,0.0191681,-0.0323651,0.38,0.228,0.362,0.174
8169,0,0,0,0.3,0,2.01903e-06,1.99672,-4.85685e-06,-0.00066544,0.000488661,-0.000277879,1,0.000200092,0.132629,-0.000473062,-0.0440501,0.0182496,-0.0361018,0.226,0.36,0.232,0.326
8170,0,0,0,0.3,0,2.22872e-06,1.99686,-5.35262e-06,-0.000688933,0.000497692,-0.000296843,1,0.000209692,0.13962,-0.000495765,-0.0491394,0.0180521,-0.0391504,0.418,0.226,0.358,0.142
8171,0,0,0,0.3,0,2.44867e-06,1.99701,-5.87191e-06,-0.000714456,0.000506611,-0.000316985,1,0.000219951,0.146615,-0.000519295,-0.052323,0.0174501,-0.0410065,0.244,0.318,0.276,0.304
8172,0,0,0,0.3,0,2.67957e-06,1.99716,-6.41562e-06,-0.000741442,0.00051512,-0.000337818,1,0.000230898,0.153612,-0.000543708,-0.0553207,0.0168815,-0.0419877,0.344,0.29,0.292,0.216
8173,0,0,0,0.3,0,2.92212e-06,1.99732,-6.98467e-06,-0.000769662,0.000523622,-0.000358746,0.999999,0.000242549,0.16061,-0.00056905,-0.0569679,0.0169441,-0.041517,0.338,0.244,0.346,0.212
8174,0,0,0,0.3,0,3.17701e-06,1.99749,-7.58002e-06,-0.000798253,0.000531867,-0.00037915,0.999999,0.000254897,0.16761,-0.00059535,-0.0574243,0.0161633,-0.0401322,0.246,0.344,0.246,0.308
8175,0,0,0,0.3,0,3.44493e-06,1.99766,-8.20264e-06,-0.000827058,0.000539986,-0.000398605,0.999999,0.000267919,0.174611,-0.000622618,-0.0575033,0.0163373,-0.0377266,0.406,0.21,0.376,0.152
8176,0,0,0,0.3,0,3.72651e-06,1.99785,-8.85349e-06,-0.000855312,0.000548008,-0.000416547,0.999999,0.000281575,0.181613,-0.000650852,-0.0556232,0.0156356,-0.0343629,0.216,0.336,0.258,0.332
8177,0,0,0,0.3,0,4.02231e-06,1.99803,-9.53351e-06,-0.000882605,0.000555682,-0.000432705,0.999999,0.000295808,0.188616,-0.000680023,-0.0537646,0.0153246,-0.0305928,0.378,0.252,0.33,0.182
8178,0,0,0,0.3,0,4.33287e-06,1.99823,-1.02436e-05,-0.000908595,0.000563343,-0.000446769,0.999999,0.000310554,0.195619,-0.000710095,-0.0503012,0.0151139,-0.0261251,0.276,0.278,0.314,0.272
8179,0,0,0,0.3,0,4.65861e-06,1.99843,-1.09846e-05,-0.000932601,0.000570656,-0.000458583,0.999999,0.000325737,0.202621,-0.00074101,-0.046347,0.0143914,-0.0216758,0.272,0.322,0.264,0.284
8180,0,0,0,0.3,0,4.99989e-06,1.99864,-1.17573e-05,-0.000954605,0.000577899,-0.000468107,0.999999,0.000341283,0.209621,-0.000772702,-0.0419197,0.0145157,-0.0169031,0.362,0.22,0.368,0.192
8181,0,0,0,0.3,0,5.357e-06,1.99886,-1.25624e-05,-0.000973997,0.000584929,-0.000475194,0.999999,0.000357111,0.21662,-0.000805094,-0.0364213,0.0136426,-0.0121017,0.2,0.35,0.242,0.35
8182,0,0,0,0.3,0,5.73014e-06,1.99908,-1.34005e-05,-0.000990871,0.000591679,-0.000479973,0.999999,0.000373141,0.223617,-0.000838096,-0.0316324,0.0135668,-0.00755076,0.386,0.222,0.36,0.172
8183,0,0,0,0.3,0,6.11943e-06,1.99931,-1.42721e-05,-0.00100508,0.000598377,-0.000482474,0.999999,0.000389295,0.230613,-0.000871625,-0.025824,0.0130587,-0.00309287,0.218,0.316,0.278,0.33
8184,0,0,0,0.3,0,6.52493e-06,1.99955,-1.51777e-05,-0.00101653,0.000604675,-0.000482956,0.999999,0.0004055,0.237606,-0.000905584,-0.0208213,0.0124675,0.00060147,0.306,0.294,0.288,0.252
8185,0,0,0,0.3,0,6.94663e-06,1.9998,-1.61176e-05,-0.00102556,0.000610945,-0.000481702,0.999999,0.000421692,0.244597,-0.000939889,-0.0157107,0.0124908,0.00393375,0.306,0.252,0.338,0.244
8186,0,0,0,0.3,0,7.38445e-06,2.00005,-1.70921e-05,-0.00103197,0.000616959,-0.000478985,0.999999,0.000437818,0.251587,-0.000974455,-0.0108095,0.0117235,0.00642905,0.216,0.35,0.238,0.338
8187,0,0,0,0.3,0,7.83828e-06,2.00031,-1.81013e-05,-0.00103636,0.000622837,-0.000475245,0.999999,0.000453834,0.258575,-0.0010092,-0.00716827,0.01187,0.00824675,0.378,0.216,0.368,0.178
8188,0,0,0,0.3,0,8.30799e-06,2.00057,-1.91453e-05,-0.00103884,0.000628639,-0.000470719,0.999999,0.00046971,0.26556,-0.00104406,-0.00336801,0.0112584,0.00952513,0.19,0.344,0.248,0.356
8189,0,0,0,0.3,0,8.79341e-06,2.00084,-2.02243e-05,-0.0010399,0.000634147,-0.000465808,0.999999,0.000485423,0.272542,-0.00107897,-0.00134006,0.0110564,0.00997049,0.352,0.256,0.324,0.206
8190,0,0,0,0.3,0,9.29438e-06,2.00112,-2.13382e-05,-0.00104003,0.000639697,-0.00046076,0.999999,0.000500967,0.279522,-0.0011139,0.000665596,0.0109606,0.0100947,0.254,0.284,0.308,0.294
8191,0,0,0,0.3,0,9.81072e-06,2.00141,-2.2487e-05,-0.00103933,0.000644947,-0.00045587,0.999999,0.000516339,0.286499,-0.00114882,0.00167511,0.0102977,0.00939611,0.254,0.328,0.258,0.302
8192,0,0,0,0.3,0,1.03423e-05,2.0017,-2.36707e-05,-0.00103848,0.000650163,-0.000451467,0.999999,0.00053155,0.293472,-0.0011837,0.00184188,0.010508,0.00829762,0.346,0.226,0.36,0.206
8193,0,0,0,0.3,0,1.08889e-05,2.002,-2.48893e-05,-0.00103747,0.000655225,-0.000447751,0.999999,0.00054662,0.300443,-0.00121854,0.00194917,0.00974962,0.00659658,0.192,0.358,0.232,0.356
8194,0,0,0,0.3,0,1.14505e-05,2.00231,-2.61426e-05,-0.00103691,0.000660027,-0.000445106,0.999999,0.000561577,0.30741,-0.00125335,0.000419962,0.00966073,0.0042214,0.386,0.228,0.354,0.172
8195,0,0,0,0.3,0,1.20269e-05,2.00263,-2.74307e-05,-0.00103706,0.000664794,-0.000443724,0.999999,0.000576461,0.314376,-0.00128814,-0.000825674,0.00923183,0.00152185,0.226,0.32,0.274,0.32
8196,0,0,0,0.3,0,1.26182e-05,2.00295,-2.87537e-05,-0.00103812,0.000669205,-0.000443895,0.999999,0.000591318,0.321338,-0.00132294,-0.00340057,0.00870613,-0.0018596,0.32,0.296,0.286,0.238
8197,0,0,0,0.3,0,1.32244e-05,2.00328,-3.01115e-05,-0.00104063,0.000673617,-0.00044577,0.999999,0.000606203,0.328299,-0.0013578,-0.00608446,0.00878476,-0.00520307,0.32,0.254,0.336,0.228
8198,0,0,0,0.3,0,1.38456e-05,2.00361,-3.15042e-05,-0.00104438,0.000677784,-0.000449343,0.999999,0.000621173,0.335257,-0.00139275,-0.00879651,0.00801892,-0.00870181,0.234,0.348,0.24,0.318
8199,0,0,0,0.3,0,1.44819e-05,2.00395,-3.29321e-05,-0.00104977,0.000681848,-0.000454636,0.999999,0.000636287,0.342212,-0.00142785,-0.0122245,0.00827633,-0.0119423,0.396,0.216,0.368,0.16
8200,0,0,0,0.3,0,1.51335e-05,2.0043,-3.43952e-05,-0.00105659,0.000685903,-0.000461383,0.999999,0.000651597,0.349166,-0.00146315,-0.0147278,0.00781345,-0.014681,0.214,0.344,0.248,0.334
8201,0,0,0,0.3,0,1.58007e-05,2.00466,-3.58939e-05,-0.00106486,0.000689757,-0.000469452,0.999999,0.00066715,0.356116,-0.00149869,-0.0180469,0.00783852,-0.0171764,0.376,0.256,0.324,0.184
8202,0,0,0,0.3,0,1.64836e-05,2.00502,-3.74285e-05,-0.00107459,0.000693777,-0.000478559,0.999999,0.000682988,0.363065,-0.00153452,-0.0203391,0.00798691,-0.0189301,0.28,0.286,0.306,0.268
8203,0,0,0,0.3,0,1.71828e-05,2.00539,-3.89991e-05,-0.00108533,0.000697648,-0.000488451,0.999999,0.000699141,0.370011,-0.00157069,-0.0225153,0.00767671,-0.0203864,0.28,0.33,0.256,0.274
8204,0,0,0,0.3,0,1.78984e-05,2.00577,-4.06064e-05,-0.00109718,0.000701665,-0.000498882,0.999999,0.000715632,0.376956,-0.00160724,-0.0243832,0.00825005,-0.0210687,0.368,0.228,0.36,0.182
8205,0,0,0,0.3,0,1.86309e-05,2.00615,-4.22506e-05,-0.00110957,0.000705702,-0.000509451,0.999999,0.000732472,0.383899,-0.00164418,-0.0251666,0.00781619,-0.0211347,0.214,0.352,0.24,0.334
8206,0,0,0,0.3,0,1.93806e-05,2.00654,-4.39321e-05,-0.00112254,0.000709625,-0.000519919,0.999999,0.000749662,0.390838,-0.00168154,-0.0264636,0.00799582,-0.0206142,0.4,0.224,0.358,0.158
8207,0,0,0,0.3,0,2.01477e-05,2.00694,-4.56514e-05,-0.0011358,0.000713571,-0.00052986,0.999999,0.000767193,0.397775,-0.00171934,-0.0264255,0.00754916,-0.0192332,0.234,0.312,0.28,0.312
8208,0,0,0,0.3,0,2.09328e-05,2.00735,-4.7409e-05,-0.00114904,0.00071712,-0.000539046,0.999999,0.000785042,0.404709,-0.00175757,-0.0266766,0.00693125,-0.0176284,0.324,0.29,0.292,0.232
8209,0,0,0,0.3,0,2.1736e-05,2.00776,-4.92052e-05,-0.00116231,0.000720626,-0.000547268,0.999999,0.000803181,0.411639,-0.00179624,-0.0261296,0.00694281,-0.0154248,0.322,0.25,0.34,0.228
8210,0,0,0,0.3,0,2.25575e-05,2.00818,-5.10406e-05,-0.00117499,0.000723876,-0.000554344,0.999999,0.000821575,0.418567,-0.00183534,-0.0249263,0.00619065,-0.0131734,0.23,0.348,0.24,0.322
8211,0,0,0,0.3,0,2.33977e-05,2.0086,-5.29154e-05,-0.00118723,0.000727019,-0.00056028,0.999999,0.000840185,0.425491,-0.00187485,-0.0239402,0.00643532,-0.0107628,0.388,0.216,0.368,0.168
8212,0,0,0,0.3,0,2.42567e-05,2.00903,-5.48302e-05,-0.00119859,0.000730128,-0.000564917,0.999999,0.000858972,0.432412,-0.00191475,-0.0217586,0.00587798,-0.00813199,0.204,0.342,0.252,0.342
8213,0,0,0,0.3,0,2.51346e-05,2.00947,-5.67852e-05,-0.00120906,0.000732958,-0.000568303,0.999999,0.000877891,0.43933,-0.00195501,-0.0204081,0.00571223,-0.00567513,0.364,0.254,0.328,0.194
8214,0,0,0,0.3,0,2.60315e-05,2.00992,-5.87808e-05,-0.00121873,0.000735832,-0.000570389,0.999999,0.000896901,0.446246,-0.0019956,-0.0183173,0.0055643,-0.00298881,0.268,0.282,0.312,0.278
8215,0,0,0,0.3,0,2.69475e-05,2.01037,-6.08173e-05,-0.00122732,0.000738374,-0.000571213,0.999999,0.000915959,0.45316,-0.00203649,-0.016514,0.00486525,-0.000650987,0.268,0.318,0.266,0.286
8216,0,0,0,0.3,0,2.78825e-05,2.01083,-6.28949e-05,-0.00123517,0.000740857,-0.000570892,0.999999,0.000935023,0.460069,-0.00207765,-0.0148701,0.00501559,0.00168673,0.354,0.222,0.366,0.198
8217,0,0,0,0.3,0,2.88365e-05,2.0113,-6.5014e-05,-0.00124194,0.000743173,-0.000569434,0.999999,0.000954057,0.466977,-0.00211905,-0.0126174,0.0043083,0.00378368,0.198,0.352,0.238,0.352
8218,0,0,0,0.3,0,2.98096e-05,2.01177,-6.71746e-05,-0.00124788,0.000745307,-0.000567072,0.999999,0.000973024,0.473883,-0.00216066,-0.0112804,0.00442457,0.00545883,0.382,0.224,0.358,0.176
8219,0,0,0,0.3,0,3.08015e-05,2.01225,-6.93771e-05,-0.00125293,0.000747493,-0.00056391,0.999999,0.000991898,0.480786,-0.00220246,-0.00906125,0.00414061,0.0069113,0.218,0.318,0.276,0.328
8220,0,0,0,0.3,0,3.18121e-05,2.01274,-7.16215e-05,-0.00125704,0.000749414,-0.000560237,0.999999,0.00101066,0.487687,-0.00224439,-0.0077615,0.00383444,0.00761148,0.312,0.292,0.29,0.246
8221,0,0,0,0.3,0,3.28414e-05,2.01324,-7.39079e-05,-0.00126059,0.000751439,-0.000556295,0.999999,0.00102928,0.494586,-0.00228645,-0.00640703,0.00409551,0.00806724,0.308,0.25,0.34,0.24
8222,0,0,0,0.3,0,3.38892e-05,2.01374,-7.62366e-05,-0.00126339,0.000753311,-0.000552276,0.999999,0.00104777,0.501481,-0.00232861,-0.00521219,0.00354155,0.00789912,0.226,0.346,0.242,0.326
8223,0,0,0,0.3,0,3.49553e-05,2.01425,-7.86074e-05,-0.00126597,0.000755176,-0.00054848,0.999999,0.00106612,0.508372,-0.00237085,-0.00500307,0.00395439,0.00735812,0.38,0.214,0.37,0.174
8224,0,0,0,0.3,0,3.60396e-05,2.01476,-8.10206e-05,-0.00126824,0.000757068,-0.000545,0.999999,0.00108435,0.51526,-0.00241316,-0.00424397,0.00351772,0.00654895,0.2,0.344,0.248,0.348
8225,0,0,0,0.3,0,3.71421e-05,2.01528,-8.34761e-05,-0.00127046,0.000758765,-0.000542096,0.999999,0.00110246,0.522145,-0.00245553,-0.00472607,0.00353232,0.00520863,0.364,0.254,0.326,0.194
8226,0,0,0,0.3,0,3.82626e-05,2.01581,-8.59741e-05,-0.00127287,0.000760612,-0.000539868,0.999999,0.00112048,0.529027,-0.00249798,-0.00471876,0.00363101,0.00383566,0.266,0.286,0.308,0.282
8227,0,0,0,0.3,0,3.9401e-05,2.01635,-8.85146e-05,-0.00127531,0.000762262,-0.000538452,0.999999,0.00113844,0.535907,-0.0025405,-0.00522979,0.0031946,0.00199016,0.268,0.322,0.262,0.286
8228,0,0,0,0.3,0,4.05574e-05,2.01689,-9.10977e-05,-0.0012782,0.000763998,-0.000537974,0.999999,0.00115636,0.542783,-0.0025831,-0.00601912,0.00364618,0.000200245,0.356,0.226,0.362,0.196
8229,0,0,0,0.3,0,4.17316e-05,2.01744,-9.37235e-05,-0.00128124,0.000765704,-0.000538375,0.999999,0.00117427,0.549657,-0.00262579,-0.00629149,0.00316097,-0.00164375,0.21,0.352,0.238,0.34
8230,0,0,0,0.3,0,4.29239e-05,2.018,-9.6392e-05,-0.00128475,0.000767307,-0.000539765,0.999999,0.00119221,0.556529,-0.00266858,-0.00755111,0.00338651,-0.00361652,0.394,0.226,0.356,0.164
8231,0,0,0,0.3,0,4.41341e-05,2.01856,-9.91035e-05,-0.00128865,0.000768988,-0.000542071,0.999999,0.0012102,0.563397,-0.00271148,-0.0079194,0.00314831,-0.00540396,0.228,0.322,0.272,0.318
8232,0,0,0,0.3,0,4.53623e-05,2.01913,-0.000101858,-0.00129286,0.000770441,-0.000545335,0.999999,0.00122828,0.570262,-0.00275451,-0.00897331,0.00292001,-0.00738702,0.326,0.292,0.29,0.232
8233,0,0,0,0.3,0,4.66088e-05,2.01971,-0.000104656,-0.00129758,0.00077203,-0.000549489,0.999999,0.00124648,0.577124,-0.00279768,-0.00958672,0.00322015,-0.00894904,0.318,0.256,0.336,0.232
8234,0,0,0,0.3,0,4.78737e-05,2.02029,-0.000107497,-0.00130243,0.000773483,-0.000554373,0.999999,0.00126483,0.583984,-0.00284101,-0.0099695,0.00270914,-0.0104077,0.236,0.35,0.238,0.316
8235,0,0,0,0.3,0,4.9157e-05,2.02088,-0.000110381,-0.00130771,0.000774968,-0.000559915,0.999999,0.00128334,0.590841,-0.00288449,-0.0108912,0.00322164,-0.0114865,0.39,0.22,0.364,0.166
8236,0,0,0,0.3,0,5.0459e-05,2.02148,-0.000113309,-0.00131314,0.000776543,-0.00056583,0.999999,0.00130204,0.597695,-0.00292815,-0.0108609,0.00292433,-0.0120824,0.208,0.346,0.248,0.338
8237,0,0,0,0.3,0,5.178e-05,2.02209,-0.000116281,-0.00131879,0.000777989,-0.000572011,0.999999,0.00132094,0.604547,-0.00297198,-0.0117401,0.00305476,-0.0124828,0.374,0.256,0.326,0.184
8238,0,0,0,0.3,0,5.312e-05,2.0227,-0.000119297,-0.00132474,0.000779615,-0.0005782,0.999999,0.00134005,0.611395,-0.00301599,-0.0118558,0.0031623,-0.0122214,0.27,0.286,0.306,0.276
8239,0,0,0,0.3,0,5.44794e-05,2.02332,-0.000122358,-0.00133071,0.000781022,-0.000584211,0.999999,0.00135935,0.618242,-0.0030602,-0.0122212,0.00267137,-0.0118415,0.28,0.32,0.264,0.276
8240,0,0,0,0.3,0,5.58582e-05,2.02394,-0.000125462,-0.00133698,0.000782478,-0.000589908,0.999999,0.00137885,0.625086,-0.00310461,-0.0125717,0.00304171,-0.0109251,0.36,0.228,0.36,0.192
8241,0,0,0,0.3,0,5.72568e-05,2.02457,-0.000128611,-0.00134312,0.000783861,-0.000595029,0.999999,0.00139853,0.631928,-0.00314921,-0.0121628,0.00248059,-0.00971729,0.208,0.352,0.238,0.34
8242,0,0,0,0.3,0,5.86751e-05,2.02521,-0.000131805,-0.00134929,0.000785146,-0.000599536,0.999999,0.00141836,0.638766,-0.00319401,-0.0124322,0.00279388,-0.00837362,0.396,0.222,0.36,0.162
8243,0,0,0,0.3,0,6.01134e-05,2.02586,-0.000135044,-0.00135529,0.000786562,-0.000603246,0.999999,0.00143833,0.6456,-0.00323901,-0.0115611,0.00264232,-0.00667898,0.222,0.318,0.276,0.324
8244,0,0,0,0.3,0,6.15718e-05,2.02651,-0.000138329,-0.00136096,0.000787766,-0.000606172,0.999999,0.0014584,0.652432,-0.00328419,-0.0112932,0.00241581,-0.00520255,0.318,0.29,0.292,0.24
8245,0,0,0,0.3,0,6.30504e-05,2.02717,-0.000141658,-0.00136644,0.000789083,-0.0006083,0.999999,0.00147856,0.65926,-0.00332954,-0.0104882,0.00264472,-0.00348015,0.31,0.252,0.338,0.24
8246,0,0,0,0.3,0,6.45492e-05,2.02783,-0.000145033,-0.00137133,0.000790221,-0.000609613,0.999999,0.00149877,0.666087,-0.00337507,-0.00941639,0.0020415,-0.00203474,0.232,0.34,0.246,0.32
8247,0,0,0,0.3,0,6.60682e-05,2.02851,-0.000148454,-0.00137595,0.000791332,-0.000610283,0.999999,0.00151901,0.67291,-0.00342074,-0.00897616,0.00244698,-0.000765555,0.386,0.212,0.374,0.168
8248,0,0,0,0.3,0,6.76074e-05,2.02919,-0.00015192,-0.00138009,0.000792505,-0.000610328,0.999999,0.00153926,0.679731,-0.00346656,-0.00778832,0.00214083,0.000358306,0.2,0.344,0.25,0.346
8249,0,0,0,0.3,0,6.91669e-05,2.02987,-0.000155433,-0.00138392,0.000793572,-0.000609964,0.999999,0.0015595,0.686549,-0.00351249,-0.00761176,0.00234715,0.00100763,0.366,0.254,0.328,0.192
8250,0,0,0,0.3,0,7.07467e-05,2.03057,-0.000158991,-0.0013875,0.000794845,-0.000609276,0.999999,0.00157973,0.693364,-0.00355855,-0.00662616,0.00248085,0.00163485,0.262,0.288,0.304,0.286
8251,0,0,0,0.3,0,7.23466e-05,2.03127,-0.000162596,-0.00139056,0.000795908,-0.000608408,0.999999,0.00159992,0.700176,-0.0036047,-0.00593597,0.00200283,0.00175582,0.274,0.322,0.262,0.282
8252,0,0,0,0.3,0,7.39667e-05,2.03197,-0.000166247,-0.00139344,0.00079702,-0.000607505,0.999999,0.00162008,0.706986,-0.00365095,-0.00540778,0.00234988,0.00189197,0.352,0.228,0.36,0.2
8253,0,0,0,0.3,0,7.56069e-05,2.03269,-0.000169944,-0.00139583,0.000798041,-0.000606534,0.999999,0.0016402,0.713794,-0.00369728,-0.00443529,0.00174523,0.00191439,0.202,0.35,0.24,0.348
8254,0,0,0,0.3,0,7.72672e-05,2.03341,-0.000173688,-0.00139807,0.000798931,-0.000605622,0.999999,0.00166029,0.720598,-0.00374368,-0.0044961,0.00197854,0.00179885,0.39,0.222,0.36,0.168
8255,0,0,0,0.3,0,7.89475e-05,2.03414,-0.000177478,-0.00140013,0.000799922,-0.000604712,0.999999,0.00168034,0.727401,-0.00379014,-0.0037444,0.00179156,0.00178995,0.224,0.322,0.272,0.322
8256,0,0,0,0.3,0,8.06479e-05,2.03487,-0.000181315,-0.00140198,0.000800712,-0.000603944,0.999999,0.00170037,0.7342,-0.00383666,-0.00387214,0.00163318,0.00130082,0.322,0.29,0.292,0.234
8257,0,0,0,0.3,0,8.23682e-05,2.03561,-0.000185198,-0.00140393,0.000801651,-0.00060343,0.999999,0.00172036,0.740997,-0.00388323,-0.00368862,0.00190854,0.000820245,0.306,0.252,0.338,0.242
8258,0,0,0,0.3,0,8.41086e-05,2.03636,-0.000189128,-0.00140564,0.000802417,-0.000603223,0.999999,0.00174034,0.747791,-0.00392985,-0.00341099,0.0012805,3.89178e-05,0.232,0.342,0.244,0.32
8259,0,0,0,0.3,0,8.58689e-05,2.03711,-0.000193104,-0.00140748,0.000803116,-0.000603437,0.999999,0.00176032,0.754581,-0.00397653,-0.00377775,0.00153942,-0.000738569,0.384,0.216,0.368,0.17
8260,0,0,0,0.3,0,8.76492e-05,2.03787,-0.000197128,-0.00140925,0.000803766,-0.000604014,0.999999,0.0017803,0.76137,-0.00402325,-0.00338272,0.000976223,-0.00154232,0.204,0.346,0.248,0.344
8261,0,0,0,0.3,0,8.94495e-05,2.03864,-0.000201198,-0.0014111,0.000804187,-0.000605112,0.999999,0.00180031,0.768155,-0.00407003,-0.00402536,0.00095037,-0.00269373,0.37,0.252,0.33,0.188
8262,0,0,0,0.3,0,9.12699e-05,2.03942,-0.000205315,-0.00141313,0.00080471,-0.000606736,0.999999,0.00182035,0.774938,-0.00411686,-0.00393384,0.000902044,-0.00368005,0.262,0.29,0.302,0.284
8263,0,0,0,0.3,0,9.31103e-05,2.0402,-0.000209478,-0.00141511,0.000804963,-0.000608922,0.999998,0.00184046,0.781718,-0.00416375,-0.00419135,0.000334519,-0.00493671,0.282,0.318,0.266,0.274
8264,0,0,0,0.3,0,9.49709e-05,2.04099,-0.000213689,-0.00141736,0.00080521,-0.000611699,0.999998,0.00186064,0.788495,-0.0042107,-0.00452329,0.000542595,-0.00596068,0.354,0.23,0.358,0.198
8265,0,0,0,0.3,0,9.68519e-05,2.04178,-0.000217947,-0.00141952,0.000805309,-0.00061494,0.999998,0.00188092,0.795269,-0.00425771,-0.00430232,-0.000111704,-0.00691683,0.21,0.358,0.234,0.338
8266,0,0,0,0.3,0,9.87532e-05,2.04259,-0.000222252,-0.00142185,0.000805295,-0.000618669,0.999998,0.0019013,0.80204,-0.00430479,-0.00489357,0.000178823,-0.00779885,0.396,0.226,0.356,0.16
8267,0,0,0,0.3,0,0.000100675,2.04339,-0.000226604,-0.0014242,0.000805382,-0.000622718,0.999998,0.00192181,0.808808,-0.00435194,-0.00448085,-7.32074e-05,-0.00832062,0.224,0.324,0.27,0.32
8268,0,0,0,0.3,0,0.000102617,2.04421,-0.000231003,-0.00142649,0.000805193,-0.000627046,0.999998,0.00194246,0.815573,-0.00439915,-0.00482776,-0.000441649,-0.00886885,0.33,0.288,0.294,0.228
8269,0,0,0,0.3,0,0.000104581,2.04503,-0.000235449,-0.00142894,0.000805021,-0.000631504,0.999998,0.00196325,0.822334,-0.00444644,-0.00474717,-0.000453026,-0.00886924,0.31,0.258,0.334,0.238
8270,0,0,0,0.3,0,0.000106565,2.04586,-0.000239943,-0.00143118,0.000804549,-0.000635906,0.999998,0.00198418,0.829094,-0.00449379,-0.0044888,-0.00126174,-0.00875941,0.238,0.346,0.242,0.316
8271,0,0,0,0.3,0,0.00010857,2.0467,-0.000244484,-0.00143353,0.000803971,-0.0006402,0.999998,0.00200525,0.83585,-0.00454121,-0.00470733,-0.0010444,-0.00835362,0.384,0.222,0.364,0.17
8272,0,0,0,0.3,0,0.000110597,2.04754,-0.000249073,-0.00143568,0.000803325,-0.000644178,0.999998,0.00202646,0.842604,-0.0045887,-0.00402779,-0.00163673,-0.00765715,0.2,0.35,0.242,0.348
8273,0,0,0,0.3,0,0.000112644,2.04839,-0.000253709,-0.00143775,0.000802434,-0.000647837,0.999998,0.00204779,0.849355,-0.00463625,-0.00431147,-0.00169632,-0.00698992,0.37,0.248,0.334,0.188
8274,0,0,0,0.3,0,0.000114714,2.04924,-0.000258393,-0.00143983,0.000801631,-0.000651037,0.999998,0.00206923,0.856104,-0.00468386,-0.00388585,-0.00175064,-0.00589657,0.26,0.29,0.304,0.286
8275,0,0,0,0.3,0,0.000116804,2.05011,-0.000263124,-0.00144173,0.000800594,-0.000653713,0.999998,0.00209076,0.862849,-0.00473152,-0.00398538,-0.00217051,-0.00493806,0.284,0.318,0.264,0.272
8276,0,0,0,0.3,0,0.000118917,2.05098,-0.000267904,-0.00144386,0.000799658,-0.000655882,0.999998,0.00211238,0.869592,-0.00477924,-0.00426073,-0.00170996,-0.00381178,0.354,0.232,0.354,0.198
8277,0,0,0,0.3,0,0.000121051,2.05185,-0.000272731,-0.00144588,0.000798685,-0.000657486,0.999998,0.00213405,0.876332,-0.00482702,-0.00402607,-0.00217186,-0.00278087,0.212,0.354,0.236,0.338
8278,0,0,0,0.3,0,0.000123207,2.05274,-0.000277606,-0.00144808,0.000797703,-0.000658618,0.999998,0.00215576,0.883069,-0.00487487,-0.00462118,-0.00162317,-0.00178505,0.392,0.222,0.36,0.166
8279,0,0,0,0.3,0,0.000125384,2.05363,-0.000282528,-0.0014503,0.000796985,-0.000659147,0.999998,0.0021775,0.889804,-0.00492277,-0.00423727,-0.00150545,-0.000488385,0.214,0.324,0.268,0.332
8280,0,0,0,0.3,0,0.000127583,2.05452,-0.000287499,-0.00145248,0.000796206,-0.000659074,0.999998,0.00219924,0.896535,-0.00497074,-0.0046033,-0.00139214,0.000664156,0.328,0.282,0.3,0.232
8281,0,0,0,0.3,0,0.000129804,2.05543,-0.000292518,-0.00145483,0.000795694,-0.000658347,0.999998,0.00222097,0.903263,-0.00501878,-0.00452818,-0.000898352,0.00210725,0.302,0.254,0.336,0.246
8282,0,0,0,0.3,0,0.000132047,2.05634,-0.000297585,-0.00145701,0.000795135,-0.000656951,0.999998,0.00224266,0.909987,-0.00506687,-0.0044575,-0.00121343,0.00325818,0.238,0.34,0.248,0.316
8283,0,0,0,0.3,0,0.000134311,2.05725,-0.0003027,-0.00145943,0.000794687,-0.000655053,0.999998,0.00226429,0.916709,-0.00511503,-0.0049943,-0.000598113,0.00425048,0.382,0.214,0.372,0.172
8284,0,0,0,0.3,0,0.000136597,2.05818,-0.000307863,-0.00146184,0.00079433,-0.000652682,0.999998,0.00228584,0.923428,-0.00516327,-0.00471644,-0.000942964,0.005042,0.2,0.346,0.246,0.346
8285,0,0,0,0.3,0,0.000138904,2.05911,-0.000313075,-0.00146437,0.000793837,-0.000650071,0.999998,0.00230731,0.930144,-0.00521157,-0.00538512,-0.000799164,0.00536156,0.372,0.242,0.338,0.188
8286,0,0,0,0.3,0,0.000141233,2.06004,-0.000318335,-0.00146706,0.000793512,-0.000647292,0.999998,0.00232869,0.936858,-0.00525996,-0.00519385,-0.000717875,0.0056915,0.254,0.286,0.306,0.292
8287,0,0,0,0.3,0,0.000143583,2.06099,-0.000323643,-0.00146965,0.000793017,-0.000644465,0.999998,0.00234996,0.943569,-0.00530842,-0.00535719,-0.00102904,0.00557734,0.28,0.312,0.27,0.276
8288,0,0,0,0.3,0,0.000145954,2.06194,-0.000329,-0.00147244,0.000792654,-0.000641729,0.999998,0.00237115,0.950277,-0.00535696,-0.00549789,-0.000537259,0.00541216,0.348,0.228,0.358,0.206
8289,0,0,0,0.3,0,0.000148346,2.06289,-0.000334405,-0.00147502,0.000792275,-0.000639146,0.999998,0.00239223,0.956981,-0.00540558,-0.00503627,-0.000955297,0.00487835,0.208,0.352,0.238,0.342
8290,0,0,0,0.3,0,0.00015076,2.06386,-0.00033986,-0.00147764,0.00079189,-0.000636967,0.999998,0.00241324,0.963682,-0.00545427,-0.00534522,-0.000450612,0.00397353,0.394,0.22,0.362,0.164
8291,0,0,0,0.3,0,0.000153194,2.06483,-0.000345363,-0.00148014,0.000791736,-0.000635238,0.999998,0.00243417,0.97038,-0.00550304,-0.00465893,-0.000377542,0.00300488,0.222,0.326,0.266,0.326
8292,0,0,0,0.3,0,0.000155649,2.06581,-0.000350915,-0.00148246,0.000791526,-0.000634128,0.999998,0.00245505,0.977075,-0.00555188,-0.00477829,-0.000237284,0.00159104,0.336,0.282,0.3,0.224
8293,0,0,0,0.3,0,0.000158125,2.06679,-0.000356515,-0.00148482,0.0007916,-0.000633696,0.999998,0.0024759,0.983768,-0.00560078,-0.00443257,0.000291258,0.00032973,0.302,0.26,0.332,0.246
8294,0,0,0,0.3,0,0.000160621,2.06778,-0.000362165,-0.00148686,0.000791665,-0.000633921,0.999998,0.00249674,0.990458,-0.00564975,-0.00399808,7.5882e-05,-0.00108664,0.244,0.342,0.244,0.31
8295,0,0,0,0.3,0,0.000163139,2.06878,-0.000367864,-0.0014889,0.000791893,-0.000634832,0.999998,0.00251759,0.997144,-0.00569878,-0.00401542,0.000777622,-0.00231105,0.38,0.224,0.362,0.174
8296,0,0,0,0.3,0,0.000165678,2.06978,-0.000373612,-0.00149066,0.000792242,-0.000636272,0.999998,0.00253847,1.00383,-0.00574785,-0.00317605,0.000476304,-0.00334964,0.202,0.352,0.24,0.346
8297,0,0,0,0.3,0,0.000168237,2.07079,-0.000379409,-0.00149227,0.000792505,-0.000638261,0.999998,0.00255941,1.01051,-0.00579698,-0.0032992,0.000771589,-0.00439862,0.378,0.244,0.336,0.182
8298,0,0,0,0.3,0,0.000170817,2.07181,-0.000385255,-0.00149379,0.000793012,-0.000640627,0.999998,0.00258042,1.01719,-0.00584615,-0.00271019,0.000972666,-0.00495307,0.254,0.294,0.3,0.292
8299,0,0,0,0.3,0,0.000173419,2.07283,-0.00039115,-0.00149508,0.000793401,-0.000643268,0.999998,0.0026015,1.02386,-0.00589535,-0.00271374,0.000774372,-0.00553561,0.29,0.314,0.27,0.266
8300,0,0,0,0.3,0,0.000176042,2.07386,-0.000397095,-0.00149652,0.000793959,-0.000646118,0.999998,0.00262267,1.03053,-0.00594459,-0.00280516,0.00126552,-0.00575145,0.35,0.234,0.356,0.202
8301,0,0,0,0.3,0,0.000178685,2.0749,-0.000403089,-0.00149777,0.000794446,-0.00064903,0.999998,0.00264393,1.0372,-0.00599386,-0.00242051,0.000697244,-0.0059179,0.214,0.352,0.238,0.336
8302,0,0,0,0.3,0,0.000181351,2.07594,-0.000409132,-0.0014991,0.000794847,-0.000652037,0.999998,0.00266528,1.04387,-0.00604317,-0.00280201,0.000998435,-0.00600975,0.392,0.222,0.36,0.164
8303,0,0,0,0.3,0,0.000184037,2.07699,-0.000415224,-0.00150034,0.000795315,-0.000654969,0.999998,0.00268673,1.05053,-0.00609252,-0.00213839,0.000666808,-0.00575933,0.214,0.334,0.26,0.332
8304,0,0,0,0.3,0,0.000186746,2.07805,-0.000421366,-0.00150138,0.000795516,-0.000657821,0.999998,0.00270827,1.0572,-0.00614189,-0.00220811,0.000389191,-0.00564393,0.34,0.284,0.298,0.216
8305,0,0,0,0.3,0,0.000189476,2.07911,-0.000427558,-0.00150242,0.00079576,-0.00066053,0.999998,0.0027299,1.06386,-0.00619129,-0.00178468,0.000353645,-0.00520354,0.3,0.264,0.328,0.248
8306,0,0,0,0.3,0,0.000192227,2.08018,-0.000433798,-0.00150316,0.000795665,-0.000663027,0.999998,0.00275161,1.07051,-0.00624071,-0.00147055,-0.00054268,-0.00485588,0.244,0.34,0.248,0.308
8307,0,0,0,0.3,0,0.000195001,2.08126,-0.000440089,-0.00150401,0.000795413,-0.000665302,0.999998,0.0027734,1.07717,-0.00629015,-0.00174209,-0.000453504,-0.00421349,0.378,0.22,0.366,0.174
8308,0,0,0,0.3,0,0.000197796,2.08235,-0.000446428,-0.00150473,0.000795008,-0.000667146,0.999998,0.00279525,1.08382,-0.00633959,-0.00127411,-0.00123751,-0.00330587,0.198,0.352,0.24,0.348
8309,0,0,0,0.3,0,0.000200613,2.08344,-0.000452817,-0.0015055,0.000794266,-0.00066858,0.999998,0.00281715,1.09047,-0.00638905,-0.00180324,-0.00148944,-0.00247939,0.378,0.244,0.338,0.18
8310,0,0,0,0.3,0,0.000203452,2.08453,-0.000459256,-0.00150636,0.000793472,-0.000669506,0.999998,0.00283909,1.09711,-0.00643853,-0.00153442,-0.00187344,-0.00135553,0.25,0.298,0.294,0.296
8311,0,0,0,0.3,0,0.000206313,2.08564,-0.000465744,-0.00150715,0.000792304,-0.000669932,0.999998,0.00286104,1.10375,-0.00648802,-0.0018247,-0.00250368,-0.000483332,0.29,0.312,0.272,0.266
8312,0,0,0,0.3,0,0.000209196,2.08675,-0.000472281,-0.00150822,0.000791144,-0.000669893,0.999998,0.00288299,1.11039,-0.00653753,-0.00218531,-0.00223538,0.000571217,0.34,0.232,0.356,0.212
8313,0,0,0,0.3,0,0.000212101,2.08786,-0.000478868,-0.00150926,0.000789869,-0.000669324,0.999998,0.00290493,1.11702,-0.00658706,-0.00216225,-0.00280001,0.0015287,0.21,0.35,0.238,0.342
8314,0,0,0,0.3,0,0.000215028,2.08899,-0.000485505,-0.00151058,0.000788542,-0.000668329,0.999998,0.00292684,1.12365,-0.00663662,-0.00296875,-0.00238043,0.0024044,0.392,0.216,0.364,0.166
8315,0,0,0,0.3,0,0.000217977,2.09012,-0.000492191,-0.00151204,0.000787389,-0.000666858,0.999998,0.00294871,1.13028,-0.00668622,-0.00284,-0.00242133,0.00330076,0.212,0.328,0.264,0.336
8316,0,0,0,0.3,0,0.000220947,2.09126,-0.000498927,-0.00151363,0.000786183,-0.000665094,0.999998,0.00297052,1.13691,-0.00673585,-0.00358022,-0.00215451,0.00367851,0.344,0.276,0.304,0.216
8317,0,0,0,0.3,0,0.000223939,2.0924,-0.000505713,-0.00151554,0.000785367,-0.000663149,0.999998,0.00299226,1.14353,-0.00678553,-0.0038084,-0.00137052,0.00405541,0.298,0.262,0.328,0.25
8318,0,0,0,0.3,0,0.000226953,2.09355,-0.000512548,-0.00151746,0.00078468,-0.000661117,0.999998,0.00301394,1.15015,-0.00683527,-0.0040724,-0.00126444,0.00400525,0.25,0.334,0.252,0.306
8319,0,0,0,0.3,0,0.000229989,2.09471,-0.000519433,-0.00151974,0.000784332,-0.000659147,0.999998,0.00303554,1.15676,-0.00688506,-0.00473901,-0.00022764,0.00395344,0.376,0.212,0.372,0.18
8320,0,0,0,0.3,0,0.000233046,2.09587,-0.000526368,-0.00152204,0.000784254,-0.000657154,0.999998,0.00305707,1.16338,-0.00693492,-0.00453536,-0.000217474,0.00396897,0.196,0.344,0.246,0.352
8321,0,0,0,0.3,0,0.000236124,2.09704,-0.000533353,-0.00152447,0.00078424,-0.000655226,0.999998,0.00307854,1.16999,-0.00698484,-0.00514191,0.000321032,0.00380138,0.378,0.236,0.344,0.182
8322,0,0,0,0.3,0,0.000239224,2.09822,-0.000540388,-0.00152698,0.000784543,-0.000653337,0.999998,0.00309993,1.1766,-0.00703484,-0.0047399,0.000620671,0.00372795,0.248,0.3,0.292,0.298
8323,0,0,0,0.3,0,0.000242346,2.0994,-0.000547472,-0.0015293,0.000784768,-0.000651636,0.999998,0.00312126,1.1832,-0.0070849,-0.00473711,0.000494843,0.00308141,0.296,0.31,0.274,0.262
8324,0,0,0,0.3,0,0.000245488,2.10059,-0.000554607,-0.00153169,0.000785193,-0.000650315,0.999998,0.00314254,1.1898,-0.00713503,-0.00459722,0.00102815,0.00231697,0.34,0.236,0.352,0.21
8325,0,0,0,0.3,0,0.000248652,2.10179,-0.000561793,-0.00153378,0.000785565,-0.000649424,0.999998,0.00316377,1.1964,-0.00718523,-0.00400101,0.000505958,0.00130909,0.216,0.352,0.236,0.334
8326,0,0,0,0.3,0,0.000251837,2.10299,-0.000569028,-0.00153585,0.000785887,-0.000649082,0.999998,0.00318498,1.203,-0.00723549,-0.00416035,0.000878744,0.000264835,0.394,0.218,0.366,0.164
8327,0,0,0,0.3,0,0.000255043,2.1042,-0.000576314,-0.00153772,0.000786285,-0.000649177,0.999998,0.00320618,1.20959,-0.0072858,-0.00333611,0.000526806,-0.000560393,0.212,0.332,0.26,0.334
8328,0,0,0,0.3,0,0.000258271,2.10541,-0.00058365,-0.00153935,0.00078643,-0.000649741,0.999998,0.00322739,1.21618,-0.00733616,-0.00334374,0.000309092,-0.00154559,0.348,0.272,0.31,0.21
8329,0,0,0,0.3,0,0.000261519,2.10664,-0.000591037,-0.00154092,0.000786661,-0.000650709,0.999998,0.00324861,1.22277,-0.00738656,-0.00278195,0.000400484,-0.00219904,0.294,0.268,0.324,0.254
8330,0,0,0,0.3,0,0.000264789,2.10787,-0.000598474,-0.00154211,0.000786676,-0.000652023,0.999998,0.00326987,1.22936,-0.00743699,-0.00225209,-0.000156425,-0.00299018,0.25,0.338,0.246,0.304
8331,0,0,0,0.3,0,0.00026808,2.1091,-0.000605961,-0.00154323,0.000786727,-0.000653708,0.999998,0.00329117,1.23594,-0.00748746,-0.00203918,0.000305841,-0.0035827,0.376,0.22,0.364,0.178
8332,0,0,0,0.3,0,0.000271393,2.11034,-0.000613499,-0.00154393,0.000786786,-0.000655607,0.999998,0.00331253,1.24252,-0.00753794,-0.000996665,-0.000167017,-0.00399334,0.204,0.352,0.24,0.344
8333,0,0,0,0.3,0,0.000274727,2.11159,-0.000621088,-0.0015444,0.000786701,-0.000657734,0.999998,0.00333394,1.24909,-0.00758843,-0.00093113,1.29176e-05,-0.00439288,0.384,0.238,0.342,0.174
8334,0,0,0,0.3,0,0.000278082,2.11285,-0.000628726,-0.00154466,0.00078677,-0.000659931,0.999998,0.00335543,1.25567,-0.00763892,-6.47515e-05,-6.8543e-06,-0.00437791,0.242,0.302,0.292,0.306
8335,0,0,0,0.3,0,0.000281459,2.11411,-0.000636416,-0.00154456,0.000786614,-0.000662143,0.999998,0.00337698,1.26224,-0.00768941,0.000209345,-0.000398605,-0.00445678,0.296,0.308,0.276,0.26
8336,0,0,0,0.3,0,0.000284858,2.11538,-0.000644156,-0.00154441,0.000786529,-0.000664311,0.999998,0.00339859,1.2688,-0.00773988,0.000556674,-0.000101733,-0.00417948,0.336,0.238,0.35,0.214
8337,0,0,0,0.3,0,0.000288278,2.11666,-0.000651946,-0.00154389,0.000786309,-0.000666325,0.999998,0.00342028,1.27537,-0.00779033,0.00123089,-0.000732912,-0.00397523,0.218,0.354,0.236,0.332
8338,0,0,0,0.3,0,0.00029172,2.11794,-0.000659787,-0.00154334,0.000785986,-0.000668289,0.999998,0.00344202,1.28193,-0.00784074,0.00107144,-0.000473171,-0.00384063,0.392,0.222,0.362,0.164
8339,0,0,0,0.3,0,0.000295184,2.11923,-0.000667678,-0.0015426,0.000785714,-0.000670126,0.999998,0.00346382,1.28849,-0.00789113,0.00180389,-0.000811221,-0.00357861,0.21,0.338,0.254,0.336
8340,0,0,0,0.3,0,0.00029867,2.12052,-0.00067562,-0.00154172,0.000785187,-0.000671902,0.999998,0.00348567,1.29504,-0.00794148,0.00159834,-0.00105346,-0.00350918,0.35,0.274,0.308,0.208
8341,0,0,0,0.3,0,0.000302177,2.12182,-0.000683611,-0.0015409,0.00078471,-0.000673547,0.999998,0.00350758,1.30159,-0.00799179,0.00184888,-0.00107482,-0.00307752,0.288,0.27,0.322,0.26
8342,0,0,0,0.3,0,0.000305707,2.12313,-0.000691653,-0.00153991,0.000783952,-0.00067498,0.999998,0.00352954,1.30814,-0.00804206,0.00184867,-0.00176189,-0.00272044,0.25,0.336,0.25,0.304
8343,0,0,0,0.3,0,0.000309258,2.12445,-0.000699746,-0.00153916,0.000783143,-0.000676184,0.999998,0.00355153,1.31469,-0.00809229,0.00136703,-0.00149634,-0.00207783,0.372,0.222,0.364,0.182
8344,0,0,0,0.3,0,0.000312832,2.12577,-0.000707888,-0.0015384,0.000782249,-0.00067699,0.999998,0.00357355,1.32123,-0.00814249,0.00153957,-0.00212147,-0.00129283,0.2,0.352,0.24,0.348
8345,0,0,0,0.3,0,0.000316427,2.12709,-0.000716081,-0.00153787,0.000781144,-0.000677466,0.999998,0.00359559,1.32777,-0.00819265,0.000648186,-0.00209615,-0.000641782,0.382,0.232,0.35,0.176
8346,0,0,0,0.3,0,0.000320045,2.12843,-0.000724324,-0.00153762,0.000780113,-0.00067754,0.999998,0.00361763,1.33431,-0.00824279,0.00051053,-0.0022435,0.000228251,0.24,0.302,0.29,0.306
8347,0,0,0,0.3,0,0.000323685,2.12977,-0.000732617,-0.00153753,0.000778827,-0.000677262,0.999998,0.00363967,1.34084,-0.00829291,-0.000279328,-0.00265094,0.000781377,0.304,0.302,0.28,0.254
8348,0,0,0,0.3,0,0.000327346,2.13112,-0.00074096,-0.00153791,0.000777614,-0.000676708,0.999998,0.00366169,1.34737,-0.00834302,-0.000927944,-0.00233754,0.0013864,0.334,0.238,0.35,0.216
8349,0,0,0,0.3,0,0.00033103,2.13247,-0.000749353,-0.0015384,0.000776299,-0.000675914,0.999998,0.00368368,1.3539,-0.00839313,-0.00118068,-0.00282347,0.0016738,0.22,0.348,0.24,0.332
8350,0,0,0,0.3,0,0.000334736,2.13383,-0.000757796,-0.00153928,0.00077502,-0.000675056,0.999998,0.00370564,1.36042,-0.00844326,-0.00207131,-0.00222785,0.0018055,0.392,0.214,0.368,0.166
8351,0,0,0,0.3,0,0.000338463,2.1352,-0.000766289,-0.00154028,0.000773934,-0.000674087,0.999998,0.00372756,1.36695,-0.0084934,-0.00189127,-0.00232405,0.00200466,0.204,0.334,0.258,0.342
8352,0,0,0,0.3,0,0.000342213,2.13657,-0.000774833,-0.00154136,0.000772752,-0.000673123,0.999998,0.00374945,1.37347,-0.00854357,-0.00246691,-0.00216321,0.00188239,0.35,0.262,0.318,0.21
8353,0,0,0,0.3,0,0.000345984,2.13795,-0.000783427,-0.00154261,0.000771838,-0.000672178,0.999998,0.0037713,1.37998,-0.00859377,-0.00232433,-0.00175449,0.0019048,0.282,0.266,0.324,0.266
8354,0,0,0,0.3,0,0.000349777,2.13934,-0.000792071,-0.00154371,0.000770868,-0.000671316,0.999998,0.00379312,1.3865,-0.008644,-0.00228716,-0.00195962,0.00151901,0.258,0.332,0.252,0.298
8355,0,0,0,0.3,0,0.000353592,2.14073,-0.000800765,-0.00154497,0.000770087,-0.000670703,0.999998,0.00381491,1.39301,-0.00869425,-0.00253109,-0.00126011,0.00103309,0.372,0.224,0.362,0.182
8356,0,0,0,0.3,0,0.000357429,2.14213,-0.00080951,-0.00154606,0.00076942,-0.000670365,0.999998,0.00383668,1.39952,-0.00874453,-0.00196903,-0.00149044,0.00031688,0.202,0.354,0.236,0.346
8357,0,0,0,0.3,0,0.000361287,2.14354,-0.000818304,-0.00154713,0.000768753,-0.000670501,0.999998,0.00385844,1.40602,-0.00879484,-0.00227995,-0.00103207,-0.000691681,0.386,0.234,0.346,0.172
8358,0,0,0,0.3,0,0.000365167,2.14495,-0.00082715,-0.00154814,0.00076833,-0.000671058,0.999998,0.0038802,1.41253,-0.00884517,-0.00170154,-0.000925195,-0.00143081,0.236,0.31,0.284,0.31
8359,0,0,0,0.3,0,0.000369069,2.14637,-0.000836045,-0.00154896,0.000767779,-0.000672025,0.999998,0.00390199,1.41903,-0.00889553,-0.00179921,-0.00106642,-0.00231988,0.308,0.304,0.278,0.248
8360,0,0,0,0.3,0,0.000372993,2.14779,-0.000844991,-0.00154991,0.000767401,-0.000673359,0.999998,0.00392381,1.42553,-0.0089459,-0.00177946,-0.000657752,-0.00287595,0.332,0.244,0.344,0.218
8361,0,0,0,0.3,0,0.000376939,2.14923,-0.000853987,-0.00155067,0.000766896,-0.000674949,0.999998,0.00394567,1.43202,-0.00899629,-0.00152225,-0.00129373,-0.0034494,0.226,0.348,0.238,0.326
8362,0,0,0,0.3,0,0.000380906,2.15066,-0.000863034,-0.0015516,0.000766296,-0.000676814,0.999998,0.00396758,1.43851,-0.00904669,-0.0020217,-0.00103498,-0.00384768,0.392,0.216,0.366,0.164
8363,0,0,0,0.3,0,0.000384896,2.15211,-0.000872131,-0.0015525,0.000765717,-0.00067874,0.999998,0.00398955,1.445,-0.00909711,-0.0015992,-0.00142205,-0.00385269,0.206,0.338,0.254,0.34
8364,0,0,0,0.3,0,0.000388907,2.15356,-0.000881279,-0.00155339,0.000764972,-0.000680686,0.999998,0.00401157,1.45149,-0.00914755,-0.00203335,-0.00132435,-0.00387133,0.358,0.26,0.32,0.2
8365,0,0,0,0.3,0,0.000392941,2.15502,-0.000890477,-0.00155438,0.000764465,-0.000682526,0.999998,0.00403366,1.45797,-0.00919801,-0.00176369,-0.000963984,-0.00349691,0.28,0.272,0.318,0.268
8366,0,0,0,0.3,0,0.000396997,2.15648,-0.000899725,-0.00155517,0.000763876,-0.000684209,0.999998,0.0040558,1.46445,-0.00924849,-0.00164824,-0.00124181,-0.00329837,0.262,0.328,0.256,0.294
8367,0,0,0,0.3,0,0.000401075,2.15795,-0.000909024,-0.00155607,0.000763434,-0.000685785,0.999998,0.00407798,1.47093,-0.00929898,-0.00171332,-0.000639364,-0.00297537,0.366,0.224,0.362,0.186
8368,0,0,0,0.3,0,0.000405175,2.15943,-0.000918374,-0.00155669,0.000763041,-0.000687175,0.999998,0.00410021,1.4774,-0.00934948,-0.000953032,-0.00100996,-0.00268622,0.202,0.356,0.234,0.348
8369,0,0,0,0.3,0,0.000409298,2.16092,-0.000927774,-0.00155719,0.000762586,-0.000688499,0.999998,0.00412247,1.48387,-0.00939998,-0.0010153,-0.000660192,-0.0025766,0.39,0.232,0.348,0.17
8370,0,0,0,0.3,0,0.000413442,2.16241,-0.000937224,-0.00155748,0.000762303,-0.000689696,0.999998,0.00414478,1.49034,-0.00945049,-0.000146444,-0.000717109,-0.0022623,0.234,0.312,0.28,0.314
8371,0,0,0,0.3,0,0.000417609,2.1639,-0.000946725,-0.00155746,0.000761839,-0.000690802,0.999998,0.00416711,1.4968,-0.00950099,-8.06827e-06,-0.000884864,-0.00217449,0.312,0.296,0.284,0.248
8372,0,0,0,0.3,0,0.000421799,2.16541,-0.000956276,-0.00155744,0.000761594,-0.000691793,0.999998,0.00418948,1.50326,-0.00955148,0.000254672,-0.000308128,-0.0017794,0.324,0.244,0.344,0.228
8373,0,0,0,0.3,0,0.000426011,2.16692,-0.000965878,-0.00155714,0.000761361,-0.000692576,0.999998,0.00421186,1.50971,-0.00960195,0.000683804,-0.000556559,-0.00144643,0.222,0.348,0.238,0.33
8374,0,0,0,0.3,0,0.000430245,2.16843,-0.000975531,-0.00155691,0.000761276,-0.000693211,0.999998,0.00423427,1.51617,-0.00965241,0.000387454,0.000214811,-0.00107448,0.39,0.212,0.368,0.168
8375,0,0,0,0.3,0,0.000434502,2.16995,-0.000985234,-0.00155655,0.00076144,-0.0006936,0.999998,0.00425669,1.52262,-0.00970284,0.000971461,0.000237195,-0.000597864,0.204,0.338,0.254,0.344
8376,0,0,0,0.3,0,0.000438781,2.17148,-0.000994987,-0.00155615,0.000761602,-0.000693849,0.999998,0.00427912,1.52907,-0.00975325,0.00055026,0.000641154,-0.000422974,0.36,0.258,0.322,0.2
8377,0,0,0,0.3,0,0.000443082,2.17302,-0.00100479,-0.00155587,0.000762162,-0.000693974,0.999998,0.00430155,1.53551,-0.00980364,0.000748764,0.00128894,-0.000127946,0.274,0.278,0.314,0.274
8378,0,0,0,0.3,0,0.000447406,2.17456,-0.00101464,-0.00155545,0.000762762,-0.000694048,0.999998,0.00432397,1.54196,-0.00985401,0.000703775,0.00123795,-0.000234368,0.268,0.324,0.26,0.288
8379,0,0,0,0.3,0,0.000451753,2.17611,-0.00102455,-0.00155523,0.000763577,-0.000694204,0.999998,0.00434639,1.5484,-0.00990435,0.000438134,0.00185635,-0.000335717,0.364,0.224,0.362,0.19
8380,0,0,0,0.3,0,0.000456122,2.17766,-0.0010345,-0.00155487,0.000764404,-0.000694409,0.999998,0.00436882,1.55483,-0.00995467,0.000839785,0.00140523,-0.000544753,0.204,0.356,0.234,0.344
8381,0,0,0,0.3,0,0.000460513,2.17922,-0.00104451,-0.00155458,0.000765142,-0.000694799,0.999998,0.00439124,1.56127,-0.010005,0.000382943,0.0017105,-0.000928542,0.392,0.23,0.352,0.168
8382,0,0,0,0.3,0,0.000464927,2.18079,-0.00105456,-0.00155428,0.000766019,-0.000695309,0.999998,0.00441368,1.5677,-0.0100552,0.000895433,0.0015499,-0.00111237,0.226,0.316,0.278,0.32
8383,0,0,0,0.3,0,0.000469363,2.18237,-0.00106467,-0.00155383,0.000766648,-0.000695976,0.999998,0.00443613,1.57412,-0.0101055,0.000717257,0.0012293,-0.00151196,0.31,0.294,0.288,0.246
8384,0,0,0,0.3,0,0.000473821,2.18395,-0.00107483,-0.00155351,0.00076737,-0.000696763,0.999998,0.0044586,1.58055,-0.0101557,0.00077487,0.0014548,-0.00157674,0.32,0.248,0.342,0.23
8385,0,0,0,0.3,0,0.000478302,2.18553,-0.00108503,-0.00155302,0.000767888,-0.000697585,0.999998,0.00448108,1.58697,-0.0102059,0.000949361,0.000728403,-0.00176265,0.23,0.348,0.24,0.324
8386,0,0,0,0.3,0,0.000482806,2.18713,-0.00109529,-0.00155274,0.000768294,-0.000698549,0.999998,0.00450359,1.59338,-0.0102561,0.000344559,0.000953323,-0.00201643,0.39,0.216,0.366,0.166
8387,0,0,0,0.3,0,0.000487332,2.18873,-0.00110559,-0.00155251,0.000768686,-0.000699604,0.999998,0.00452613,1.5998,-0.0103063,0.000562261,0.000483937,-0.00223691,0.2,0.344,0.248,0.348
8388,0,0,0,0.3,0,0.000491881,2.19033,-0.00111595,-0.0015524,0.000768862,-0.000700854,0.999998,0.0045487,1.60621,-0.0103564,-0.00017732,0.000470992,-0.00267855,0.362,0.258,0.322,0.196
8389,0,0,0,0.3,0,0.000496452,2.19195,-0.00112636,-0.00155256,0.000769175,-0.000702235,0.999998,0.00457131,1.61261,-0.0104065,-0.000231978,0.000525514,-0.00281133,0.27,0.284,0.308,0.278
8390,0,0,0,0.3,0,0.000501046,2.19356,-0.00113681,-0.00155272,0.00076926,-0.000703732,0.999998,0.00459396,1.61902,-0.0104566,-0.000634356,1.97916e-05,-0.00317346,0.27,0.326,0.258,0.284
8391,0,0,0,0.3,0,0.000505663,2.19519,-0.00114732,-0.00155328,0.000769402,-0.000705391,0.999998,0.00461666,1.62542,-0.0105068,-0.00132214,0.000451703,-0.00336576,0.364,0.226,0.362,0.188
8392,0,0,0,0.3,0,0.000510302,2.19682,-0.00115788,-0.00155395,0.000769505,-0.00070711,0.999998,0.0046394,1.63182,-0.0105569,-0.0014842,-7.16521e-05,-0.00353792,0.214,0.352,0.238,0.336
8393,0,0,0,0.3,0,0.000514964,2.19846,-0.00116848,-0.00155502,0.00076947,-0.000708955,0.999998,0.0046622,1.63821,-0.010607,-0.00260614,7.14631e-05,-0.00374073,0.394,0.226,0.356,0.164
8394,0,0,0,0.3,0,0.000519649,2.2001,-0.00117914,-0.00155639,0.00076947,-0.000710786,0.999998,0.00468505,1.64461,-0.0106572,-0.00274106,-0.000282181,-0.00358937,0.226,0.32,0.272,0.32
8395,0,0,0,0.3,0,0.000524357,2.20176,-0.00118985,-0.0015579,0.000769146,-0.000712562,0.999998,0.00470795,1.651,-0.0107074,-0.00338203,-0.000744876,-0.0034896,0.324,0.29,0.29,0.234
8396,0,0,0,0.3,0,0.000529088,2.20341,-0.00120061,-0.00155969,0.000768839,-0.000714175,0.999998,0.00473091,1.65738,-0.0107576,-0.0034848,-0.000642982,-0.00295158,0.318,0.248,0.342,0.232
8397,0,0,0,0.3,0,0.000533842,2.20508,-0.00121141,-0.00156133,0.000768341,-0.000715496,0.999998,0.0047539,1.66376,-0.0108079,-0.00331815,-0.00120095,-0.00242327,0.234,0.342,0.244,0.32
8398,0,0,0,0.3,0,0.000538619,2.20675,-0.00122227,-0.00156313,0.000767885,-0.000716536,0.999998,0.00477693,1.67014,-0.0108583,-0.00366626,-0.00060596,-0.00172596,0.39,0.214,0.37,0.168
8399,0,0,0,0.3,0,0.000543419,2.20842,-0.00123318,-0.00156478,0.000767583,-0.000717144,0.999998,0.00479998,1.67652,-0.0109086,-0.00300901,-0.00074817,-0.000858322,0.204,0.342,0.248,0.344
8400,0,0,0,0.3,0,0.000548242,2.21011,-0.00124414,-0.0015663,0.00076725,-0.000717403,0.999998,0.00482305,1.68289,-0.010959,-0.00313173,-0.000376585,-0.000235843,0.368,0.252,0.328,0.192
8401,0,0,0,0.3,0,0.000553088,2.2118,-0.00125515,-0.0015677,0.000767237,-0.000717295,0.999998,0.00484611,1.68926,-0.0110095,-0.00236211,3.68304e-05,0.000565379,0.264,0.286,0.306,0.282
8402,0,0,0,0.3,0,0.000557957,2.21349,-0.00126621,-0.00156867,0.00076719,-0.000716865,0.999998,0.00486915,1.69563,-0.01106,-0.00180526,-5.082e-05,0.0010484,0.276,0.32,0.264,0.28
8403,0,0,0,0.3,0,0.000562849,2.21519,-0.00127732,-0.00156949,0.000767363,-0.000716188,0.999998,0.00489218,1.70199,-0.0111105,-0.00131689,0.00059126,0.00163794,0.354,0.228,0.36,0.198
8404,0,0,0,0.3,0,0.000567765,2.2169,-0.00128848,-0.00156981,0.000767546,-0.000715212,0.999998,0.00491517,1.70835,-0.011161,-0.000243253,0.000116939,0.00212913,0.204,0.358,0.232,0.346
8405,0,0,0,0.3,0,0.000572703,2.21862,-0.00129969,-0.00156989,0.000767623,-0.000714062,0.999998,0.00493812,1.71471,-0.0112115,-4.30906e-05,0.000329079,0.00247184,0.388,0.224,0.358,0.17
8406,0,0,0,0.3,0,0.000577664,2.22034,-0.00131095,-0.00156962,0.000767752,-0.000712682,0.999998,0.00496103,1.72107,-0.011262,0.00106569,-2.20975e-06,0.00295074,0.218,0.322,0.272,0.328
8407,0,0,0,0.3,0,0.000582648,2.22207,-0.00132227,-0.00156897,0.000767601,-0.000711154,0.999998,0.00498389,1.72742,-0.0113124,0.00126639,-0.000316799,0.00312359,0.326,0.286,0.294,0.234
8408,0,0,0,0.3,0,0.000587654,2.2238,-0.00133363,-0.00156829,0.000767528,-0.000709507,0.999998,0.00500669,1.73377,-0.0113629,0.00161372,-0.000158134,0.00343672,0.308,0.254,0.336,0.242
8409,0,0,0,0.3,0,0.000592684,2.22554,-0.00134504,-0.00156736,0.000767235,-0.000707773,0.999998,0.00502943,1.74012,-0.0114133,0.00186418,-0.000829811,0.00341392,0.234,0.342,0.244,0.318
8410,0,0,0,0.3,0,0.000597736,2.22729,-0.00135651,-0.00156659,0.000766916,-0.000706109,0.999998,0.0050521,1.74647,-0.0114636,0.00140513,-0.000420099,0.00330754,0.382,0.216,0.368,0.174
8411,0,0,0,0.3,0,0.000602811,2.22904,-0.00136802,-0.00156579,0.000766643,-0.000704475,0.999998,0.00507472,1.75281,-0.0115139,0.00171045,-0.000796659,0.00317311,0.198,0.346,0.246,0.35
8412,0,0,0,0.3,0,0.000607908,2.2308,-0.00137958,-0.00156511,0.000766206,-0.000703015,0.999998,0.00509729,1.75915,-0.0115642,0.00100358,-0.000706407,0.00273954,0.37,0.25,0.33,0.188
8413,0,0,0,0.3,0,0.000613028,2.23256,-0.0013912,-0.00156466,0.000765942,-0.000701723,0.999998,0.0051198,1.76549,-0.0116145,0.000996854,-0.000592801,0.00245067,0.26,0.29,0.302,0.286
8414,0,0,0,0.3,0,0.00061817,2.23433,-0.00140286,-0.00156424,0.000765497,-0.000700674,0.999998,0.00514227,1.77182,-0.0116647,0.000506824,-0.000970015,0.00177634,0.28,0.322,0.262,0.276
8415,0,0,0,0.3,0,0.000623335,2.23611,-0.00141458,-0.00156422,0.000765139,-0.000699963,0.999998,0.00516471,1.77815,-0.0117149,-0.000154705,-0.000584266,0.00120186,0.352,0.23,0.358,0.2
8416,0,0,0,0.3,0,0.000628522,2.2379,-0.00142634,-0.00156432,0.000764706,-0.000699522,0.999998,0.00518711,1.78448,-0.0117651,-0.000338393,-0.00114016,0.000590191,0.212,0.352,0.238,0.338
8417,0,0,0,0.3,0,0.000633731,2.23969,-0.00143816,-0.0015648,0.000764165,-0.000699415,0.999998,0.00520951,1.7908,-0.0118153,-0.0014248,-0.000879781,-7.60084e-06,0.396,0.222,0.36,0.164
8418,0,0,0,0.3,0,0.000638963,2.24149,-0.00145002,-0.00156558,0.000763731,-0.000699502,0.999998,0.0052319,1.79712,-0.0118655,-0.00158457,-0.00105485,-0.00031238,0.22,0.324,0.268,0.328
8419,0,0,0,0.3,0,0.000644218,2.24329,-0.00146194,-0.00156657,0.000763125,-0.000699797,0.999998,0.00525429,1.80344,-0.0119157,-0.00244459,-0.00110197,-0.000788976,0.334,0.28,0.298,0.226
8420,0,0,0,0.3,0,0.000649494,2.2451,-0.00147391,-0.00156796,0.000762762,-0.000700244,0.999998,0.00527668,1.80976,-0.0119659,-0.00278545,-0.000567379,-0.000918915,0.306,0.254,0.336,0.244
8421,0,0,0,0.3,0,0.000654793,2.24691,-0.00148592,-0.00156935,0.000762417,-0.000700755,0.999998,0.00529909,1.81607,-0.0120162,-0.00298064,-0.000703147,-0.00113329,0.24,0.34,0.244,0.314
8422,0,0,0,0.3,0,0.000660115,2.24874,-0.00149799,-0.00157106,0.000762303,-0.000701366,0.999998,0.00532151,1.82238,-0.0120665,-0.00358522,0.000184681,-0.0012163,0.384,0.22,0.364,0.172
8423,0,0,0,0.3,0,0.000665459,2.25057,-0.00151011,-0.00157275,0.000762447,-0.000701966,0.999998,0.00534394,1.82868,-0.0121168,-0.00323348,0.000210286,-0.00124075,0.2,0.348,0.242,0.348
8424,0,0,0,0.3,0,0.000670825,2.2524,-0.00152227,-0.00157449,0.00076263,-0.000702662,0.999998,0.00536639,1.83499,-0.0121672,-0.00373491,0.00068884,-0.00147227,0.378,0.242,0.338,0.182
8425,0,0,0,0.3,0,0.000676214,2.25424,-0.00153449,-0.00157631,0.000763122,-0.000703379,0.999998,0.00538885,1.84129,-0.0122177,-0.00342311,0.000995361,-0.00139027,0.256,0.29,0.304,0.292
8426,0,0,0,0.3,0,0.000681625,2.25609,-0.00154676,-0.001578,0.00076352,-0.000704099,0.999998,0.00541134,1.84758,-0.0122682,-0.00355355,0.000790407,-0.00149872,0.286,0.314,0.27,0.27
8427,0,0,0,0.3,0,0.000687059,2.25794,-0.00155908,-0.00157987,0.000764078,-0.000704836,0.999998,0.00543384,1.85388,-0.0123187,-0.00366978,0.00127942,-0.00140482,0.348,0.232,0.354,0.204
8428,0,0,0,0.3,0,0.000692516,2.2598,-0.00157145,-0.00158154,0.000764571,-0.000705526,0.999998,0.00545636,1.86017,-0.0123693,-0.00319495,0.000725997,-0.00142886,0.212,0.354,0.234,0.34
8429,0,0,0,0.3,0,0.000697994,2.26167,-0.00158387,-0.00158322,0.000764988,-0.000706296,0.999998,0.00547889,1.86646,-0.0124199,-0.00343177,0.00105969,-0.00157604,0.396,0.218,0.362,0.162
8430,0,0,0,0.3,0,0.000703496,2.26354,-0.00159634,-0.00158473,0.000765526,-0.000707065,0.999998,0.00550145,1.87274,-0.0124705,-0.00265926,0.000903029,-0.00153548,0.216,0.324,0.268,0.332
8431,0,0,0,0.3,0,0.00070902,2.26542,-0.00160886,-0.00158603,0.000765936,-0.000707886,0.999998,0.00552402,1.87902,-0.0125212,-0.00268235,0.000984192,-0.00171252,0.338,0.278,0.304,0.222
8432,0,0,0,0.3,0,0.000714567,2.26731,-0.00162143,-0.00158729,0.000766625,-0.000708717,0.999998,0.00554662,1.8853,-0.0125719,-0.00218953,0.00150747,-0.00159566,0.3,0.26,0.332,0.248
8433,0,0,0,0.3,0,0.000720136,2.2692,-0.00163405,-0.00158817,0.000767274,-0.000709528,0.999998,0.00556924,1.89158,-0.0126227,-0.00160268,0.00119227,-0.00170291,0.246,0.336,0.25,0.308
8434,0,0,0,0.3,0,0.000725728,2.2711,-0.00164673,-0.00158896,0.000768023,-0.000710418,0.999998,0.00559188,1.89785,-0.0126734,-0.00141357,0.00173405,-0.00178437,0.38,0.218,0.368,0.174
8435,0,0,0,0.3,0,0.000731342,2.273,-0.00165945,-0.00158936,0.000768798,-0.000711312,0.999998,0.00561454,1.90412,-0.0127242,-0.00036341,0.00125074,-0.0018505,0.2,0.352,0.24,0.348
8436,0,0,0,0.3,0,0.000736979,2.27491,-0.00167223,-0.00158949,0.000769368,-0.000712329,0.999998,0.00563723,1.91039,-0.012775,-0.000181124,0.00123568,-0.002154,0.378,0.244,0.338,0.18
8437,0,0,0,0.3,0,0.000742639,2.27683,-0.00168505,-0.00158932,0.000769982,-0.000713428,0.999998,0.00565994,1.91665,-0.0128257,0.000884485,0.00098183,-0.0022356,0.25,0.3,0.294,0.298
8438,0,0,0,0.3,0,0.000748322,2.27875,-0.00169793,-0.00158867,0.000770236,-0.000714631,0.999998,0.00568269,1.92291,-0.0128764,0.00142749,0.000292663,-0.00256204,0.292,0.312,0.27,0.266
8439,0,0,0,0.3,0,0.000754028,2.28068,-0.00171085,-0.00158788,0.000770441,-0.00071595,0.999998,0.00570547,1.92916,-0.0129271,0.00189467,0.000412842,-0.00263664,0.34,0.238,0.35,0.212
8440,0,0,0,0.3,0,0.000759756,2.28262,-0.00172383,-0.00158666,0.000770453,-0.000717281,0.999998,0.00572829,1.93542,-0.0129778,0.00268288,-0.000298985,-0.00273104,0.214,0.354,0.234,0.336
8441,0,0,0,0.3,0,0.000765507,2.28456,-0.00173686,-0.00158537,0.000770353,-0.000718684,0.999998,0.00575114,1.94167,-0.0130283,0.0025574,8.64342e-06,-0.00279619,0.392,0.222,0.36,0.166
8442,0,0,0,0.3,0,0.000771281,2.2865,-0.00174994,-0.00158391,0.000770341,-0.000720023,0.999998,0.00577404,1.94791,-0.0130789,0.00323596,-0.000258041,-0.00260951,0.212,0.334,0.258,0.336
8443,0,0,0,0.3,0,0.000777078,2.28846,-0.00176307,-0.00158233,0.000770142,-0.000721331,0.999998,0.00579697,1.95416,-0.0131293,0.00293282,-0.000297578,-0.00260489,0.342,0.274,0.306,0.216
8444,0,0,0,0.3,0,0.000782898,2.29042,-0.00177625,-0.0015809,0.000770131,-0.000722549,0.999998,0.00581994,1.9604,-0.0131797,0.00298273,6.45261e-06,-0.00227708,0.292,0.264,0.326,0.256
8445,0,0,0,0.3,0,0.000788741,2.29239,-0.00178948,-0.00157939,0.000770007,-0.000723625,0.999998,0.00584294,1.96664,-0.0132301,0.00280156,-0.000367795,-0.00209481,0.248,0.338,0.246,0.306
8446,0,0,0,0.3,0,0.000794607,2.29436,-0.00180276,-0.00157823,0.000769964,-0.000724603,0.999998,0.00586597,1.97287,-0.0132804,0.00209005,0.000147081,-0.00179445,0.374,0.222,0.364,0.18
8447,0,0,0,0.3,0,0.000800496,2.29634,-0.00181609,-0.00157717,0.000769968,-0.0007254,0.999998,0.00588902,1.9791,-0.0133306,0.00209201,-0.00022537,-0.00149846,0.198,0.352,0.238,0.352
8448,0,0,0,0.3,0,0.000806408,2.29832,-0.00182947,-0.0015764,0.000769888,-0.000726129,0.999998,0.00591209,1.98533,-0.0133808,0.00106107,7.67416e-05,-0.00138503,0.382,0.234,0.346,0.178
8449,0,0,0,0.3,0,0.000812343,2.30031,-0.0018429,-0.00157599,0.000770019,-0.000726717,0.999998,0.00593518,1.99156,-0.013431,0.000750066,0.000186133,-0.00101911,0.246,0.298,0.294,0.302
8450,0,0,0,0.3,0,0.000818301,2.30231,-0.00185638,-0.00157584,0.000770015,-0.000727201,0.999998,0.00595828,1.99778,-0.0134811,-0.000239488,1.43501e-05,-0.000961102,0.298,0.304,0.278,0.26
8451,0,0,0,0.3,0,0.000824283,2.30432,-0.00186991,-0.00157628,0.000770212,-0.000727651,0.999998,0.00598138,2.004,-0.0135313,-0.00118404,0.000592958,-0.000818436,0.336,0.236,0.352,0.214
8452,0,0,0,0.3,0,0.000830287,2.30633,-0.0018835,-0.00157697,0.000770408,-0.000728068,0.999998,0.0060045,2.01022,-0.0135814,-0.00165294,0.000220017,-0.000916773,0.218,0.348,0.242,0.332
8453,0,0,0,0.3,0,0.000836315,2.30834,-0.00189713,-0.00157813,0.000770627,-0.000728609,0.999998,0.00602762,2.01643,-0.0136316,-0.00273924,0.000711049,-0.00116666,0.392,0.216,0.366,0.164
8454,0,0,0,0.3,0,0.000842366,2.31037,-0.00191081,-0.00157952,0.000770981,-0.000729237,0.999998,0.00605076,2.02264,-0.0136817,-0.00275702,0.000494506,-0.00137383,0.21,0.336,0.256,0.336
8455,0,0,0,0.3,0,0.00084844,2.31239,-0.00192454,-0.00158108,0.00077113,-0.000730085,0.999998,0.00607391,2.02885,-0.013732,-0.003478,0.000340397,-0.00194279,0.352,0.268,0.312,0.206
8456,0,0,0,0.3,0,0.000854537,2.31443,-0.00193832,-0.00158288,0.00077136,-0.000731177,0.999998,0.00609709,2.03505,-0.0137822,-0.00350182,0.00035644,-0.0023539,0.29,0.268,0.322,0.258
8457,0,0,0,0.3,0,0.000860657,2.31647,-0.00195216,-0.0015846,0.000771327,-0.000732524,0.999998,0.0061203,2.04125,-0.0138325,-0.00356852,-0.000272888,-0.0029862,0.254,0.332,0.252,0.3
8458,0,0,0,0.3,0,0.000866801,2.31852,-0.00196604,-0.00158653,0.000771325,-0.000734161,0.999998,0.00614356,2.04745,-0.0138829,-0.00390082,0.000243261,-0.00341201,0.374,0.22,0.366,0.18
8459,0,0,0,0.3,0,0.000872967,2.32057,-0.00197997,-0.00158832,0.000771403,-0.000735939,0.999998,0.00616686,2.05364,-0.0139333,-0.00337522,-3.04926e-05,-0.00370351,0.206,0.352,0.238,0.344
8460,0,0,0,0.3,0,0.000879158,2.32263,-0.00199396,-0.00159009,0.00077144,-0.00073791,0.999998,0.00619021,2.05984,-0.0139837,-0.00368192,0.000330938,-0.00407129,0.392,0.234,0.346,0.166
8461,0,0,0,0.3,0,0.000885371,2.3247,-0.00200799,-0.00159179,0.000771684,-0.000739963,0.999998,0.00621363,2.06602,-0.0140342,-0.00303772,0.000381681,-0.00412539,0.244,0.308,0.286,0.302
8462,0,0,0,0.3,0,0.000891608,2.32677,-0.00202207,-0.00159321,0.000771784,-0.000742081,0.999998,0.00623711,2.07221,-0.0140847,-0.00289135,0.00024609,-0.00431609,0.308,0.304,0.276,0.252
8463,0,0,0,0.3,0,0.000897869,2.32885,-0.00203621,-0.0015946,0.000772091,-0.000744196,0.999998,0.00626065,2.07839,-0.0141353,-0.00244024,0.000776476,-0.00407964,0.33,0.244,0.344,0.22
8464,0,0,0,0.3,0,0.000904153,2.33093,-0.0020504,-0.00159551,0.000772367,-0.000746122,0.999998,0.00628425,2.08457,-0.0141859,-0.00149622,0.000396642,-0.00369081,0.222,0.352,0.236,0.332
8465,0,0,0,0.3,0,0.000910461,2.33302,-0.00206463,-0.00159619,0.000772737,-0.000747812,0.999998,0.0063079,2.09074,-0.0142364,-0.00116726,0.00110168,-0.00304621,0.39,0.214,0.368,0.168
8466,0,0,0,0.3,0,0.000916793,2.33512,-0.00207892,-0.00159643,0.000773339,-0.000749051,0.999998,0.00633159,2.09692,-0.014287,5.17526e-05,0.00109127,-0.00204892,0.208,0.336,0.256,0.34
8467,0,0,0,0.3,0,0.000923148,2.33722,-0.00209326,-0.00159631,0.000773895,-0.000749828,0.999998,0.00635531,2.10308,-0.0143376,0.000263833,0.00134165,-0.00114617,0.356,0.264,0.314,0.204
8468,0,0,0,0.3,0,0.000929527,2.33933,-0.00210764,-0.00159603,0.000774735,-0.000750077,0.999998,0.00637904,2.10925,-0.0143882,0.000989693,0.00174314,9.20142e-06,0.278,0.274,0.316,0.27
8469,0,0,0,0.3,0,0.00093593,2.34145,-0.00212208,-0.00159533,0.0007755,-0.000749816,0.999998,0.00640276,2.11541,-0.0144387,0.00148429,0.00148142,0.000862876,0.258,0.33,0.254,0.298
8470,0,0,0,0.3,0,0.000942356,2.34357,-0.00213657,-0.00159459,0.000776426,-0.000749133,0.999998,0.00642647,2.12157,-0.0144892,0.00165403,0.00212003,0.00180796,0.368,0.218,0.368,0.186
8471,0,0,0,0.3,0,0.000948807,2.3457,-0.00215111,-0.00159352,0.000777412,-0.000747955,0.999998,0.00645014,2.12773,-0.0145397,0.00243026,0.00176067,0.00270533,0.202,0.348,0.242,0.348
8472,0,0,0,0.3,0,0.00095528,2.34783,-0.0021657,-0.00159238,0.000778321,-0.000746425,0.999998,0.00647376,2.13388,-0.0145901,0.00216425,0.00203686,0.00334369,0.386,0.228,0.352,0.172
8473,0,0,0,0.3,0,0.000961778,2.34997,-0.00218034,-0.00159116,0.000779376,-0.000744546,0.999998,0.00649732,2.14003,-0.0146404,0.00274741,0.00194782,0.00402794,0.23,0.308,0.284,0.316
8474,0,0,0,0.3,0,0.000968298,2.35212,-0.00219503,-0.00158975,0.000780198,-0.000742461,0.999998,0.00652081,2.14617,-0.0146907,0.00272933,0.00159804,0.00421984,0.306,0.298,0.284,0.252
8475,0,0,0,0.3,0,0.000974843,2.35427,-0.00220977,-0.00158838,0.000781088,-0.000740301,0.999998,0.00654422,2.15232,-0.014741,0.00296695,0.00179988,0.0043909,0.324,0.244,0.346,0.226
8476,0,0,0,0.3,0,0.00098141,2.35643,-0.00222457,-0.00158671,0.000781807,-0.000738141,0.999998,0.00656756,2.15846,-0.0147912,0.00346559,0.00119203,0.00416665,0.226,0.348,0.24,0.326
8477,0,0,0,0.3,0,0.000988001,2.35859,-0.00223941,-0.00158507,0.000782492,-0.00073619,0.999998,0.00659083,2.1646,-0.0148413,0.00321511,0.00160273,0.0037172,0.39,0.218,0.366,0.166
8478,0,0,0,0.3,0,0.000994615,2.36076,-0.0022543,-0.00158331,0.000783229,-0.000734451,0.999998,0.00661403,2.17073,-0.0148913,0.00379724,0.00117929,0.00322493,0.202,0.34,0.252,0.344
8479,0,0,0,0.3,0,0.00100125,2.36294,-0.00226924,-0.00158148,0.000783703,-0.000733065,0.999998,0.00663718,2.17686,-0.0149413,0.0034275,0.000987156,0.00242479,0.358,0.26,0.322,0.2
8480,0,0,0,0.3,0,0.00100791,2.36512,-0.00228423,-0.00157975,0.000784232,-0.000732013,0.999998,0.00666028,2.18299,-0.0149912,0.00368141,0.000898348,0.00186138,0.274,0.278,0.314,0.272
8481,0,0,0,0.3,0,0.0010146,2.36731,-0.00229927,-0.00157787,0.000784438,-0.000731303,0.999998,0.00668334,2.18912,-0.015041,0.0036395,0.00013719,0.00102372,0.264,0.33,0.254,0.29
8482,0,0,0,0.3,0,0.0010213,2.36951,-0.00231436,-0.00157619,0.000784553,-0.00073102,0.999998,0.00670638,2.19524,-0.0150908,0.00330147,0.000270926,0.000260099,0.362,0.224,0.362,0.192
8483,0,0,0,0.3,0,0.00102803,2.37171,-0.0023295,-0.00157443,0.00078449,-0.000731099,0.999998,0.00672942,2.20136,-0.0151405,0.00358633,-0.000517389,-0.000541178,0.204,0.354,0.236,0.346
8484,0,0,0,0.3,0,0.00103478,2.37392,-0.00234469,-0.00157283,0.000784211,-0.000731634,0.999998,0.00675245,2.20748,-0.0151901,0.00290699,-0.000408822,-0.00142549,0.394,0.23,0.35,0.166
8485,0,0,0,0.3,0,0.00104156,2.37613,-0.00235993,-0.00157137,0.000784031,-0.000732521,0.999998,0.0067755,2.21359,-0.0152397,0.00304412,-0.000530175,-0.0020619,0.232,0.316,0.276,0.316
8486,0,0,0,0.3,0,0.00104836,2.37835,-0.00237522,-0.00156997,0.000783676,-0.000733799,0.999998,0.00679858,2.2197,-0.0152892,0.00242646,-0.000654569,-0.00294047,0.316,0.294,0.286,0.242
8487,0,0,0,0.3,0,0.00105518,2.38058,-0.00239056,-0.00156892,0.00078354,-0.000735433,0.999998,0.0068217,2.22581,-0.0153387,0.00205106,-0.000117906,-0.00345885,0.32,0.25,0.338,0.23
8488,0,0,0,0.3,0,0.00106202,2.38281,-0.00240595,-0.00156789,0.00078339,-0.00073729,0.999998,0.00684487,2.23192,-0.0153881,0.00187472,-0.000425041,-0.00394206,0.232,0.348,0.238,0.322
8489,0,0,0,0.3,0,0.00106889,2.38505,-0.00242139,-0.00156722,0.000783331,-0.000739373,0.999998,0.0068681,2.23802,-0.0154375,0.00106692,0.000173938,-0.00425874,0.392,0.216,0.368,0.164
8490,0,0,0,0.3,0,0.00107578,2.38729,-0.00243687,-0.00156666,0.000783421,-0.000741516,0.999998,0.00689139,2.24412,-0.0154868,0.00113066,-3.9889e-06,-0.00433039,0.202,0.344,0.25,0.346
8491,0,0,0,0.3,0,0.0010827,2.38954,-0.00245241,-0.00156631,0.000783426,-0.000743728,0.999998,0.00691474,2.25021,-0.0155361,0.000264235,0.000207504,-0.00444434,0.366,0.256,0.326,0.192
8492,0,0,0,0.3,0,0.00108964,2.3918,-0.00246799,-0.00156627,0.000783642,-0.000745869,0.999998,0.00693816,2.25631,-0.0155854,0.000155326,0.000361134,-0.00412861,0.268,0.284,0.308,0.278
8493,0,0,0,0.3,0,0.0010966,2.39406,-0.00248363,-0.00156624,0.000783639,-0.000747885,0.999998,0.00696163,2.2624,-0.0156347,-0.000212966,-0.000193317,-0.00398551,0.274,0.326,0.258,0.282
8494,0,0,0,0.3,0,0.00110358,2.39633,-0.00249931,-0.00156654,0.000783614,-0.000749803,0.999998,0.00698517,2.26848,-0.015684,-0.00073122,-1.27355e-05,-0.00365555,0.358,0.228,0.36,0.192
8495,0,0,0,0.3,0,0.00111059,2.3986,-0.00251505,-0.00156685,0.000783396,-0.000751524,0.999998,0.00700876,2.27457,-0.0157332,-0.000645396,-0.000852355,-0.00331671,0.208,0.354,0.236,0.34
8496,0,0,0,0.3,0,0.00111762,2.40088,-0.00253083,-0.00156741,0.000782913,-0.000753107,0.999998,0.0070324,2.28065,-0.0157825,-0.00145788,-0.000908958,-0.00297391,0.392,0.224,0.356,0.166
8497,0,0,0,0.3,0,0.00112468,2.40317,-0.00254666,-0.00156814,0.000782386,-0.000754407,0.999998,0.00705608,2.28673,-0.0158318,-0.0013554,-0.00136722,-0.00230524,0.224,0.32,0.272,0.324
8498,0,0,0,0.3,0,0.00113176,2.40546,-0.00256254,-0.00156893,0.000781542,-0.000755422,0.999998,0.00707979,2.29281,-0.0158811,-0.00193989,-0.00172301,-0.00180057,0.324,0.288,0.294,0.234
8499,0,0,0,0.3,0,0.00113886,2.40776,-0.00257847,-0.00157002,0.000780787,-0.000756115,0.999998,0.00710352,2.29888,-0.0159304,-0.00212654,-0.00147846,-0.00101834,0.312,0.252,0.338,0.238
8500,0,0,0,0.3,0,0.00114599,2.41007,-0.00259445,-0.00157104,0.000779901,-0.000756443,0.999998,0.00712726,2.30495,-0.0159797,-0.00216691,-0.00194531,-0.000418686,0.232,0.34,0.246,0.322
8501,0,0,0,0.3,0,0.00115314,2.41238,-0.00261048,-0.00157233,0.00077907,-0.000756502,0.999998,0.007151,2.31102,-0.016029,-0.00276695,-0.00137355,0.000179208,0.386,0.21,0.374,0.17
8502,0,0,0,0.3,0,0.00116032,2.4147,-0.00262656,-0.00157363,0.000778377,-0.000756228,0.999998,0.00717473,2.31708,-0.0160784,-0.00247795,-0.00152872,0.000783205,0.202,0.342,0.25,0.346
8503,0,0,0,0.3,0,0.00116752,2.41702,-0.00264269,-0.00157502,0.000777669,-0.000755777,0.999998,0.00719845,2.32314,-0.0161278,-0.00307818,-0.00111227,0.000995529,0.374,0.248,0.332,0.186
8504,0,0,0,0.3,0,0.00117474,2.41935,-0.00265886,-0.00157654,0.000777271,-0.000755217,0.999998,0.00722214,2.32919,-0.0161773,-0.00281702,-0.000768632,0.00119041,0.266,0.288,0.304,0.282
8505,0,0,0,0.3,0,0.00118198,2.42168,-0.00267509,-0.00157789,0.000776802,-0.000754694,0.999998,0.0072458,2.33524,-0.0162267,-0.00278151,-0.000901336,0.000878989,0.28,0.32,0.262,0.278
8506,0,0,0,0.3,0,0.00118925,2.42402,-0.00269137,-0.00157932,0.000776574,-0.000754345,0.999998,0.00726944,2.34129,-0.0162762,-0.00268366,-0.000178235,0.000617293,0.354,0.23,0.358,0.198
8507,0,0,0,0.3,0,0.00119655,2.42637,-0.00270769,-0.0015804,0.000776402,-0.000754104,0.999998,0.00729307,2.34733,-0.0163257,-0.00188135,-0.000535259,0.000336689,0.212,0.352,0.238,0.34
8508,0,0,0,0.3,0,0.00120386,2.42872,-0.00272407,-0.00158135,0.000776237,-0.000754031,0.999998,0.00731669,2.35337,-0.0163753,-0.0018613,-1.69903e-05,6.53803e-05,0.396,0.22,0.36,0.162
8509,0,0,0,0.3,0,0.0012112,2.43108,-0.00274049,-0.00158203,0.000776294,-0.00075399,0.999998,0.00734029,2.35941,-0.0164248,-0.00090265,7.72333e-06,8.7829e-05,0.216,0.326,0.268,0.33
8510,0,0,0,0.3,0,0.00121857,2.43345,-0.00275697,-0.00158238,0.000776266,-0.000753992,0.999998,0.00736389,2.36545,-0.0164744,-0.00067334,9.36957e-05,-6.59925e-05,0.328,0.284,0.298,0.228
8511,0,0,0,0.3,0,0.00122595,2.43582,-0.00277349,-0.00158258,0.000776482,-0.000753994,0.999998,0.00738748,2.37148,-0.0165239,2.83646e-05,0.000498675,7.90658e-05,0.306,0.256,0.336,0.242
8512,0,0,0,0.3,0,0.00123337,2.4382,-0.00279006,-0.0015823,0.000776545,-0.000753949,0.999998,0.00741107,2.3775,-0.0165735,0.000781372,-0.000126653,4.36102e-05,0.238,0.342,0.244,0.316
8513,0,0,0,0.3,0,0.0012408,2.44058,-0.00280669,-0.0015819,0.000776522,-0.000753942,0.999998,0.00743465,2.38353,-0.016623,0.000926272,5.0182e-05,4.63046e-05,0.38,0.218,0.366,0.176
8514,0,0,0,0.3,0,0.00124826,2.44297,-0.00282336,-0.00158116,0.000776401,-0.000753891,0.999998,0.00745822,2.38955,-0.0166724,0.00185771,-0.000596889,8.74229e-05,0.2,0.352,0.238,0.348
8515,0,0,0,0.3,0,0.00125574,2.44537,-0.00284008,-0.00158023,0.000776055,-0.000753913,0.999998,0.00748178,2.39557,-0.0167219,0.00179532,-0.000523687,-0.000126331,0.378,0.248,0.332,0.182
8516,0,0,0,0.3,0,0.00126325,2.44777,-0.00285685,-0.0015792,0.00077589,-0.000753984,0.999998,0.00750534,2.40158,-0.0167713,0.00240167,-0.000398267,-0.000157425,0.252,0.294,0.298,0.294
8517,0,0,0,0.3,0,0.00127077,2.45018,-0.00287367,-0.00157794,0.000775581,-0.000754134,0.999998,0.0075289,2.40759,-0.0168206,0.00239841,-0.000626121,-0.000429367,0.282,0.314,0.268,0.276
8518,0,0,0,0.3,0,0.00127833,2.45259,-0.00289054,-0.00157685,0.000775457,-0.000754364,0.999998,0.00755245,2.4136,-0.0168699,0.00220469,-4.18715e-05,-0.000416727,0.348,0.232,0.356,0.204
8519,0,0,0,0.3,0,0.0012859,2.45501,-0.00290746,-0.00157566,0.000775332,-0.000754559,0.999998,0.00757601,2.41961,-0.0169192,0.00235148,-0.00046428,-0.00042313,0.212,0.352,0.236,0.338
8520,0,0,0,0.3,0,0.0012935,2.45743,-0.00292443,-0.00157473,0.000775188,-0.000754818,0.999998,0.00759957,2.42562,-0.0169684,0.00152855,-1.84114e-05,-0.000548455,0.396,0.22,0.36,0.162
8521,0,0,0,0.3,0,0.00130113,2.45987,-0.00294145,-0.00157397,0.000775211,-0.000755087,0.999998,0.00762313,2.43162,-0.0170175,0.00155504,-9.90415e-05,-0.000564379,0.216,0.326,0.266,0.332
8522,0,0,0,0.3,0,0.00130877,2.4623,-0.00295852,-0.00157338,0.000775118,-0.000755452,0.999998,0.0076467,2.43761,-0.0170666,0.000766896,-4.11767e-05,-0.000853898,0.336,0.278,0.302,0.224
8523,0,0,0,0.3,0,0.00131644,2.46475,-0.00297563,-0.00157314,0.00077527,-0.000755892,0.999998,0.00767027,2.44361,-0.0171157,0.000476887,0.000395617,-0.000864637,0.296,0.264,0.328,0.252
8524,0,0,0,0.3,0,0.00132414,2.4672,-0.0029928,-0.00157291,0.000775351,-0.000756367,0.999998,0.00769385,2.4496,-0.0171648,0.000247576,3.87898e-05,-0.00106768,0.248,0.336,0.248,0.306
8525,0,0,0,0.3,0,0.00133185,2.46965,-0.00301001,-0.00157302,0.000775514,-0.000756966,0.999998,0.00771744,2.45559,-0.0172139,-0.000423009,0.000558674,-0.00124352,0.382,0.214,0.372,0.172
8526,0,0,0,0.3,0,0.0013396,2.47211,-0.00302727,-0.0015732,0.000775717,-0.000757617,0.999998,0.00774104,2.46157,-0.0172629,-0.000351705,0.000158588,-0.00139827,0.202,0.348,0.244,0.344
8527,0,0,0,0.3,0,0.00134736,2.47458,-0.00304458,-0.0015736,0.000775787,-0.00075842,0.999998,0.00776466,2.46755,-0.017312,-0.00119159,0.000296383,-0.00172576,0.38,0.242,0.34,0.178
8528,0,0,0,0.3,0,0.00135515,2.47706,-0.00306195,-0.00157421,0.000775978,-0.000759308,0.999998,0.0077883,2.47353,-0.017361,-0.00104902,0.000213528,-0.00181798,0.248,0.298,0.296,0.298
8529,0,0,0,0.3,0,0.00136296,2.47954,-0.00307936,-0.00157473,0.000775889,-0.000760312,0.999998,0.00781196,2.47951,-0.0174101,-0.00120626,-0.00032145,-0.00217247,0.29,0.308,0.274,0.266
8530,0,0,0,0.3,0,0.0013708,2.48202,-0.00309682,-0.00157539,0.000775813,-0.00076145,0.999998,0.00783565,2.48548,-0.0174591,-0.00118665,-0.000118675,-0.00229216,0.34,0.236,0.352,0.21
8531,0,0,0,0.3,0,0.00137865,2.48451,-0.00311432,-0.0015758,0.000775547,-0.000762632,0.999998,0.00785937,2.49145,-0.0175082,-0.000653518,-0.00087479,-0.00247392,0.218,0.352,0.236,0.334
8532,0,0,0,0.3,0,0.00138654,2.48701,-0.00313188,-0.0015762,0.000775109,-0.000763964,0.999998,0.00788313,2.49742,-0.0175572,-0.000853833,-0.000760284,-0.00276516,0.394,0.218,0.364,0.164
8533,0,0,0,0.3,0,0.00139445,2.48951,-0.00314949,-0.00157643,0.000774652,-0.000765386,0.999998,0.00790692,2.50338,-0.0176063,-0.00012677,-0.00121765,-0.00293668,0.21,0.332,0.26,0.338
8534,0,0,0,0.3,0,0.00140238,2.49202,-0.00316714,-0.00157648,0.000773944,-0.000766963,0.999998,0.00793075,2.50934,-0.0176553,-0.00022874,-0.00133794,-0.00329745,0.344,0.272,0.308,0.216
8535,0,0,0,0.3,0,0.00141033,2.49454,-0.00318485,-0.00157653,0.000773408,-0.000768634,0.999998,0.00795463,2.5153,-0.0177044,0.000194408,-0.00104598,-0.0033466,0.294,0.266,0.326,0.256
8536,0,0,0,0.3,0,0.00141831,2.49706,-0.0032026,-0.00157629,0.000772773,-0.000770366,0.999998,0.00797856,2.52126,-0.0177534,0.000499958,-0.00134616,-0.00359807,0.252,0.34,0.246,0.302
8537,0,0,0,0.3,0,0.00142631,2.49959,-0.0032204,-0.00157612,0.000772281,-0.000772231,0.999998,0.00800254,2.52721,-0.0178024,0.000347845,-0.000713638,-0.00377426,0.376,0.222,0.362,0.18
8538,0,0,0,0.3,0,0.00143434,2.50212,-0.00323825,-0.00157577,0.000771878,-0.000774144,0.999998,0.00802657,2.53316,-0.0178514,0.000925701,-0.00100737,-0.00391301,0.204,0.354,0.236,0.346
8539,0,0,0,0.3,0,0.00144239,2.50466,-0.00325615,-0.0015754,0.000771422,-0.000776172,0.999998,0.00805065,2.5391,-0.0179003,0.000528464,-0.000637759,-0.00410732,0.388,0.236,0.344,0.17
8540,0,0,0,0.3,0,0.00145046,2.5072,-0.0032741,-0.00157507,0.000771243,-0.000778171,0.999998,0.00807479,2.54504,-0.0179493,0.000880035,-0.000344769,-0.00389797,0.244,0.3,0.292,0.302
8541,0,0,0,0.3,0,0.00145856,2.50975,-0.0032921,-0.00157465,0.000771054,-0.000780089,0.999998,0.008099,2.55098,-0.0179982,0.000593849,-0.000234594,-0.00378037,0.3,0.306,0.276,0.258
8542,0,0,0,0.3,0,0.00146669,2.51231,-0.00331015,-0.00157446,0.00077118,-0.000781859,0.999998,0.00812325,2.55692,-0.0180471,0.00044732,0.00048773,-0.00328699,0.334,0.244,0.346,0.216
8543,0,0,0,0.3,0,0.00147483,2.51487,-0.00332824,-0.0015741,0.00077133,-0.000783355,0.999998,0.00814755,2.56285,-0.0180959,0.000777468,0.000131213,-0.00281661,0.218,0.352,0.236,0.334
8544,0,0,0,0.3,0,0.00148301,2.51744,-0.00334639,-0.00157383,0.000771521,-0.000784644,0.999998,0.00817189,2.56878,-0.0181448,0.000428519,0.000652729,-0.00232579,0.39,0.218,0.364,0.166
8545,0,0,0,0.3,0,0.0014912,2.52002,-0.00336458,-0.00157347,0.000771828,-0.000785597,0.999998,0.00819625,2.57471,-0.0181936,0.000959698,0.000402707,-0.0016094,0.206,0.336,0.256,0.342
8546,0,0,0,0.3,0,0.00149942,2.5226,-0.00338283,-0.00157307,0.000771976,-0.000786259,0.999998,0.00822064,2.58063,-0.0182424,0.000536188,0.00042738,-0.00109118,0.352,0.264,0.316,0.206
8547,0,0,0,0.3,0,0.00150767,2.52519,-0.00340112,-0.00157284,0.000772327,-0.000786596,0.999998,0.00824504,2.58655,-0.0182911,0.000587695,0.00072708,-0.000338715,0.284,0.272,0.32,0.264
8548,0,0,0,0.3,0,0.00151594,2.52778,-0.00341946,-0.00157255,0.000772567,-0.000786622,0.999998,0.00826944,2.59247,-0.0183399,0.000372015,0.000389686,0.000110318,0.258,0.334,0.252,0.298
8549,0,0,0,0.3,0,0.00152423,2.53038,-0.00343784,-0.00157257,0.000772911,-0.000786449,0.999998,0.00829382,2.59838,-0.0183886,-0.000195443,0.000901338,0.000576957,0.37,0.218,0.368,0.184
8550,0,0,0,0.3,0,0.00153255,2.53298,-0.00345628,-0.0015726,0.000773266,-0.000786024,0.999998,0.0083182,2.60429,-0.0184373,-3.2517e-05,0.000461559,0.00100266,0.204,0.348,0.242,0.346
8551,0,0,0,0.3,0,0.00154089,2.53559,-0.00347477,-0.00157283,0.000773513,-0.000785457,0.999998,0.00834255,2.6102,-0.018486,-0.000789622,0.000697183,0.00127358,0.386,0.228,0.352,0.172
8552,0,0,0,0.3,0,0.00154926,2.53821,-0.0034933,-0.00157322,0.000773889,-0.000784688,0.999998,0.00836687,2.61611,-0.0185347,-0.000642634,0.000584137,0.00171811,0.238,0.308,0.286,0.31
8553,0,0,0,0.3,0,0.00155765,2.54083,-0.00351189,-0.00157359,0.000774052,-0.000783797,0.999998,0.00839116,2.62201,-0.0185834,-0.000998026,0.000341458,0.00179667,0.306,0.296,0.286,0.25
8554,0,0,0,0.3,0,0.00156606,2.54346,-0.00353052,-0.00157417,0.00077438,-0.000782864,0.999998,0.00841541,2.62791,-0.0186321,-0.00105056,0.000774541,0.00194327,0.324,0.242,0.346,0.226
8555,0,0,0,0.3,0,0.0015745,2.54609,-0.0035492,-0.00157456,0.000774607,-0.0007819,0.999998,0.00843963,2.63381,-0.0186808,-0.000709236,0.000221722,0.00184439,0.218,0.35,0.238,0.334
8556,0,0,0,0.3,0,0.00158297,2.54873,-0.00356793,-0.00157501,0.000774785,-0.000781054,0.999998,0.00846381,2.6397,-0.0187295,-0.000937539,0.000559039,0.0016112,0.39,0.216,0.366,0.168
8557,0,0,0,0.3,0,0.00159146,2.55138,-0.00358671,-0.00157528,0.000775008,-0.000780304,0.999998,0.00848796,2.64559,-0.0187782,-0.000223096,0.000194726,0.00134952,0.208,0.34,0.252,0.34
8558,0,0,0,0.3,0,0.00159997,2.55403,-0.00360553,-0.00157544,0.000775043,-0.00077981,0.999998,0.00851208,2.65148,-0.0188269,-0.00050808,0.000204663,0.000702954,0.362,0.26,0.32,0.196
8559,0,0,0,0.3,0,0.0016085,2.55668,-0.00362441,-0.00157568,0.000775265,-0.000779601,0.999998,0.00853619,2.65736,-0.0188755,-0.000282641,0.000439483,0.000202455,0.276,0.276,0.316,0.272
8560,0,0,0,0.3,0,0.00161706,2.55935,-0.00364333,-0.00157577,0.000775339,-0.000779694,0.999998,0.00856028,2.66324,-0.0189242,-0.000324331,2.86768e-05,-0.000515499,0.262,0.326,0.258,0.294
8561,0,0,0,0.3,0,0.00162565,2.56202,-0.00366231,-0.00157606,0.000775479,-0.000780106,0.999998,0.00858437,2.66912,-0.0189729,-0.000563202,0.000441575,-0.000993333,0.362,0.226,0.36,0.192
8562,0,0,0,0.3,0,0.00163426,2.56469,-0.00368133,-0.00157617,0.000775564,-0.000780709,0.999998,0.00860847,2.67499,-0.0190215,-6.82248e-05,-0.000126194,-0.00142347,0.206,0.358,0.232,0.344
8563,0,0,0,0.3,0,0.00164289,2.56737,-0.0037004,-0.00157631,0.000775522,-0.000781594,0.999998,0.00863259,2.68086,-0.0190702,-0.000455392,0.000127653,-0.00200102,0.392,0.228,0.352,0.166
8564,0,0,0,0.3,0,0.00165155,2.57006,-0.00371952,-0.00157644,0.000775612,-0.000782702,0.999998,0.00865674,2.68673,-0.0191188,-1.89598e-05,-7.31551e-06,-0.00239763,0.23,0.316,0.276,0.318
8565,0,0,0,0.3,0,0.00166023,2.57275,-0.00373868,-0.0015765,0.000775482,-0.000784063,0.999998,0.00868091,2.69259,-0.0191674,-0.000362246,-0.000254146,-0.00295951,0.316,0.298,0.282,0.242
8566,0,0,0,0.3,0,0.00166893,2.57545,-0.0037579,-0.00157677,0.000775509,-0.000785607,0.999998,0.00870513,2.69846,-0.019216,-0.000493896,0.000164587,-0.00312798,0.322,0.248,0.342,0.228
8567,0,0,0,0.3,0,0.00167766,2.57815,-0.00377716,-0.00157696,0.000775491,-0.000787213,0.999998,0.00872939,2.70431,-0.0192647,-0.000475635,-0.00015539,-0.00330901,0.232,0.346,0.24,0.322
8568,0,0,0,0.3,0,0.00168642,2.58086,-0.00379648,-0.00157743,0.000775578,-0.000788889,0.999998,0.00875369,2.71017,-0.0193133,-0.00120068,0.000492763,-0.00330091,0.392,0.218,0.366,0.164
8569,0,0,0,0.3,0,0.00169519,2.58358,-0.00381584,-0.00157799,0.000775824,-0.000790459,0.999998,0.00877804,2.71602,-0.0193619,-0.00108156,0.000325049,-0.00304104,0.204,0.342,0.25,0.344
8570,0,0,0,0.3,0,0.001704,2.5863,-0.00383525,-0.00157872,0.000776005,-0.000791945,0.999998,0.00880243,2.72187,-0.0194105,-0.0018448,0.000591556,-0.00287459,0.368,0.254,0.326,0.192
8571,0,0,0,0.3,0,0.00171282,2.58903,-0.00385471,-0.0015797,0.00077645,-0.000793229,0.999998,0.00882686,2.72772,-0.0194591,-0.00185962,0.000907813,-0.00229493,0.27,0.284,0.308,0.276
8572,0,0,0,0.3,0,0.00172167,2.59176,-0.00387422,-0.00158064,0.000776791,-0.000794246,0.999998,0.00885132,2.73356,-0.0195077,-0.00209507,0.000647248,-0.00186182,0.274,0.326,0.258,0.282
8573,0,0,0,0.3,0,0.00173055,2.5945,-0.00389377,-0.00158183,0.000777294,-0.00079502,0.999998,0.00887579,2.7394,-0.0195564,-0.0024013,0.00124154,-0.00123828,0.358,0.228,0.36,0.194
8574,0,0,0,0.3,0,0.00173945,2.59725,-0.00391338,-0.0015829,0.000777818,-0.000795444,0.999998,0.00890029,2.74523,-0.0196051,-0.00202371,0.00082557,-0.000588667,0.204,0.352,0.238,0.346
8575,0,0,0,0.3,0,0.00174838,2.6,-0.00393303,-0.00158405,0.000778277,-0.000795578,0.999998,0.00892479,2.75106,-0.0196538,-0.00247459,0.00112877,4.41784e-05,0.39,0.222,0.358,0.168
8576,0,0,0,0.3,0,0.00175732,2.60276,-0.00395274,-0.00158518,0.00077884,-0.000795301,0.999998,0.00894927,2.75689,-0.0197025,-0.00202056,0.000925524,0.000928272,0.224,0.318,0.274,0.322
8577,0,0,0,0.3,0,0.0017663,2.60552,-0.00397249,-0.00158623,0.000779182,-0.000794675,0.999998,0.00897374,2.76272,-0.0197513,-0.00231525,0.000709636,0.0014807,0.324,0.286,0.296,0.234
8578,0,0,0,0.3,0,0.0017753,2.60829,-0.00399229,-0.00158744,0.000779665,-0.000793763,0.999998,0.00899817,2.76854,-0.0198,-0.00228487,0.00102431,0.00210234,0.314,0.25,0.34,0.234
8579,0,0,0,0.3,0,0.00178432,2.61106,-0.00401214,-0.00158848,0.000780022,-0.000792609,0.999998,0.00902257,2.77436,-0.0198488,-0.00210462,0.000527144,0.0023986,0.236,0.342,0.244,0.316
8580,0,0,0,0.3,0,0.00179337,2.61384,-0.00403203,-0.00158967,0.000780386,-0.000791365,0.999998,0.00904692,2.78018,-0.0198976,-0.00242965,0.000949522,0.00260324,0.384,0.214,0.37,0.17
8581,0,0,0,0.3,0,0.00180244,2.61663,-0.00405198,-0.0015907,0.000780774,-0.000789994,0.999998,0.00907122,2.78599,-0.0199465,-0.00177727,0.000481898,0.00279095,0.2,0.346,0.246,0.348
8582,0,0,0,0.3,0,0.00181153,2.61942,-0.00407198,-0.00159162,0.000780936,-0.000788629,0.999998,0.00909547,2.7918,-0.0199953,-0.00192921,0.000411068,0.00270366,0.368,0.25,0.332,0.19
8583,0,0,0,0.3,0,0.00182065,2.62222,-0.00409202,-0.00159244,0.000781168,-0.000787253,0.999998,0.00911967,2.79761,-0.0200442,-0.00126507,0.000306389,0.00278628,0.258,0.29,0.304,0.288
8584,0,0,0,0.3,0,0.0018298,2.62502,-0.00411211,-0.00159294,0.000781119,-0.000785917,0.999998,0.00914382,2.80341,-0.020093,-0.000971703,-0.000250794,0.00254355,0.278,0.32,0.264,0.278
8585,0,0,0,0.3,0,0.00183896,2.62783,-0.00413225,-0.00159344,0.000781071,-0.000784702,0.999998,0.00916792,2.80921,-0.0201419,-0.000829454,-3.56265e-05,0.00238303,0.352,0.23,0.358,0.2
8586,0,0,0,0.3,0,0.00184816,2.63065,-0.00415244,-0.00159365,0.000780868,-0.000783577,0.999998,0.00919197,2.81501,-0.0201908,-0.000251437,-0.000720595,0.00208738,0.21,0.356,0.234,0.34
8587,0,0,0,0.3,0,0.00185737,2.63347,-0.00417268,-0.00159389,0.000780537,-0.000782664,0.999998,0.00921599,2.8208,-0.0202396,-0.000632557,-0.000453945,0.00167498,0.394,0.224,0.358,0.162
8588,0,0,0,0.3,0,0.00186661,2.63629,-0.00419297,-0.0015941,0.00078031,-0.000781885,0.999998,0.00923998,2.82659,-0.0202885,-0.000179189,-0.000657722,0.00144603,0.22,0.326,0.268,0.326
8589,0,0,0,0.3,0,0.00187588,2.63913,-0.00421331,-0.00159425,0.000779871,-0.000781284,0.999998,0.00926393,2.83238,-0.0203373,-0.000575697,-0.000837757,0.00103236,0.33,0.284,0.298,0.228
8590,0,0,0,0.3,0,0.00188516,2.64196,-0.0042337,-0.00159461,0.000779578,-0.000780794,0.999998,0.00928787,2.83817,-0.0203862,-0.000624759,-0.000555109,0.000997628,0.304,0.256,0.334,0.244
8591,0,0,0,0.3,0,0.00189448,2.64481,-0.00425413,-0.00159488,0.000779115,-0.000780312,0.999998,0.00931178,2.84395,-0.020435,-0.00066682,-0.00116275,0.000905853,0.24,0.342,0.246,0.312
8592,0,0,0,0.3,0,0.00190381,2.64766,-0.00427462,-0.00159543,0.0007786,-0.000779871,0.999998,0.00933566,2.84973,-0.0204838,-0.00127512,-0.00089445,0.000930581,0.384,0.214,0.372,0.17
8593,0,0,0,0.3,0,0.00191317,2.65051,-0.00429515,-0.001596,0.00077803,-0.000779368,0.999998,0.00935953,2.8555,-0.0205326,-0.00110322,-0.00145838,0.0010215,0.204,0.346,0.244,0.344
8594,0,0,0,0.3,0,0.00192255,2.65337,-0.00431573,-0.00159675,0.000777235,-0.000778899,0.999998,0.00938337,2.86127,-0.0205815,-0.00185624,-0.00148362,0.000909841,0.38,0.24,0.34,0.18
8595,0,0,0,0.3,0,0.00193196,2.65624,-0.00433636,-0.00159769,0.000776524,-0.000778416,0.999998,0.0094072,2.86704,-0.0206303,-0.00172385,-0.00155366,0.00101501,0.254,0.292,0.3,0.294
8596,0,0,0,0.3,0,0.00194139,2.65911,-0.00435704,-0.00159855,0.000775618,-0.000777946,0.999998,0.009431,2.87281,-0.0206792,-0.00186439,-0.00182076,0.00086149,0.288,0.312,0.27,0.268
8597,0,0,0,0.3,0,0.00195085,2.66199,-0.00437777,-0.00159953,0.000774905,-0.000777526,0.999998,0.00945478,2.87857,-0.0207281,-0.00181349,-0.00119606,0.000874703,0.346,0.232,0.356,0.206
8598,0,0,0,0.3,0,0.00196033,2.66488,-0.00439854,-0.00160021,0.000774224,-0.000777105,0.999998,0.00947854,2.88434,-0.020777,-0.00111293,-0.00151761,0.000757852,0.216,0.352,0.238,0.336
8599,0,0,0,0.3,0,0.00196983,2.66777,-0.00441937,-0.00160078,0.000773586,-0.000776801,0.999998,0.00950228,2.89009,-0.0208259,-0.00110341,-0.000956957,0.000544964,0.394,0.22,0.362,0.164
8600,0,0,0,0.3,0,0.00197935,2.67066,-0.00444024,-0.00160107,0.000773146,-0.000776538,0.999998,0.009526,2.89585,-0.0208748,-7.15881e-05,-0.00102171,0.000482421,0.212,0.328,0.264,0.334
8601,0,0,0,0.3,0,0.0019889,2.67356,-0.00446117,-0.00160097,0.000772599,-0.000776385,0.999998,0.00954971,2.9016,-0.0209237,0.000255636,-0.000937178,0.000183141,0.338,0.276,0.304,0.22
8602,0,0,0,0.3,0,0.00199848,2.67647,-0.00448214,-0.00160066,0.000772278,-0.000776308,0.999998,0.00957341,2.90735,-0.0209725,0.00111926,-0.000610666,0.000159028,0.294,0.266,0.326,0.254
8603,0,0,0,0.3,0,0.00200807,2.67938,-0.00450316,-0.00159981,0.000771814,-0.000776286,0.999998,0.0095971,2.91309,-0.0210214,0.00193499,-0.00110982,-0.000102965,0.248,0.338,0.248,0.306
8604,0,0,0,0.3,0,0.0020177,2.6823,-0.00452423,-0.0015988,0.000771366,-0.00077642,0.999998,0.00962079,2.91883,-0.0210702,0.00223484,-0.000730071,-0.000343532,0.378,0.222,0.364,0.176
8605,0,0,0,0.3,0,0.00202734,2.68523,-0.00454535,-0.00159739,0.000770867,-0.000776639,0.999998,0.00964448,2.92457,-0.0211189,0.00319189,-0.00135174,-0.000565526,0.198,0.354,0.238,0.35
8606,0,0,0,0.3,0,0.00203701,2.68816,-0.00456652,-0.0015958,0.000770132,-0.000777042,0.999998,0.00966816,2.9303,-0.0211676,0.00313173,-0.0013774,-0.000952306,0.378,0.242,0.34,0.182
8607,0,0,0,0.3,0,0.0020467,2.69109,-0.00458773,-0.00159408,0.000769451,-0.000777543,0.999998,0.00969186,2.93604,-0.0212162,0.00381929,-0.00157051,-0.00103554,0.244,0.304,0.29,0.302
8608,0,0,0,0.3,0,0.00205642,2.69404,-0.004609,-0.0015921,0.000768483,-0.000778135,0.999998,0.00971556,2.94176,-0.0212647,0.00383458,-0.00204433,-0.00132031,0.296,0.312,0.272,0.262
8609,0,0,0,0.3,0,0.00206615,2.69698,-0.00463031,-0.00159027,0.000767574,-0.000778834,0.999998,0.00973928,2.94749,-0.0213132,0.00369387,-0.0017591,-0.00141249,0.336,0.238,0.35,0.216
8610,0,0,0,0.3,0,0.00207592,2.69994,-0.00465167,-0.00158836,0.000766514,-0.000779579,0.999998,0.00976301,2.95321,-0.0213616,0.00373487,-0.00241618,-0.0016002,0.216,0.352,0.236,0.334
8611,0,0,0,0.3,0,0.0020857,2.7029,-0.00467308,-0.00158675,0.000765366,-0.000780445,0.999998,0.00978676,2.95893,-0.0214099,0.002851,-0.00208615,-0.00176767,0.394,0.218,0.364,0.162
8612,0,0,0,0.3,0,0.00209552,2.70586,-0.00469454,-0.00158536,0.000764326,-0.000781313,0.999998,0.00981054,2.96464,-0.0214582,0.00274919,-0.00226065,-0.00173926,0.212,0.332,0.26,0.336
8613,0,0,0,0.3,0,0.00210535,2.70883,-0.00471605,-0.00158424,0.000763162,-0.00078224,0.999998,0.00983433,2.97036,-0.0215064,0.00169067,-0.00215999,-0.00192601,0.35,0.266,0.314,0.21
8614,0,0,0,0.3,0,0.00211521,2.71181,-0.0047376,-0.00158361,0.000762252,-0.000783177,0.999998,0.00985814,2.97607,-0.0215545,0.00113994,-0.00175153,-0.00179567,0.288,0.268,0.324,0.26
8615,0,0,0,0.3,0,0.00212509,2.71479,-0.00475921,-0.00158316,0.000761281,-0.000784073,0.999998,0.00988198,2.98177,-0.0216027,0.000514512,-0.00198533,-0.00182878,0.254,0.332,0.252,0.3
8616,0,0,0,0.3,0,0.002135,2.71778,-0.00478086,-0.0015832,0.000760491,-0.00078499,0.999998,0.00990584,2.98747,-0.0216508,-0.000370116,-0.00127271,-0.00177856,0.374,0.22,0.364,0.18
8617,0,0,0,0.3,0,0.00214493,2.72077,-0.00480256,-0.00158338,0.000759827,-0.000785855,0.999998,0.00992972,2.99318,-0.0216989,-0.000424847,-0.00148451,-0.0017482,0.202,0.352,0.238,0.346
8618,0,0,0,0.3,0,0.00215488,2.72377,-0.0048243,-0.00158384,0.00075916,-0.000786787,0.999998,0.00995362,2.99887,-0.0217469,-0.0013134,-0.00101996,-0.00191347,0.388,0.236,0.344,0.172
8619,0,0,0,0.3,0,0.00216486,2.72677,-0.0048461,-0.00158452,0.000758789,-0.000787727,0.999998,0.00997754,3.00456,-0.021795,-0.00124969,-0.000747155,-0.0018551,0.242,0.31,0.282,0.306
8620,0,0,0,0.3,0,0.00217486,2.72978,-0.00486794,-0.00158522,0.000758373,-0.000788696,0.999998,0.0100015,3.01025,-0.0218431,-0.00171009,-0.000724357,-0.00200604,0.308,0.304,0.276,0.25
8621,0,0,0,0.3,0,0.00218488,2.7328,-0.00488983,-0.00158621,0.000758224,-0.000789668,0.999998,0.0100255,3.01594,-0.0218912,-0.00199946,-8.43707e-05,-0.00182174,0.33,0.238,0.35,0.222
8622,0,0,0,0.3,0,0.00219493,2.73582,-0.00491177,-0.00158716,0.0007581,-0.000790497,0.999998,0.0100495,3.02163,-0.0219394,-0.0019733,-0.000376261,-0.00154875,0.222,0.348,0.24,0.33
8623,0,0,0,0.3,0,0.00220501,2.73885,-0.00493376,-0.00158836,0.000758068,-0.000791159,0.999998,0.0100735,3.02731,-0.0219875,-0.0026518,0.000287935,-0.00105933,0.394,0.214,0.368,0.162
8624,0,0,0,0.3,0,0.0022151,2.74188,-0.00495579,-0.00158962,0.000758257,-0.000791479,0.999998,0.0100975,3.03298,-0.0220357,-0.00239926,0.000265049,-0.000351943,0.206,0.338,0.254,0.342
8625,0,0,0,0.3,0,0.00222522,2.74492,-0.00497788,-0.00159095,0.000758393,-0.000791534,0.999998,0.0101215,3.03866,-0.0220839,-0.00296932,0.000494096,9.1735e-05,0.354,0.264,0.318,0.204
8626,0,0,0,0.3,0,0.00223537,2.74796,-0.00500001,-0.00159246,0.000758789,-0.000791307,0.999998,0.0101455,3.04433,-0.0221321,-0.00282303,0.000819809,0.000746727,0.28,0.272,0.318,0.268
8627,0,0,0,0.3,0,0.00224554,2.75101,-0.00502219,-0.00159381,0.00075906,-0.000790816,0.999998,0.0101695,3.04999,-0.0221803,-0.00280562,0.00044962,0.00111564,0.264,0.33,0.254,0.292
8628,0,0,0,0.3,0,0.00225573,2.75407,-0.00504442,-0.00159534,0.000759424,-0.000790153,0.999998,0.0101934,3.05566,-0.0222286,-0.00306406,0.000924355,0.00154148,0.366,0.224,0.362,0.188
8629,0,0,0,0.3,0,0.00226595,2.75713,-0.0050667,-0.00159672,0.000759775,-0.000789265,0.999998,0.0102174,3.06132,-0.0222769,-0.00262148,0.000446102,0.00189852,0.204,0.354,0.236,0.346
8630,0,0,0,0.3,0,0.00227619,2.7602,-0.00508902,-0.00159815,0.000760022,-0.000788267,0.999998,0.0102413,3.06697,-0.0223253,-0.00304776,0.000729462,0.00212731,0.39,0.23,0.352,0.17
8631,0,0,0,0.3,0,0.00228646,2.76327,-0.00511139,-0.00159958,0.000760435,-0.000787063,0.999998,0.0102651,3.07263,-0.0223737,-0.00260035,0.000697869,0.00261974,0.232,0.31,0.284,0.314
8632,0,0,0,0.3,0,0.00229675,2.76635,-0.00513382,-0.0016009,0.000760684,-0.000785675,0.999998,0.0102889,3.07828,-0.0224221,-0.00283464,0.000551589,0.00289542,0.314,0.292,0.29,0.244
8633,0,0,0,0.3,0,0.00230706,2.76943,-0.00515629,-0.00160238,0.000761107,-0.000784092,0.999998,0.0103127,3.08393,-0.0224705,-0.00285162,0.000934608,0.0034199,0.32,0.244,0.346,0.23
8634,0,0,0,0.3,0,0.0023174,2.77252,-0.00517881,-0.0016037,0.000761379,-0.000782266,0.999998,0.0103364,3.08957,-0.022519,-0.00260868,0.000263851,0.00377225,0.224,0.346,0.242,0.326
8635,0,0,0,0.3,0,0.00232776,2.77562,-0.00520137,-0.00160512,0.000761564,-0.000780321,0.999998,0.01036,3.09522,-0.0225674,-0.00291515,0.000539587,0.00402333,0.388,0.214,0.37,0.166
8636,0,0,0,0.3,0,0.00233814,2.77872,-0.00522399,-0.0016064,0.000761716,-0.000778239,0.999998,0.0103836,3.10086,-0.022616,-0.00226168,-5.14953e-05,0.00420526,0.202,0.34,0.254,0.344
8637,0,0,0,0.3,0,0.00234855,2.78183,-0.00524665,-0.00160757,0.000761546,-0.0007762,0.999998,0.0104071,3.10649,-0.0226645,-0.00247314,-0.000352679,0.00397467,0.36,0.252,0.328,0.198
8638,0,0,0,0.3,0,0.00235898,2.78494,-0.00526937,-0.00160872,0.000761337,-0.000774253,0.999998,0.0104305,3.11213,-0.0227131,-0.0019712,-0.00065606,0.00382374,0.268,0.28,0.314,0.278
8639,0,0,0,0.3,0,0.00236943,2.78806,-0.00529213,-0.00160957,0.000760746,-0.000772481,0.999998,0.0104538,3.11776,-0.0227617,-0.00168791,-0.00143061,0.00326848,0.272,0.324,0.262,0.284
8640,0,0,0,0.3,0,0.00237991,2.79118,-0.00531494,-0.00161043,0.000760076,-0.000771031,0.999998,0.0104771,3.12338,-0.0228102,-0.00154395,-0.00130503,0.00264297,0.362,0.224,0.364,0.19
8641,0,0,0,0.3,0,0.00239041,2.79431,-0.0053378,-0.00161095,0.000759208,-0.000769935,0.999998,0.0105003,3.129,-0.0228589,-0.00077247,-0.0021339,0.00176862,0.208,0.354,0.236,0.34
8642,0,0,0,0.3,0,0.00240093,2.79744,-0.0053607,-0.00161136,0.000758087,-0.000769372,0.999998,0.0105235,3.13463,-0.0229075,-0.000826839,-0.00215455,0.000674053,0.396,0.228,0.352,0.162
8643,0,0,0,0.3,0,0.00241148,2.80058,-0.00538366,-0.00161154,0.000756957,-0.000769286,0.999998,0.0105467,3.14024,-0.0229561,0.000120306,-0.00254661,-0.000226565,0.228,0.322,0.272,0.32
8644,0,0,0,0.3,0,0.00242205,2.80373,-0.00540667,-0.00161134,0.000755534,-0.000769709,0.999998,0.0105699,3.14586,-0.0230046,0.000463166,-0.00285371,-0.00130555,0.324,0.292,0.288,0.234
8645,0,0,0,0.3,0,0.00243264,2.80688,-0.00542972,-0.00161096,0.000754249,-0.000770562,0.999998,0.0105931,3.15147,-0.0230532,0.00119626,-0.00249564,-0.00193299,0.314,0.254,0.336,0.236
8646,0,0,0,0.3,0,0.00244326,2.81004,-0.00545282,-0.00161005,0.000752867,-0.000771669,0.999998,0.0106163,3.15708,-0.0231017,0.00208957,-0.00293072,-0.00243691,0.232,0.346,0.24,0.32
8647,0,0,0,0.3,0,0.0024539,2.8132,-0.00547597,-0.00160896,0.000751559,-0.000772972,0.999998,0.0106396,3.16268,-0.0231502,0.00236748,-0.00230977,-0.00263745,0.386,0.22,0.364,0.17
8648,0,0,0,0.3,0,0.00246456,2.81637,-0.00549917,-0.00160747,0.000750409,-0.000774259,0.999998,0.0106629,3.16828,-0.0231986,0.00343412,-0.00246222,-0.00254143,0.198,0.35,0.242,0.35
8649,0,0,0,0.3,0,0.00247525,2.81954,-0.00552242,-0.00160571,0.000749223,-0.000775534,0.999998,0.0106862,3.17388,-0.023247,0.00346075,-0.00209118,-0.00251122,0.37,0.25,0.33,0.19
8650,0,0,0,0.3,0,0.00248596,2.82272,-0.00554571,-0.00160385,0.000748345,-0.000776682,0.999998,0.0107096,3.17948,-0.0232953,0.00404902,-0.00171417,-0.00210485,0.264,0.288,0.304,0.284
8651,0,0,0,0.3,0,0.00249669,2.82591,-0.00556906,-0.00160176,0.000747421,-0.000777657,0.999998,0.0107329,3.18507,-0.0233435,0.00404444,-0.00181219,-0.001859,0.28,0.318,0.264,0.276
8652,0,0,0,0.3,0,0.00250744,2.8291,-0.00559245,-0.00159987,0.00074674,-0.000778482,0.999998,0.0107563,3.19066,-0.0233916,0.00377044,-0.00108243,-0.00143458,0.352,0.228,0.36,0.2
8653,0,0,0,0.3,0,0.00251822,2.83229,-0.00561589,-0.00159789,0.000746159,-0.000779077,0.999998,0.0107798,3.19624,-0.0234397,0.00396485,-0.00128873,-0.00105651,0.21,0.354,0.234,0.34
8654,0,0,0,0.3,0,0.00252903,2.83549,-0.00563937,-0.0015961,0.000745639,-0.000779533,0.999998,0.0108032,3.20182,-0.0234876,0.00331734,-0.000716311,-0.000753463,0.396,0.224,0.356,0.162
8655,0,0,0,0.3,0,0.00253985,2.8387,-0.00566291,-0.00159438,0.000745354,-0.000779771,0.999998,0.0108266,3.2074,-0.0235356,0.00361174,-0.000662221,-0.000295216,0.218,0.326,0.266,0.33
8656,0,0,0,0.3,0,0.0025507,2.84192,-0.00568649,-0.00159266,0.000745018,-0.000779862,0.999998,0.01085,3.21298,-0.0235834,0.00315922,-0.000456967,-8.80892e-05,0.33,0.282,0.298,0.23
8657,0,0,0,0.3,0,0.00256158,2.84513,-0.00571012,-0.00159115,0.000745009,-0.000779763,0.999998,0.0108735,3.21855,-0.0236312,0.00310709,0.000138791,0.000465612,0.3,0.256,0.334,0.248
8658,0,0,0,0.3,0,0.00257248,2.84836,-0.0057338,-0.00158956,0.000744986,-0.000779389,0.999998,0.0108969,3.22412,-0.0236789,0.00304663,-0.000136283,0.000920659,0.24,0.34,0.248,0.314
8659,0,0,0,0.3,0,0.0025834,2.85159,-0.00575753,-0.00158826,0.000745094,-0.000778798,0.999998,0.0109203,3.22969,-0.0237265,0.00236616,0.000518981,0.00143214,0.384,0.216,0.37,0.172
8660,0,0,0,0.3,0,0.00259434,2.85482,-0.0057813,-0.00158706,0.000745314,-0.000777933,0.999998,0.0109436,3.23526,-0.0237741,0.00239225,0.000217447,0.00188143,0.202,0.348,0.244,0.346
8661,0,0,0,0.3,0,0.00260531,2.85806,-0.00580513,-0.00158611,0.000745387,-0.000776967,0.999998,0.0109669,3.24082,-0.0238217,0.00145669,0.00028772,0.00197888,0.376,0.246,0.334,0.182
8662,0,0,0,0.3,0,0.0026163,2.86131,-0.005829,-0.00158546,0.000745577,-0.000775907,0.999998,0.0109902,3.24638,-0.0238692,0.00136178,0.00023648,0.00221734,0.25,0.294,0.298,0.296
8663,0,0,0,0.3,0,0.00262731,2.86456,-0.00585291,-0.00158485,0.000745517,-0.000774804,0.999998,0.0110135,3.25193,-0.0239167,0.000926354,-0.000220048,0.00216681,0.286,0.312,0.272,0.27
8664,0,0,0,0.3,0,0.00263835,2.86782,-0.00587688,-0.00158456,0.000745527,-0.000773693,0.999998,0.0110367,3.25748,-0.0239641,0.000510546,0.000126502,0.00231239,0.344,0.234,0.354,0.206
8665,0,0,0,0.3,0,0.00264941,2.87108,-0.00590089,-0.00158426,0.000745426,-0.000772508,0.999998,0.0110598,3.26303,-0.0240115,0.000512729,-0.000464533,0.00235041,0.214,0.35,0.238,0.336
8666,0,0,0,0.3,0,0.00266049,2.87435,-0.00592495,-0.00158425,0.00074525,-0.000771376,0.999998,0.0110829,3.26858,-0.0240589,-0.000301067,-0.000115241,0.00223785,0.394,0.218,0.364,0.162
8667,0,0,0,0.3,0,0.00267159,2.87763,-0.00594905,-0.00158439,0.000745192,-0.00077025,0.999998,0.011106,3.27412,-0.0241063,-0.000190124,-0.000298766,0.00223108,0.214,0.33,0.262,0.334
8668,0,0,0,0.3,0,0.00268272,2.88091,-0.00597321,-0.00158464,0.000744977,-0.000769215,0.999998,0.011129,3.27966,-0.0241537,-0.000843989,-0.000297445,0.00194678,0.34,0.276,0.306,0.22
8669,0,0,0,0.3,0,0.00269388,2.88419,-0.00599741,-0.00158514,0.000744974,-0.000768267,0.999998,0.011152,3.2852,-0.0242011,-0.000917414,3.98539e-05,0.00188228,0.294,0.264,0.326,0.254
8670,0,0,0,0.3,0,0.00270505,2.88748,-0.00602166,-0.00158556,0.000744853,-0.000767392,0.999998,0.011175,3.29073,-0.0242485,-0.000964889,-0.000375372,0.00160437,0.246,0.338,0.246,0.308
8671,0,0,0,0.3,0,0.00271625,2.89078,-0.00604595,-0.00158622,0.000744811,-0.000766666,0.999998,0.0111979,3.29626,-0.0242958,-0.00143903,0.000178243,0.00139542,0.378,0.218,0.368,0.178
8672,0,0,0,0.3,0,0.00272747,2.89408,-0.0060703,-0.00158685,0.000744837,-0.000766008,0.999998,0.0112208,3.30179,-0.0243432,-0.00116853,-0.000172596,0.00120407,0.202,0.35,0.24,0.346
8673,0,0,0,0.3,0,0.00273871,2.89739,-0.00609469,-0.00158762,0.000744778,-0.000765517,0.999998,0.0112437,3.30731,-0.0243906,-0.00188002,0.00011522,0.000850643,0.382,0.236,0.346,0.178
8674,0,0,0,0.3,0,0.00274998,2.9007,-0.00611912,-0.00158858,0.000744912,-0.00076512,0.999998,0.0112665,3.31283,-0.024438,-0.00178589,0.000180666,0.000748662,0.246,0.298,0.294,0.3
8675,0,0,0,0.3,0,0.00276127,2.90402,-0.00614361,-0.00158954,0.000744882,-0.000764841,0.999998,0.0112893,3.31835,-0.0244854,-0.00219426,-6.57532e-05,0.000391018,0.302,0.306,0.276,0.256
8676,0,0,0,0.3,0,0.00277258,2.90734,-0.00616814,-0.00159077,0.000744994,-0.000764718,0.999998,0.0113121,3.32386,-0.0245328,-0.00247266,0.000343521,0.000168135,0.34,0.238,0.352,0.212
8677,0,0,0,0.3,0,0.00278392,2.91067,-0.00619272,-0.00159191,0.000745013,-0.000764731,0.999998,0.0113349,3.32937,-0.0245803,-0.0022648,-0.000197352,-0.000238176,0.22,0.35,0.238,0.332
8678,0,0,0,0.3,0,0.00279527,2.91401,-0.00621735,-0.00159318,0.000745012,-0.000764987,0.999998,0.0113577,3.33488,-0.0246278,-0.0026443,0.000269402,-0.000651499,0.398,0.216,0.368,0.16
8679,0,0,0,0.3,0,0.00280665,2.91735,-0.00624203,-0.00159432,0.000745154,-0.000765356,0.999998,0.0113806,3.34038,-0.0246753,-0.00194699,0.000105048,-0.000826244,0.212,0.334,0.258,0.334
8680,0,0,0,0.3,0,0.00281806,2.92069,-0.00626675,-0.00159527,0.000745165,-0.000765873,0.999998,0.0114034,3.34589,-0.0247228,-0.00195512,0.000182472,-0.00117494,0.352,0.268,0.31,0.208
8681,0,0,0,0.3,0,0.00282948,2.92404,-0.00629152,-0.0015961,0.0007454,-0.000766478,0.999998,0.0114262,3.35139,-0.0247703,-0.00123023,0.000485778,-0.00120418,0.286,0.274,0.316,0.262
8682,0,0,0,0.3,0,0.00284093,2.9274,-0.00631634,-0.00159645,0.000745509,-0.000767115,0.999998,0.011449,3.35688,-0.0248179,-0.00046408,0.000145633,-0.00135799,0.256,0.336,0.25,0.3
8683,0,0,0,0.3,0,0.0028524,2.93076,-0.0063412,-0.00159659,0.000745775,-0.000767797,0.999998,0.0114719,3.36237,-0.0248654,4.52685e-05,0.000817963,-0.00129279,0.37,0.222,0.364,0.184
8684,0,0,0,0.3,0,0.0028639,2.93413,-0.00636612,-0.00159621,0.000746128,-0.000768371,0.999998,0.0114947,3.36786,-0.0249129,0.00121982,0.000511797,-0.00106744,0.202,0.352,0.238,0.348
8685,0,0,0,0.3,0,0.00287542,2.9375,-0.00639108,-0.00159555,0.000746437,-0.000768859,0.999998,0.0115176,3.37335,-0.0249604,0.00136464,0.000864233,-0.000855091,0.386,0.232,0.348,0.174
8686,0,0,0,0.3,0,0.00288696,2.94088,-0.00641608,-0.00159465,0.000746934,-0.000769142,0.999998,0.0115405,3.37883,-0.0250079,0.00223111,0.000877323,-0.000351541,0.234,0.312,0.282,0.314
8687,0,0,0,0.3,0,0.00289852,2.94427,-0.00644114,-0.00159343,0.000747274,-0.000769241,0.999998,0.0115633,3.38431,-0.0250552,0.0024011,0.000718679,-0.000107557,0.302,0.302,0.28,0.254
8688,0,0,0,0.3,0,0.00291011,2.94766,-0.00646624,-0.00159221,0.000747812,-0.000769192,0.999998,0.0115862,3.38979,-0.0251026,0.00266238,0.0012166,0.00028747,0.324,0.242,0.346,0.226
8689,0,0,0,0.3,0,0.00292172,2.95105,-0.00649139,-0.00159071,0.000748275,-0.000768967,0.999998,0.0116091,3.39526,-0.0251499,0.00307083,0.000706675,0.000506784,0.222,0.348,0.24,0.33
8690,0,0,0,0.3,0,0.00293335,2.95445,-0.00651659,-0.00158933,0.000748714,-0.000768685,0.999998,0.0116319,3.40073,-0.0251971,0.00259539,0.00110279,0.000646613,0.392,0.216,0.368,0.166
8691,0,0,0,0.3,0,0.002945,2.95786,-0.00654183,-0.00158797,0.000749212,-0.000768302,0.999998,0.0116547,3.4062,-0.0252443,0.00282611,0.000728208,0.00078964,0.204,0.338,0.254,0.342
8692,0,0,0,0.3,0,0.00295668,2.96127,-0.00656712,-0.00158674,0.000749505,-0.000767971,0.999998,0.0116775,3.41166,-0.0252914,0.002051,0.000702261,0.000558672,0.36,0.262,0.32,0.2
8693,0,0,0,0.3,0,0.00296838,2.96469,-0.00659246,-0.00158582,0.000749936,-0.000767715,0.999998,0.0117003,3.41712,-0.0253384,0.00185125,0.000767124,0.000472798,0.278,0.276,0.316,0.272
8694,0,0,0,0.3,0,0.0029801,2.96811,-0.00661785,-0.00158496,0.000750119,-0.000767576,0.999998,0.0117231,3.42258,-0.0253854,0.00143858,0.000153445,7.50198e-05,0.264,0.326,0.258,0.292
8695,0,0,0,0.3,0,0.00299185,2.97154,-0.00664328,-0.00158447,0.000750295,-0.000767638,0.999998,0.0117459,3.42803,-0.0254324,0.000811267,0.000499537,-0.000224994,0.362,0.226,0.36,0.192
8696,0,0,0,0.3,0,0.00300362,2.97497,-0.00666876,-0.00158402,0.000750435,-0.000767824,0.999998,0.0117686,3.43348,-0.0254794,0.000881699,2.23849e-05,-0.000545164,0.206,0.356,0.234,0.344
8697,0,0,0,0.3,0,0.00301541,2.97841,-0.00669429,-0.0015838,0.000750504,-0.000768245,0.999998,0.0117914,3.43893,-0.0255263,9.98128e-05,0.000411816,-0.00103856,0.394,0.226,0.354,0.166
8698,0,0,0,0.3,0,0.00302722,2.98186,-0.00671986,-0.00158376,0.00075079,-0.000768851,0.999998,0.0118142,3.44437,-0.0255732,0.00017468,0.000479097,-0.00136135,0.232,0.312,0.278,0.316
8699,0,0,0,0.3,0,0.00303906,2.98531,-0.00674548,-0.0015838,0.000750997,-0.00076968,0.999998,0.0118369,3.44982,-0.0256201,-0.000451962,0.000567201,-0.00188415,0.318,0.294,0.286,0.24
8700,0,0,0,0.3,0,0.00305092,2.98876,-0.00677115,-0.00158418,0.000751512,-0.000770692,0.999998,0.0118598,3.45526,-0.025667,-0.000768981,0.0012577,-0.00208543,0.322,0.25,0.338,0.23
8701,0,0,0,0.3,0,0.0030628,2.99222,-0.00679686,-0.00158452,0.000752095,-0.000771802,0.999998,0.0118826,3.46069,-0.0257139,-0.000787255,0.00111971,-0.00237031,0.232,0.346,0.24,0.322
8702,0,0,0,0.3,0,0.00307471,2.99569,-0.00682262,-0.00158511,0.000752864,-0.000773058,0.999998,0.0119055,3.46613,-0.0257607,-0.00135305,0.00192854,-0.0025529,0.388,0.216,0.366,0.168
8703,0,0,0,0.3,0,0.00308664,2.99916,-0.00684843,-0.00158569,0.00075389,-0.000774313,0.999998,0.0119284,3.47156,-0.0258076,-0.00101403,0.00197246,-0.0025045,0.204,0.342,0.25,0.344
8704,0,0,0,0.3,0,0.00309859,3.00264,-0.00687428,-0.00158632,0.000754943,-0.000775587,0.999998,0.0119513,3.47699,-0.0258545,-0.00155051,0.002409,-0.00255162,0.366,0.25,0.33,0.192
8705,0,0,0,0.3,0,0.00311056,3.00612,-0.00690018,-0.0015871,0.000756323,-0.000776787,0.999998,0.0119743,3.48241,-0.0259014,-0.00138796,0.00279379,-0.00227352,0.268,0.282,0.312,0.28
8706,0,0,0,0.3,0,0.00312256,3.00961,-0.00692613,-0.00158777,0.000757601,-0.000777899,0.999998,0.0119972,3.48783,-0.0259483,-0.00149935,0.00248362,-0.00223318,0.278,0.32,0.264,0.276
8707,0,0,0,0.3,0,0.00313458,3.0131,-0.00695213,-0.00158863,0.00075898,-0.00077899,0.999998,0.0120203,3.49325,-0.0259952,-0.00165855,0.00288696,-0.00210768,0.36,0.226,0.362,0.192
8708,0,0,0,0.3,0,0.00314662,3.0166,-0.00697817,-0.00158928,0.00076024,-0.000780027,0.999998,0.0120433,3.49867,-0.0260421,-0.00111653,0.00214912,-0.00212047,0.21,0.354,0.236,0.34
8709,0,0,0,0.3,0,0.00315869,3.0201,-0.00700426,-0.00158989,0.000761285,-0.000781136,0.999998,0.0120664,3.50408,-0.0260891,-0.00125334,0.0021944,-0.0022472,0.394,0.226,0.356,0.164
8710,0,0,0,0.3,0,0.00317078,3.02361,-0.0070304,-0.00159027,0.000762338,-0.000782226,0.999998,0.0120895,3.50949,-0.026136,-0.000281032,0.00181754,-0.00214815,0.222,0.324,0.27,0.324
8711,0,0,0,0.3,0,0.00318289,3.02713,-0.00705658,-0.00159026,0.000763077,-0.000783328,0.999998,0.0121126,3.51489,-0.0261829,0.000112565,0.00141595,-0.00224511,0.326,0.288,0.294,0.232
8712,0,0,0,0.3,0,0.00319503,3.03065,-0.00708281,-0.00159003,0.000763854,-0.000784396,0.999998,0.0121357,3.52029,-0.0262298,0.000930072,0.00148399,-0.00200499,0.306,0.254,0.338,0.242
8713,0,0,0,0.3,0,0.00320719,3.03417,-0.00710908,-0.00158926,0.000764353,-0.00078534,0.999998,0.0121589,3.52569,-0.0262767,0.00182832,0.000659918,-0.00183972,0.232,0.346,0.24,0.32
8714,0,0,0,0.3,0,0.00321937,3.0377,-0.00713541,-0.0015883,0.000764722,-0.000786199,0.999998,0.0121821,3.53109,-0.0263235,0.00212454,0.000855961,-0.00156482,0.38,0.222,0.364,0.174
8715,0,0,0,0.3,0,0.00323157,3.04124,-0.00716178,-0.00158693,0.000765024,-0.000786875,0.999998,0.0122053,3.53648,-0.0263702,0.00315753,0.000241675,-0.00125303,0.2,0.352,0.24,0.346
8716,0,0,0,0.3,0,0.0032438,3.04478,-0.0071882,-0.00158534,0.000765044,-0.000787494,0.999998,0.0122285,3.54186,-0.026417,0.00309264,7.629e-05,-0.00121071,0.376,0.25,0.332,0.182
8717,0,0,0,0.3,0,0.00325605,3.04833,-0.00721466,-0.00158371,0.000765076,-0.000788023,0.999998,0.0122517,3.54725,-0.0264636,0.00351062,-0.0001729,-0.00093534,0.258,0.294,0.3,0.288
8718,0,0,0,0.3,0,0.00326833,3.05188,-0.00724117,-0.00158196,0.000764736,-0.000788461,0.999998,0.012275,3.55263,-0.0265102,0.00325915,-0.000946059,-0.000847627,0.282,0.314,0.27,0.274
8719,0,0,0,0.3,0,0.00328063,3.05544,-0.00726773,-0.00158051,0.000764289,-0.000788794,0.999998,0.0122982,3.55801,-0.0265567,0.00279512,-0.000922879,-0.000454597,0.348,0.228,0.36,0.204
8720,0,0,0,0.3,0,0.00329295,3.059,-0.00729433,-0.00157909,0.000763591,-0.000788881,0.999998,0.0123215,3.56339,-0.0266031,0.00274143,-0.00180677,9.76914e-07,0.21,0.35,0.24,0.34
8721,0,0,0,0.3,0,0.00330529,3.06257,-0.00732098,-0.00157798,0.000762669,-0.000788783,0.999998,0.0123447,3.56876,-0.0266495,0.00185765,-0.00172245,0.000390094,0.39,0.22,0.362,0.168
8722,0,0,0,0.3,0,0.00331766,3.06615,-0.00734767,-0.00157704,0.000761776,-0.000788448,0.999998,0.0123679,3.57413,-0.0266959,0.00196639,-0.00199841,0.000840716,0.212,0.328,0.264,0.334
8723,0,0,0,0.3,0,0.00333005,3.06973,-0.00737442,-0.00157618,0.000760697,-0.000788015,0.999998,0.0123911,3.57949,-0.0267422,0.00138796,-0.00206193,0.000862491,0.34,0.276,0.304,0.22
8724,0,0,0,0.3,0,0.00334247,3.07331,-0.0074012,-0.00157558,0.000759815,-0.00078757,0.999998,0.0124143,3.58486,-0.0267884,0.00126547,-0.001686,0.000911084,0.302,0.258,0.332,0.248
8725,0,0,0,0.3,0,0.0033549,3.0769,-0.00742804,-0.00157494,0.000758861,-0.000787187,0.999998,0.0124375,3.59022,-0.0268347,0.00107447,-0.00199584,0.00059178,0.248,0.338,0.246,0.308
8726,0,0,0,0.3,0,0.00336737,3.0805,-0.00745492,-0.00157464,0.000758064,-0.000787001,0.999998,0.0124606,3.59558,-0.0268809,0.000410812,-0.00123766,0.000254599,0.38,0.218,0.364,0.176
8727,0,0,0,0.3,0,0.00337985,3.0841,-0.00748185,-0.00157436,0.000757479,-0.00078695,0.999998,0.0124838,3.60093,-0.026927,0.000612325,-0.00124466,-6.61348e-05,0.198,0.35,0.24,0.352
8728,0,0,0,0.3,0,0.00339236,3.0877,-0.00750882,-0.00157422,0.000756996,-0.000787129,0.999998,0.0125069,3.60628,-0.0269732,-1.14026e-05,-0.00053582,-0.000541258,0.38,0.238,0.342,0.18
8729,0,0,0,0.3,0,0.00340489,3.09131,-0.00753584,-0.00157421,0.000756958,-0.000787452,0.999998,0.01253,3.61162,-0.0270193,0.000202609,7.56267e-05,-0.000724622,0.25,0.298,0.292,0.298
8730,0,0,0,0.3,0,0.00341744,3.09493,-0.00756291,-0.00157414,0.000757037,-0.000787929,0.999998,0.0125531,3.61697,-0.0270654,-0.000118695,0.000391634,-0.00116189,0.298,0.312,0.27,0.26
8731,0,0,0,0.3,0,0.00343002,3.09855,-0.00759002,-0.00157434,0.000757538,-0.000788607,0.999998,0.0125763,3.62231,-0.0271115,-0.00042686,0.00135965,-0.0014721,0.338,0.238,0.352,0.212
8732,0,0,0,0.3,0,0.00344262,3.10218,-0.00761717,-0.00157448,0.000758203,-0.000789443,0.999998,0.0125994,3.62764,-0.0271576,-0.000312692,0.00125707,-0.00187327,0.214,0.352,0.236,0.336
8733,0,0,0,0.3,0,0.00345524,3.10581,-0.00764438,-0.00157483,0.00075898,-0.000790488,0.999998,0.0126226,3.63298,-0.0272037,-0.000916602,0.00187782,-0.0021882,0.394,0.22,0.364,0.162
8734,0,0,0,0.3,0,0.00346788,3.10945,-0.00767163,-0.00157521,0.000759923,-0.000791588,0.999998,0.0126458,3.63831,-0.0272498,-0.000607385,0.00166909,-0.00223418,0.214,0.334,0.26,0.332
8735,0,0,0,0.3,0,0.00348055,3.1131,-0.00769892,-0.00157564,0.000760667,-0.000792774,0.999998,0.012669,3.64364,-0.0272959,-0.00117299,0.00154391,-0.00246931,0.35,0.272,0.31,0.208
8736,0,0,0,0.3,0,0.00349324,3.11675,-0.00772627,-0.00157629,0.000761524,-0.000793997,0.999998,0.0126923,3.64896,-0.027342,-0.00123091,0.0016608,-0.00239186,0.29,0.27,0.322,0.256
8737,0,0,0,0.3,0,0.00350596,3.1204,-0.00775365,-0.00157689,0.00076214,-0.000795189,0.999998,0.0127156,3.65428,-0.027388,-0.00135063,0.00098978,-0.00240457,0.254,0.336,0.25,0.3
8738,0,0,0,0.3,0,0.0035187,3.12406,-0.00778109,-0.00157773,0.000762696,-0.000796349,0.999998,0.0127389,3.6596,-0.0274341,-0.00174366,0.00118824,-0.00217725,0.374,0.22,0.368,0.18
8739,0,0,0,0.3,0,0.00353146,3.12772,-0.00780857,-0.00157846,0.000763098,-0.000797319,0.999998,0.0127623,3.66491,-0.0274802,-0.00133498,0.000384005,-0.00178918,0.202,0.348,0.242,0.346
8740,0,0,0,0.3,0,0.00354425,3.13139,-0.00783609,-0.00157926,0.000763192,-0.00079813,0.999998,0.0127856,3.67022,-0.0275263,-0.00181211,0.000211358,-0.00143742,0.386,0.232,0.348,0.174
8741,0,0,0,0.3,0,0.00355706,3.13507,-0.00786367,-0.00158009,0.000763234,-0.00079867,0.999998,0.012809,3.67553,-0.0275724,-0.00140113,-0.000214798,-0.000809439,0.238,0.306,0.288,0.31
8742,0,0,0,0.3,0,0.00356989,3.13875,-0.00789129,-0.00158076,0.00076293,-0.000798975,0.999998,0.0128324,3.68083,-0.0276186,-0.0014778,-0.000701091,-0.000477459,0.302,0.302,0.282,0.256
8743,0,0,0,0.3,0,0.00358274,3.14244,-0.00791895,-0.00158151,0.0007627,-0.000799096,0.999998,0.0128558,3.68613,-0.0276647,-0.001308,-0.000380166,-2.74469e-05,0.328,0.242,0.346,0.222
8744,0,0,0,0.3,0,0.00359562,3.14613,-0.00794666,-0.00158197,0.000762343,-0.00079903,0.999998,0.0128791,3.69143,-0.0277108,-0.000779962,-0.000962343,0.000181194,0.22,0.348,0.24,0.332
8745,0,0,0,0.3,0,0.00360853,3.14983,-0.00797442,-0.00158244,0.000761958,-0.000798939,0.999998,0.0129025,3.69673,-0.027757,-0.000963496,-0.000511201,0.000225461,0.39,0.214,0.368,0.166
8746,0,0,0,0.3,0,0.00362145,3.15353,-0.00800222,-0.00158274,0.000761685,-0.000798797,0.999998,0.0129259,3.70202,-0.0278031,-0.000304346,-0.000751036,0.000274338,0.208,0.338,0.254,0.34
8747,0,0,0,0.3,0,0.0036344,3.15723,-0.00803007,-0.00158293,0.000761284,-0.000798749,0.999998,0.0129492,3.70731,-0.0278492,-0.000580218,-0.000609089,-4.95286e-05,0.36,0.262,0.318,0.2
8748,0,0,0,0.3,0,0.00364737,3.16095,-0.00805796,-0.00158319,0.000761131,-0.000798837,0.999998,0.0129725,3.71259,-0.0278953,-0.00029083,-0.000263771,-0.000276198,0.282,0.276,0.316,0.266
8749,0,0,0,0.3,0,0.00366037,3.16467,-0.00808591,-0.00158326,0.000760896,-0.000799117,0.999998,0.0129959,3.71788,-0.0279414,-0.000207973,-0.00052572,-0.000821435,0.264,0.33,0.254,0.292
8750,0,0,0,0.3,0,0.00367339,3.16839,-0.00811389,-0.00158346,0.000760812,-0.000799662,0.999998,0.0130192,3.72315,-0.0279875,-0.000348168,7.90273e-05,-0.00123415,0.364,0.226,0.36,0.19
8751,0,0,0,0.3,0,0.00368643,3.17212,-0.00814193,-0.00158344,0.000760779,-0.000800364,0.999998,0.0130426,3.72843,-0.0280336,0.000227189,-0.000274488,-0.00157177,0.202,0.354,0.236,0.348
8752,0,0,0,0.3,0,0.0036995,3.17585,-0.00817001,-0.00158341,0.000760702,-0.000801267,0.999998,0.0130659,3.7337,-0.0280796,-6.87312e-05,0.000109454,-0.00192915,0.392,0.228,0.352,0.168
8753,0,0,0,0.3,0,0.00371259,3.17959,-0.00819813,-0.00158332,0.000760842,-0.000802245,0.999998,0.0130893,3.73897,-0.0281257,0.000469875,0.000211572,-0.00197908,0.232,0.314,0.278,0.314
8754,0,0,0,0.3,0,0.0037257,3.18333,-0.0082263,-0.00158309,0.000760888,-0.000803305,0.999998,0.0131127,3.74423,-0.0281717,0.000271277,0.000179193,-0.0022374,0.316,0.294,0.288,0.242
8755,0,0,0,0.3,0,0.00373883,3.18708,-0.00825452,-0.00158301,0.000761169,-0.000804435,0.999998,0.0131362,3.7495,-0.0282177,0.000276946,0.000704594,-0.00223191,0.324,0.246,0.346,0.226
8756,0,0,0,0.3,0,0.00375199,3.19084,-0.00828279,-0.00158276,0.000761387,-0.000805559,0.999998,0.0131596,3.75475,-0.0282637,0.000494414,0.000236607,-0.00230621,0.232,0.348,0.24,0.32
8757,0,0,0,0.3,0,0.00376518,3.1946,-0.0083111,-0.00158266,0.0007616,-0.000806733,0.999998,0.0131831,3.76001,-0.0283096,0.000118762,0.000619601,-0.00231958,0.39,0.218,0.366,0.166
8758,0,0,0,0.3,0,0.00377838,3.19836,-0.00833945,-0.00158243,0.000761811,-0.000807849,0.999998,0.0132066,3.76526,-0.0283556,0.000726293,9.52242e-05,-0.00220206,0.202,0.344,0.248,0.344
8759,0,0,0,0.3,0,0.00379161,3.20213,-0.00836785,-0.0015821,0.000761759,-0.000808966,0.999998,0.0132302,3.77051,-0.0284015,0.000552529,-4.70091e-05,-0.00222151,0.364,0.258,0.324,0.194
8760,0,0,0,0.3,0,0.00380487,3.20591,-0.0083963,-0.00158171,0.00076179,-0.000809989,0.999998,0.0132537,3.77575,-0.0284474,0.00111578,-6.89244e-05,-0.00189116,0.268,0.286,0.306,0.28
8761,0,0,0,0.3,0,0.00381815,3.20969,-0.00842479,-0.00158102,0.000761566,-0.000810884,0.999998,0.0132773,3.78099,-0.0284932,0.00136646,-0.00059834,-0.00173414,0.274,0.326,0.258,0.282
8762,0,0,0,0.3,0,0.00383145,3.21348,-0.00845333,-0.00158039,0.000761382,-0.000811665,0.999998,0.0133009,3.78623,-0.028539,0.00137186,-0.000232197,-0.00136546,0.358,0.23,0.358,0.196
8763,0,0,0,0.3,0,0.00384477,3.21727,-0.00848192,-0.00157953,0.000761133,-0.00081222,0.999998,0.0133246,3.79147,-0.0285848,0.00184475,-0.000766816,-0.000951085,0.204,0.356,0.234,0.346
8764,0,0,0,0.3,0,0.00385812,3.22107,-0.00851055,-0.00157875,0.000760803,-0.000812595,0.999998,0.0133482,3.7967,-0.0286305,0.00134316,-0.00039978,-0.000528766,0.392,0.226,0.356,0.166
8765,0,0,0,0.3,0,0.00387149,3.22487,-0.00853922,-0.00157802,0.00076067,-0.000812655,0.999998,0.0133718,3.80193,-0.0286762,0.00162291,-0.000373372,0.000188482,0.224,0.32,0.274,0.322
8766,0,0,0,0.3,0,0.00388489,3.22867,-0.00856795,-0.00157732,0.000760425,-0.000812415,0.999998,0.0133954,3.80715,-0.0287219,0.00103967,-0.000386633,0.000707459,0.328,0.284,0.298,0.23
8767,0,0,0,0.3,0,0.00389831,3.23249,-0.00859671,-0.00157696,0.000760391,-0.000811855,0.999998,0.013419,3.81237,-0.0287675,0.000688759,2.55828e-05,0.00147773,0.312,0.248,0.342,0.238
8768,0,0,0,0.3,0,0.00391175,3.2363,-0.00862553,-0.00157663,0.00076025,-0.000810933,0.999998,0.0134426,3.81759,-0.0288131,0.000441301,-0.000484099,0.00207182,0.232,0.34,0.248,0.32
8769,0,0,0,0.3,0,0.00392521,3.24013,-0.00865439,-0.00157665,0.000760114,-0.000809748,0.999998,0.0134661,3.82281,-0.0288587,-0.000252703,-4.3754e-05,0.00264857,0.382,0.212,0.372,0.174
8770,0,0,0,0.3,0,0.0039387,3.24396,-0.00868329,-0.00157669,0.000760019,-0.00080826,0.999998,0.0134896,3.82802,-0.0289042,6.86504e-05,-0.000455716,0.00315575,0.202,0.344,0.246,0.346
8771,0,0,0,0.3,0,0.00395222,3.24779,-0.00871224,-0.00157677,0.000759737,-0.000806662,0.999998,0.013513,3.83323,-0.0289498,-0.000377611,-0.000427934,0.00320864,0.372,0.248,0.332,0.188
8772,0,0,0,0.3,0,0.00396575,3.25163,-0.00874124,-0.00157689,0.000759603,-0.000805046,0.999998,0.0135364,3.83843,-0.0289953,2.32983e-05,-0.000327096,0.00321585,0.258,0.292,0.302,0.29
8773,0,0,0,0.3,0,0.00397931,3.25547,-0.00877028,-0.0015768,0.000759335,-0.000803551,0.999998,0.0135597,3.84364,-0.0290408,0.000118545,-0.000519521,0.00275975,0.28,0.314,0.268,0.276
8774,0,0,0,0.3,0,0.0039929,3.25932,-0.00879936,-0.00157679,0.000759284,-0.000802299,0.999998,0.013583,3.84884,-0.0290863,0.000169708,0.000148851,0.00234224,0.35,0.232,0.356,0.202
8775,0,0,0,0.3,0,0.0040065,3.26317,-0.00882849,-0.00157652,0.000759271,-0.000801267,0.999998,0.0136062,3.85403,-0.0291318,0.000681315,-0.000221342,0.00178246,0.212,0.354,0.236,0.336
8776,0,0,0,0.3,0,0.00402013,3.26703,-0.00885767,-0.00157629,0.000759245,-0.000800588,0.999998,0.0136294,3.85922,-0.0291773,0.000339051,0.000229193,0.00106559,0.392,0.222,0.36,0.166
8777,0,0,0,0.3,0,0.00403378,3.2709,-0.0088869,-0.00157598,0.000759363,-0.00080021,0.999998,0.0136525,3.86441,-0.0292227,0.000895845,1.22513e-05,0.000485268,0.214,0.326,0.268,0.332
8778,0,0,0,0.3,0,0.00404746,3.27477,-0.00891616,-0.00157555,0.000759233,-0.00080019,0.999998,0.0136757,3.8696,-0.0292681,0.000690437,-0.000275539,-0.000292481,0.334,0.28,0.302,0.224
8779,0,0,0,0.3,0,0.00406116,3.27864,-0.00894548,-0.0015752,0.000759161,-0.000800477,0.999998,0.0136988,3.87478,-0.0293135,0.000890671,-0.000222884,-0.000759477,0.298,0.262,0.33,0.25
8780,0,0,0,0.3,0,0.00407488,3.28252,-0.00897484,-0.00157465,0.000758828,-0.00080103,0.999998,0.0137219,3.87997,-0.0293588,0.00106435,-0.000945017,-0.00143132,0.244,0.342,0.244,0.31
8781,0,0,0,0.3,0,0.00408863,3.28641,-0.00900424,-0.00157425,0.000758404,-0.000801942,0.999998,0.0137451,3.88514,-0.0294041,0.000740192,-0.000749232,-0.00207206,0.384,0.22,0.364,0.17
8782,0,0,0,0.3,0,0.00410239,3.2903,-0.00903369,-0.00157375,0.000757887,-0.000803136,0.999998,0.0137683,3.89032,-0.0294494,0.00114127,-0.00138064,-0.00268064,0.204,0.354,0.238,0.344
8783,0,0,0,0.3,0,0.00411619,3.29419,-0.00906318,-0.00157332,0.000757165,-0.000804699,0.999998,0.0137915,3.89549,-0.0294947,0.000557703,-0.00128707,-0.0034228,0.384,0.244,0.338,0.176
8784,0,0,0,0.3,0,0.00413,3.29809,-0.00909272,-0.00157303,0.000756604,-0.000806512,0.999998,0.0138148,3.90066,-0.0295399,0.000749488,-0.00121715,-0.00375458,0.25,0.3,0.294,0.296
8785,0,0,0,0.3,0,0.00414384,3.302,-0.00912231,-0.00157268,0.000755868,-0.000808483,0.999998,0.0138381,3.90583,-0.0295851,0.000450074,-0.00152178,-0.00406467,0.292,0.31,0.272,0.266
8786,0,0,0,0.3,0,0.0041577,3.30591,-0.00915194,-0.00157259,0.000755261,-0.00081049,0.999998,0.0138614,3.91099,-0.0296303,0.000193219,-0.00107104,-0.00388545,0.34,0.238,0.35,0.212
8787,0,0,0,0.3,0,0.00417158,3.30983,-0.00918161,-0.0015724,0.000754608,-0.000812339,0.999998,0.0138848,3.91615,-0.0296755,0.000367796,-0.00152136,-0.00357949,0.218,0.354,0.234,0.334
8788,0,0,0,0.3,0,0.00418549,3.31375,-0.00921133,-0.0015724,0.000753942,-0.000814045,0.999998,0.0139083,3.92131,-0.0297207,-0.000239142,-0.00106489,-0.00321652,0.396,0.22,0.362,0.16
8789,0,0,0,0.3,0,0.00419942,3.31767,-0.0092411,-0.00157246,0.000753434,-0.000815488,0.999998,0.0139318,3.92646,-0.0297658,8.27277e-06,-0.00117221,-0.00265047,0.212,0.332,0.26,0.334
8790,0,0,0,0.3,0,0.00421338,3.32161,-0.00927091,-0.00157259,0.0007528,-0.000816707,0.999998,0.0139554,3.93161,-0.0298109,-0.00061605,-0.00114731,-0.00224289,0.346,0.268,0.312,0.212
8791,0,0,0,0.3,0,0.00422736,3.32554,-0.00930077,-0.00157298,0.000752359,-0.000817621,0.999998,0.0139789,3.93676,-0.029856,-0.000724188,-0.000865233,-0.00146502,0.292,0.264,0.326,0.258
8792,0,0,0,0.3,0,0.00424136,3.32948,-0.00933067,-0.00157333,0.000751782,-0.000818161,0.999998,0.0140025,3.9419,-0.0299011,-0.000877136,-0.00126241,-0.000814257,0.25,0.334,0.25,0.306
8793,0,0,0,0.3,0,0.00425539,3.33343,-0.00936062,-0.00157395,0.000751324,-0.000818376,0.999998,0.0140261,3.94704,-0.0299462,-0.00132131,-0.000631234,-7.74369e-05,0.37,0.222,0.362,0.186
8794,0,0,0,0.3,0,0.00426944,3.33738,-0.00939061,-0.00157448,0.000750984,-0.000818209,0.999998,0.0140497,3.95218,-0.0299914,-0.000922755,-0.000811964,0.000585404,0.2,0.354,0.236,0.348
8795,0,0,0,0.3,0,0.00428351,3.34134,-0.00942064,-0.00157506,0.000750675,-0.000817822,0.999998,0.0140732,3.95732,-0.0300365,-0.00138521,-0.000277577,0.000938372,0.388,0.232,0.348,0.17
8796,0,0,0,0.3,0,0.00429761,3.3453,-0.00945072,-0.0015757,0.000750661,-0.000817223,0.999998,0.0140968,3.96246,-0.0300816,-0.00109759,-4.58599e-05,0.00137966,0.242,0.304,0.288,0.306
8797,0,0,0,0.3,0,0.00431173,3.34927,-0.00948085,-0.00157631,0.000750576,-0.000816493,0.999998,0.0141203,3.96759,-0.0301267,-0.00151141,-9.58371e-05,0.00150167,0.306,0.298,0.284,0.252
8798,0,0,0,0.3,0,0.00432587,3.35324,-0.00951102,-0.00157721,0.00075071,-0.000815667,0.999998,0.0141438,3.97271,-0.0301719,-0.00180865,0.000439704,0.00181159,0.336,0.236,0.352,0.216
8799,0,0,0,0.3,0,0.00434004,3.35722,-0.00954124,-0.00157805,0.000750826,-0.000814695,0.999998,0.0141672,3.97784,-0.030217,-0.0017084,8.21468e-05,0.00199031,0.224,0.35,0.236,0.33
8800,0,0,0,0.3,0,0.00435423,3.3612,-0.0095715,-0.00157906,0.000751013,-0.000813681,0.999998,0.0141906,3.98296,-0.0302622,-0.00214981,0.000718323,0.00210953,0.39,0.218,0.364,0.168
8801,0,0,0,0.3,0,0.00436844,3.36519,-0.00960181,-0.00157996,0.000751413,-0.000812554,0.999998,0.014214,3.98808,-0.0303073,-0.001472,0.000679674,0.00232679,0.204,0.34,0.254,0.342
8802,0,0,0,0.3,0,0.00438268,3.36919,-0.00963216,-0.00158068,0.00075174,-0.000811398,0.999998,0.0142373,3.99319,-0.0303525,-0.00150883,0.000835751,0.00232127,0.354,0.26,0.32,0.204
8803,0,0,0,0.3,0,0.00439694,3.37318,-0.00966256,-0.00158133,0.000752302,-0.00081017,0.999998,0.0142606,3.9983,-0.0303977,-0.000942628,0.00114255,0.00257761,0.276,0.274,0.318,0.27
8804,0,0,0,0.3,0,0.00441122,3.37719,-0.009693,-0.00158166,0.000752724,-0.000808866,0.999998,0.0142838,4.00341,-0.0304429,-0.000641321,0.000719085,0.00258585,0.264,0.328,0.256,0.29
8805,0,0,0,0.3,0,0.00442553,3.3812,-0.00972349,-0.00158204,0.0007532,-0.000807571,0.999998,0.014307,4.00851,-0.030488,-0.000665333,0.00110693,0.00263122,0.368,0.222,0.364,0.186
8806,0,0,0,0.3,0,0.00443986,3.38521,-0.00975402,-0.00158218,0.00075361,-0.000806257,0.999998,0.0143301,4.01361,-0.0305332,-7.09554e-05,0.000512058,0.00255227,0.206,0.354,0.236,0.344
8807,0,0,0,0.3,0,0.00445421,3.38923,-0.0097846,-0.0015823,0.000753877,-0.000805067,0.999998,0.0143532,4.01871,-0.0305783,-0.00035215,0.000754852,0.00228271,0.39,0.23,0.35,0.168
8808,0,0,0,0.3,0,0.00446859,3.39325,-0.00981523,-0.00158232,0.00075431,-0.000803938,0.999998,0.0143763,4.0238,-0.0306235,0.000303016,0.000763692,0.00222963,0.228,0.314,0.278,0.318
8809,0,0,0,0.3,0,0.00448299,3.39728,-0.00984589,-0.00158211,0.00075462,-0.00080289,0.999998,0.0143993,4.02889,-0.0306686,0.000362194,0.000706033,0.00199029,0.312,0.294,0.288,0.244
8810,0,0,0,0.3,0,0.00449741,3.40131,-0.00987661,-0.0015819,0.000755155,-0.000801887,0.999998,0.0144222,4.03398,-0.0307137,0.000667855,0.00122643,0.00206893,0.322,0.248,0.342,0.228
8811,0,0,0,0.3,0,0.00451186,3.40535,-0.00990737,-0.00158139,0.000755633,-0.000800844,0.999998,0.0144451,4.03906,-0.0307588,0.0011351,0.000762078,0.00203797,0.23,0.348,0.24,0.322
8812,0,0,0,0.3,0,0.00452632,3.4094,-0.00993817,-0.00158091,0.00075608,-0.000799855,0.999998,0.014468,4.04414,-0.0308038,0.00090645,0.0010573,0.00198187,0.39,0.214,0.37,0.164
8813,0,0,0,0.3,0,0.00454082,3.41345,-0.00996902,-0.00158029,0.000756493,-0.00079884,0.999998,0.0144909,4.04922,-0.0308488,0.00150399,0.000474924,0.00202265,0.202,0.34,0.254,0.344
8814,0,0,0,0.3,0,0.00455533,3.4175,-0.00999991,-0.0015796,0.000756599,-0.000797875,0.999998,0.0145137,4.05429,-0.0308938,0.00119254,0.000212062,0.00188469,0.366,0.254,0.328,0.192
8815,0,0,0,0.3,0,0.00456987,3.42156,-0.0100309,-0.00157894,0.0007567,-0.000796894,0.999998,0.0145364,4.05936,-0.0309387,0.00160908,-1.39863e-05,0.00202649,0.268,0.284,0.308,0.28
8816,0,0,0,0.3,0,0.00458443,3.42563,-0.0100618,-0.00157803,0.000756441,-0.000795912,0.999998,0.0145592,4.06443,-0.0309836,0.00181822,-0.000752866,0.0018658,0.268,0.328,0.256,0.288
8817,0,0,0,0.3,0,0.00459901,3.42969,-0.0100929,-0.00157714,0.000756126,-0.000795021,0.999998,0.0145819,4.0695,-0.0310285,0.00195262,-0.00055598,0.00176068,0.354,0.228,0.36,0.198
8818,0,0,0,0.3,0,0.00461361,3.43377,-0.0101239,-0.00157591,0.000755696,-0.000794178,0.999998,0.0146045,4.07456,-0.0310733,0.00270612,-0.0011418,0.0015703,0.202,0.354,0.236,0.348
8819,0,0,0,0.3,0,0.00462824,3.43785,-0.0101551,-0.00157462,0.000755158,-0.000793489,0.999998,0.0146271,4.07962,-0.031118,0.00248997,-0.000856031,0.0012736,0.39,0.226,0.354,0.168
8820,0,0,0,0.3,0,0.00464289,3.44193,-0.0101862,-0.00157325,0.000754756,-0.000792882,0.999998,0.0146497,4.08467,-0.0311627,0.00299555,-0.000959191,0.00113208,0.222,0.322,0.272,0.324
8821,0,0,0,0.3,0,0.00465756,3.44602,-0.0102174,-0.00157181,0.00075421,-0.000792447,0.999998,0.0146723,4.08972,-0.0312073,0.00259792,-0.000973517,0.00065007,0.326,0.288,0.294,0.232
8822,0,0,0,0.3,0,0.00467226,3.45012,-0.0102487,-0.00157064,0.000753921,-0.000792217,0.999998,0.0146949,4.09477,-0.0312519,0.00234865,-0.000424975,0.000344604,0.31,0.256,0.336,0.238
8823,0,0,0,0.3,0,0.00468697,3.45422,-0.01028,-0.00156948,0.000753594,-0.000792166,0.999998,0.0147174,4.09981,-0.0312964,0.00207047,-0.000804626,-0.000136468,0.238,0.344,0.244,0.316
8824,0,0,0,0.3,0,0.00470171,3.45832,-0.0103113,-0.00156874,0.000753309,-0.000792372,0.999998,0.0147399,4.10486,-0.0313409,0.00116927,-0.000358956,-0.000558486,0.384,0.216,0.368,0.172
8825,0,0,0,0.3,0,0.00471648,3.46243,-0.0103427,-0.00156818,0.000753034,-0.000792726,0.999998,0.0147625,4.10989,-0.0313853,0.0010564,-0.000851303,-0.000859817,0.202,0.35,0.242,0.346
8826,0,0,0,0.3,0,0.00473126,3.46655,-0.0103741,-0.00156792,0.00075255,-0.000793293,0.999998,0.014785,4.11493,-0.0314297,5.35096e-05,-0.000857527,-0.0013107,0.376,0.248,0.332,0.184
8827,0,0,0,0.3,0,0.00474607,3.47067,-0.0104056,-0.001568,0.000752177,-0.000794005,0.999998,0.0148076,4.11996,-0.0314741,-0.00018322,-0.00087274,-0.00150181,0.262,0.288,0.304,0.286
8828,0,0,0,0.3,0,0.0047609,3.47479,-0.0104371,-0.00156822,0.0007516,-0.000794861,0.999998,0.0148301,4.12499,-0.0315185,-0.000837555,-0.0012141,-0.00188547,0.286,0.316,0.266,0.27
8829,0,0,0,0.3,0,0.00477575,3.47892,-0.0104687,-0.0015689,0.000751149,-0.000795855,0.999998,0.0148527,4.13001,-0.0315629,-0.00155368,-0.000739964,-0.00199178,0.352,0.232,0.356,0.2
8830,0,0,0,0.3,0,0.00479063,3.48306,-0.0105003,-0.00156968,0.000750654,-0.000796861,0.999998,0.0148753,4.13504,-0.0316072,-0.00166174,-0.00123307,-0.00206148,0.214,0.352,0.236,0.338
8831,0,0,0,0.3,0,0.00480552,3.4872,-0.0105319,-0.00157074,0.000750124,-0.000797925,0.999998,0.014898,4.14006,-0.0316516,-0.00243616,-0.00078104,-0.00210251,0.396,0.22,0.362,0.162
8832,0,0,0,0.3,0,0.00482045,3.49134,-0.0105636,-0.00157191,0.000749795,-0.0007989,0.999998,0.0149206,4.14507,-0.031696,-0.0021615,-0.00076102,-0.00183329,0.22,0.324,0.268,0.326
8833,0,0,0,0.3,0,0.00483539,3.49549,-0.0105954,-0.00157306,0.000749382,-0.00079978,0.999998,0.0149433,4.15009,-0.0317405,-0.00253183,-0.00067987,-0.00167947,0.34,0.278,0.302,0.218
8834,0,0,0,0.3,0,0.00485035,3.49965,-0.0106272,-0.00157433,0.0007492,-0.000800495,0.999998,0.014966,4.1551,-0.0317849,-0.00234675,-0.000295716,-0.0011942,0.302,0.264,0.326,0.248
8835,0,0,0,0.3,0,0.00486534,3.50381,-0.010659,-0.00157536,0.000748926,-0.000800984,0.999998,0.0149887,4.16011,-0.0318294,-0.0019974,-0.00067332,-0.00084218,0.246,0.34,0.246,0.31
8836,0,0,0,0.3,0,0.00488035,3.50797,-0.0106909,-0.00157639,0.000748747,-0.000801283,0.999998,0.0150115,4.16512,-0.0318739,-0.0019461,-7.71548e-05,-0.000330537,0.378,0.214,0.37,0.176
8837,0,0,0,0.3,0,0.00489539,3.51214,-0.0107228,-0.0015771,0.000748677,-0.000801243,0.999998,0.0150342,4.17012,-0.0319184,-0.00105202,-0.000298217,0.00037648,0.204,0.348,0.244,0.346
8838,0,0,0,0.3,0,0.00491045,3.51632,-0.0107548,-0.00157762,0.000748584,-0.000800887,0.999998,0.0150569,4.17512,-0.0319629,-0.00107156,0.000102877,0.00101276,0.384,0.24,0.342,0.174
8839,0,0,0,0.3,0,0.00492553,3.5205,-0.0107868,-0.00157797,0.000748744,-0.000800136,0.999998,0.0150795,4.18012,-0.0320075,-0.000275469,0.000280053,0.00186909,0.248,0.298,0.294,0.298
8840,0,0,0,0.3,0,0.00494063,3.52468,-0.0108188,-0.00157795,0.00074878,-0.000799039,0.999998,0.0151022,4.18511,-0.032052,0.000103251,8.63191e-05,0.00242202,0.292,0.312,0.272,0.266
8841,0,0,0,0.3,0,0.00495575,3.52887,-0.0108509,-0.00157781,0.000748992,-0.000797631,0.999998,0.0151248,4.1901,-0.0320964,0.000635421,0.000599562,0.00317168,0.334,0.238,0.35,0.218
8842,0,0,0,0.3,0,0.0049709,3.53307,-0.010883,-0.00157717,0.000749159,-0.000795844,0.999998,0.0151473,4.19509,-0.0321409,0.00164517,0.000111022,0.00382558,0.21,0.352,0.238,0.34
8843,0,0,0,0.3,0,0.00498607,3.53727,-0.0109152,-0.00157631,0.000749282,-0.00079378,0.999998,0.0151698,4.20008,-0.0321853,0.00185264,0.000464937,0.00440814,0.388,0.216,0.366,0.17
8844,0,0,0,0.3,0,0.00500126,3.54147,-0.0109475,-0.00157512,0.000749449,-0.000791379,0.999998,0.0151922,4.20506,-0.0322297,0.00278046,1.66268e-05,0.00504851,0.206,0.336,0.258,0.34
8845,0,0,0,0.3,0,0.00501648,3.54568,-0.0109797,-0.00157373,0.00074929,-0.000788789,0.999998,0.0152145,4.21004,-0.032274,0.00264341,-0.000353384,0.00525574,0.346,0.27,0.31,0.214
8846,0,0,0,0.3,0,0.00503171,3.5499,-0.0110121,-0.00157241,0.000749162,-0.000786106,0.999998,0.0152367,4.21502,-0.0323183,0.0028134,-0.000340137,0.00543113,0.286,0.268,0.322,0.264
8847,0,0,0,0.3,0,0.00504697,3.55412,-0.0110444,-0.00157098,0.000748801,-0.000783448,0.999998,0.0152589,4.21999,-0.0323625,0.00267121,-0.000887936,0.00515696,0.252,0.334,0.25,0.304
8848,0,0,0,0.3,0,0.00506225,3.55834,-0.0110768,-0.00156988,0.0007485,-0.000780976,0.999998,0.0152809,4.22496,-0.0324066,0.00201039,-0.000340929,0.00481751,0.372,0.22,0.366,0.182
8849,0,0,0,0.3,0,0.00507756,3.56257,-0.0111093,-0.00156887,0.000748296,-0.000778675,0.999998,0.0153029,4.22993,-0.0324507,0.00194304,-0.000548277,0.00436606,0.204,0.35,0.242,0.344
8850,0,0,0,0.3,0,0.00509288,3.56681,-0.0111418,-0.00156819,0.000748093,-0.000776699,0.999998,0.0153248,4.23489,-0.0324948,0.000869542,-0.000120602,0.00365592,0.388,0.23,0.352,0.17
8851,0,0,0,0.3,0,0.00510823,3.57105,-0.0111743,-0.00156788,0.000748128,-0.000775023,0.999998,0.0153466,4.23985,-0.0325388,0.000585509,-1.5151e-05,0.00309992,0.24,0.304,0.288,0.306
8852,0,0,0,0.3,0,0.0051236,3.57529,-0.0112069,-0.00156776,0.000748004,-0.000773706,0.999998,0.0153684,4.24481,-0.0325828,-0.000214737,-0.00023909,0.00225121,0.308,0.302,0.28,0.248
8853,0,0,0,0.3,0,0.00513899,3.57954,-0.0112395,-0.00156808,0.000748035,-0.000772783,0.999998,0.0153901,4.24976,-0.0326268,-0.000700493,0.000175811,0.0015659,0.326,0.246,0.344,0.224
8854,0,0,0,0.3,0,0.0051544,3.5838,-0.0112722,-0.00156839,0.000747962,-0.000772222,0.999998,0.0154118,4.25471,-0.0326707,-0.000685691,-0.000400045,0.000729481,0.222,0.35,0.238,0.33
8855,0,0,0,0.3,0,0.00516983,3.58806,-0.0113049,-0.00156891,0.000747819,-0.000772099,0.999998,0.0154335,4.25965,-0.0327147,-0.00119897,-0.000106542,-5.55679e-05,0.392,0.216,0.366,0.164
8856,0,0,0,0.3,0,0.00518529,3.59232,-0.0113377,-0.0015694,0.000747681,-0.000772277,0.999998,0.0154552,4.2646,-0.0327587,-0.000808525,-0.000590195,-0.000611701,0.208,0.338,0.254,0.338
8857,0,0,0,0.3,0,0.00520076,3.59659,-0.0113705,-0.00156992,0.000747292,-0.000772788,0.999998,0.0154768,4.26953,-0.0328026,-0.00134295,-0.0007104,-0.00130962,0.36,0.262,0.32,0.198
8858,0,0,0,0.3,0,0.00521626,3.60087,-0.0114033,-0.00157063,0.000747011,-0.000773556,0.999998,0.0154985,4.27447,-0.0328466,-0.00127551,-0.000647523,-0.00167744,0.278,0.278,0.314,0.268
8859,0,0,0,0.3,0,0.00523178,3.60515,-0.0114362,-0.00157124,0.000746497,-0.000774529,0.999998,0.0155202,4.2794,-0.0328905,-0.00136941,-0.00120469,-0.00217459,0.27,0.328,0.256,0.286
8860,0,0,0,0.3,0,0.00524732,3.60943,-0.0114691,-0.00157205,0.000746011,-0.00077571,0.999998,0.015542,4.28433,-0.0329345,-0.00163259,-0.000809013,-0.0024275,0.366,0.224,0.364,0.188
8861,0,0,0,0.3,0,0.00526289,3.61372,-0.0115021,-0.00157272,0.000745488,-0.000776951,0.999998,0.0155637,4.28925,-0.0329785,-0.00119521,-0.00132439,-0.00254913,0.204,0.354,0.238,0.346
8862,0,0,0,0.3,0,0.00527847,3.61801,-0.0115351,-0.00157343,0.000744854,-0.000778266,0.999998,0.0155855,4.29417,-0.0330225,-0.00154573,-0.00105929,-0.00261371,0.39,0.228,0.354,0.168
8863,0,0,0,0.3,0,0.00529408,3.62231,-0.0115682,-0.00157406,0.000744355,-0.000779491,0.999998,0.0156073,4.29909,-0.0330665,-0.000922069,-0.00118489,-0.00231415,0.23,0.316,0.278,0.316
8864,0,0,0,0.3,0,0.00530971,3.62662,-0.0116013,-0.00157447,0.000743621,-0.000780617,0.999998,0.0156292,4.30401,-0.0331105,-0.000910845,-0.00149331,-0.00220161,0.318,0.294,0.288,0.24
8865,0,0,0,0.3,0,0.00532536,3.63093,-0.0116345,-0.0015749,0.000743003,-0.000781635,0.999998,0.015651,4.30892,-0.0331544,-0.000621251,-0.00118319,-0.00186013,0.32,0.25,0.34,0.23
8866,0,0,0,0.3,0,0.00534103,3.63524,-0.0116677,-0.00157502,0.000742219,-0.000782496,0.999998,0.0156729,4.31383,-0.0331984,-0.000119226,-0.00184664,-0.00165951,0.232,0.348,0.238,0.322
8867,0,0,0,0.3,0,0.00535673,3.63956,-0.0117009,-0.00157514,0.000741371,-0.000783279,0.999998,0.0156948,4.31874,-0.0332424,-0.000222209,-0.00150768,-0.00142543,0.388,0.216,0.368,0.168
8868,0,0,0,0.3,0,0.00537245,3.64388,-0.0117342,-0.00157504,0.000740566,-0.000783882,0.999998,0.0157168,4.32365,-0.0332864,0.000513849,-0.00182804,-0.00106151,0.206,0.344,0.248,0.342
8869,0,0,0,0.3,0,0.00538818,3.64821,-0.0117675,-0.00157482,0.000739672,-0.000784361,0.999998,0.0157387,4.32855,-0.0333303,0.000324613,-0.00154573,-0.00084078,0.368,0.254,0.326,0.192
8870,0,0,0,0.3,0,0.00540394,3.65254,-0.0118009,-0.00157457,0.000739045,-0.000784646,0.999998,0.0157606,4.33345,-0.0333742,0.000799635,-0.0012289,-0.000342662,0.266,0.284,0.308,0.282
8871,0,0,0,0.3,0,0.00541973,3.65688,-0.0118343,-0.00157406,0.000738347,-0.000784729,0.999998,0.0157826,4.33835,-0.0334181,0.000981498,-0.00138325,-4.48737e-05,0.274,0.322,0.262,0.282
8872,0,0,0,0.3,0,0.00543553,3.66123,-0.0118678,-0.00157361,0.000737851,-0.000784624,0.999998,0.0158045,4.34324,-0.033462,0.0010356,-0.000742812,0.000472673,0.35,0.232,0.356,0.202
8873,0,0,0,0.3,0,0.00545136,3.66557,-0.0119013,-0.00157289,0.000737405,-0.000784235,0.999998,0.0158264,4.34813,-0.0335058,0.00163406,-0.00108781,0.000961924,0.204,0.354,0.236,0.346
8874,0,0,0,0.3,0,0.00546721,3.66993,-0.0119348,-0.00157217,0.000736921,-0.000783667,0.999998,0.0158483,4.35302,-0.0335496,0.00134655,-0.000744461,0.00131547,0.39,0.226,0.356,0.168
8875,0,0,0,0.3,0,0.00548308,3.67428,-0.0119684,-0.00157138,0.000736551,-0.000782869,0.999998,0.0158702,4.3579,-0.0335933,0.00179514,-0.000944615,0.00178095,0.22,0.324,0.27,0.326
8876,0,0,0,0.3,0,0.00549897,3.67865,-0.0120021,-0.00157057,0.000735968,-0.000781945,0.999998,0.015892,4.36278,-0.033637,0.00129585,-0.00113566,0.00188148,0.33,0.286,0.296,0.228
8877,0,0,0,0.3,0,0.00551488,3.68302,-0.0120357,-0.00157007,0.000735505,-0.000780947,0.999998,0.0159138,4.36766,-0.0336807,0.000973779,-0.000928902,0.002109,0.308,0.254,0.336,0.24
8878,0,0,0,0.3,0,0.00553082,3.68739,-0.0120695,-0.00156963,0.000734847,-0.000779885,0.999998,0.0159356,4.37254,-0.0337243,0.000601367,-0.00153592,0.0020849,0.238,0.342,0.244,0.316
8879,0,0,0,0.3,0,0.00554678,3.69177,-0.0121032,-0.00156964,0.000734193,-0.000778862,0.999998,0.0159573,4.37741,-0.0337679,-0.000346083,-0.00106458,0.00207343,0.382,0.218,0.366,0.174
8880,0,0,0,0.3,0,0.00556275,3.69615,-0.012137,-0.00156983,0.000733618,-0.0007778,0.999998,0.015979,4.38228,-0.0338115,-0.000455922,-0.00135007,0.00211625,0.2,0.35,0.242,0.348
8881,0,0,0,0.3,0,0.00557876,3.70053,-0.0121709,-0.00157032,0.00073296,-0.000776797,0.999998,0.0160006,4.38714,-0.0338551,-0.00142789,-0.0010792,0.00194678,0.374,0.246,0.334,0.186
8882,0,0,0,0.3,0,0.00559478,3.70493,-0.0122048,-0.00157113,0.000732525,-0.00077581,0.999998,0.0160222,4.392,-0.0338987,-0.00165149,-0.000924273,0.00199573,0.252,0.292,0.3,0.296
8883,0,0,0,0.3,0,0.00561082,3.70932,-0.0122387,-0.0015721,0.000731926,-0.000774867,0.999998,0.0160438,4.39686,-0.0339423,-0.00234882,-0.00123856,0.00177429,0.286,0.31,0.274,0.27
8884,0,0,0,0.3,0,0.00562689,3.71373,-0.0122727,-0.00157355,0.000731459,-0.000774014,0.999998,0.0160653,4.40172,-0.033986,-0.00315101,-0.00075501,0.00170316,0.35,0.228,0.36,0.202
8885,0,0,0,0.3,0,0.00564297,3.71813,-0.0123068,-0.0015752,0.000730991,-0.000773207,0.999998,0.0160868,4.40657,-0.0340296,-0.00355854,-0.00110078,0.00147716,0.218,0.348,0.242,0.334
8886,0,0,0,0.3,0,0.00565908,3.72254,-0.0123408,-0.00157732,0.000730535,-0.000772601,0.999998,0.0161082,4.41142,-0.0340733,-0.00471358,-0.000626032,0.00104442,0.396,0.216,0.366,0.162
8887,0,0,0,0.3,0,0.00567521,3.72696,-0.012375,-0.00157973,0.00073024,-0.000772176,0.999998,0.0161297,4.41627,-0.0341171,-0.00478018,-0.000749353,0.000666797,0.214,0.33,0.262,0.332
8888,0,0,0,0.3,0,0.00569136,3.73138,-0.0124091,-0.00158225,0.000729802,-0.000772035,0.999998,0.0161511,4.42112,-0.0341609,-0.00535341,-0.0007708,-8.46749e-06,0.342,0.278,0.304,0.216
8889,0,0,0,0.3,0,0.00570753,3.73581,-0.0124433,-0.00158495,0.000729545,-0.00077218,0.999998,0.0161725,4.42596,-0.0342048,-0.00518685,-0.000494208,-0.000474685,0.298,0.264,0.326,0.252
8890,0,0,0,0.3,0,0.00572373,3.74024,-0.0124776,-0.00158741,0.000729146,-0.000772588,0.999998,0.0161939,4.43079,-0.0342487,-0.00488933,-0.000959926,-0.00110679,0.25,0.334,0.25,0.306
8891,0,0,0,0.3,0,0.00573994,3.74467,-0.0125119,-0.00158992,0.000728799,-0.000773291,0.999998,0.0162154,4.43563,-0.0342927,-0.00494673,-0.000450681,-0.00155363,0.38,0.214,0.37,0.174
8892,0,0,0,0.3,0,0.00575618,3.74911,-0.0125462,-0.00159217,0.000728528,-0.000774139,0.999998,0.0162368,4.44046,-0.0343368,-0.00421302,-0.00073645,-0.00182779,0.206,0.35,0.24,0.344
8893,0,0,0,0.3,0,0.00577244,3.75356,-0.0125806,-0.0015943,0.000728212,-0.000775167,0.999998,0.0162582,4.44528,-0.0343809,-0.00432694,-0.000345725,-0.00218885,0.384,0.238,0.342,0.176
8894,0,0,0,0.3,0,0.00578872,3.75801,-0.012615,-0.00159627,0.000728174,-0.000776294,0.999998,0.0162797,4.45011,-0.034425,-0.00347766,-6.9188e-05,-0.00230224,0.244,0.302,0.29,0.302
8895,0,0,0,0.3,0,0.00580502,3.76246,-0.0126495,-0.00159782,0.000728081,-0.000777527,0.999998,0.0163012,4.45493,-0.0344692,-0.00297971,-0.000111786,-0.00259809,0.3,0.308,0.276,0.258
8896,0,0,0,0.3,0,0.00582134,3.76692,-0.012684,-0.00159918,0.000728236,-0.000778847,0.999998,0.0163228,4.45975,-0.0345134,-0.00231135,0.000503719,-0.0026162,0.338,0.24,0.348,0.212
8897,0,0,0,0.3,0,0.00583769,3.77139,-0.0127185,-0.0016,0.000728373,-0.000780163,0.999998,0.0163444,4.46456,-0.0345577,-0.00126498,7.59772e-05,-0.00269051,0.218,0.352,0.236,0.332
8898,0,0,0,0.3,0,0.00585405,3.77586,-0.0127531,-0.00160056,0.000728509,-0.000781536,0.999998,0.016366,4.46938,-0.0346019,-0.000954042,0.000524718,-0.00271811,0.392,0.222,0.362,0.164
8899,0,0,0,0.3,0,0.00587044,3.78033,-0.0127878,-0.00160071,0.000728751,-0.000782821,0.999998,0.0163876,4.47419,-0.0346461,0.00025284,0.000241184,-0.0024708,0.208,0.338,0.256,0.338
8900,0,0,0,0.3,0,0.00588685,3.78481,-0.0128225,-0.00160045,0.000728773,-0.000784023,0.999998,0.0164093,4.47899,-0.0346903,0.000577317,7.40262e-05,-0.00232439,0.35,0.266,0.314,0.21
8901,0,0,0,0.3,0,0.00590328,3.78929,-0.0128572,-0.00159999,0.00072886,-0.00078505,0.999998,0.016431,4.4838,-0.0347345,0.00135649,3.72183e-05,-0.00180877,0.284,0.27,0.322,0.264
8902,0,0,0,0.3,0,0.00591973,3.79378,-0.012892,-0.00159911,0.000728647,-0.000785833,0.999998,0.0164527,4.48859,-0.0347787,0.00187454,-0.000670413,-0.00141165,0.26,0.332,0.252,0.296
8903,0,0,0,0.3,0,0.00593621,3.79828,-0.0129268,-0.00159819,0.0007284,-0.000786409,0.999998,0.0164744,4.49339,-0.0348228,0.00197123,-0.000372373,-0.000900528,0.366,0.226,0.36,0.186
8904,0,0,0,0.3,0,0.0059527,3.80277,-0.0129617,-0.00159698,0.000728059,-0.000786713,0.999998,0.0164961,4.49818,-0.0348668,0.00267559,-0.00103058,-0.000439939,0.2,0.356,0.234,0.348
8905,0,0,0,0.3,0,0.00596922,3.80728,-0.0129966,-0.0015957,0.000727515,-0.000786859,0.999998,0.0165179,4.50297,-0.0349109,0.00243963,-0.000951024,-0.000135043,0.386,0.234,0.348,0.172
8906,0,0,0,0.3,0,0.00598576,3.81179,-0.0130315,-0.00159436,0.000727035,-0.000786771,0.999998,0.0165396,4.50776,-0.0349548,0.00293629,-0.00118998,0.00040895,0.234,0.314,0.28,0.314
8907,0,0,0,0.3,0,0.00600232,3.8163,-0.0130665,-0.00159292,0.00072628,-0.000786471,0.999998,0.0165613,4.51254,-0.0349987,0.00263975,-0.001551,0.00074177,0.312,0.296,0.286,0.246
8908,0,0,0,0.3,0,0.00601891,3.82082,-0.0131016,-0.00159173,0.000725636,-0.00078595,0.999998,0.016583,4.51732,-0.0350425,0.00235915,-0.00120277,0.00132281,0.322,0.246,0.344,0.228
8909,0,0,0,0.3,0,0.00603551,3.82534,-0.0131367,-0.00159055,0.000724899,-0.00078514,0.999998,0.0166047,4.5221,-0.0350863,0.00217858,-0.00164309,0.00180098,0.222,0.35,0.238,0.33
8910,0,0,0,0.3,0,0.00605214,3.82986,-0.0131718,-0.00158974,0.000724225,-0.000784121,0.999998,0.0166263,4.52687,-0.03513,0.00130164,-0.00102215,0.00227431,0.386,0.218,0.364,0.17
8911,0,0,0,0.3,0,0.00606878,3.8344,-0.013207,-0.00158909,0.000723711,-0.000782822,0.999998,0.0166479,4.53164,-0.0351737,0.00128282,-0.00121686,0.00280513,0.204,0.344,0.248,0.344
8912,0,0,0,0.3,0,0.00608545,3.83893,-0.0132422,-0.0015887,0.000723084,-0.000781359,0.999998,0.0166694,4.53641,-0.0352174,0.000302285,-0.00107014,0.00302969,0.362,0.258,0.322,0.198
8913,0,0,0,0.3,0,0.00610214,3.84347,-0.0132775,-0.00158873,0.00072268,-0.000779736,0.999998,0.0166909,4.54117,-0.035261,-0.000173718,-0.000788352,0.00342431,0.272,0.274,0.318,0.278
8914,0,0,0,0.3,0,0.00611886,3.84802,-0.0133128,-0.001589,0.000722177,-0.000777974,0.999998,0.0167123,4.54594,-0.0353046,-0.00104189,-0.00103629,0.00357496,0.27,0.32,0.264,0.286
8915,0,0,0,0.3,0,0.00613559,3.85257,-0.0133481,-0.00158989,0.000721845,-0.000776125,0.999998,0.0167337,4.55069,-0.0353483,-0.00218348,-0.0004026,0.00384234,0.362,0.222,0.364,0.19
8916,0,0,0,0.3,0,0.00615235,3.85713,-0.0133835,-0.0015911,0.000721583,-0.000774154,0.999998,0.016755,4.55545,-0.0353919,-0.0026734,-0.000678203,0.00394101,0.208,0.352,0.238,0.342
8917,0,0,0,0.3,0,0.00616912,3.86169,-0.0134189,-0.00159279,0.000721348,-0.000772253,0.999998,0.0167762,4.5602,-0.0354356,-0.00386146,-0.000138968,0.00371581,0.394,0.224,0.356,0.164
8918,0,0,0,0.3,0,0.00618592,3.86625,-0.0134544,-0.00159478,0.000721354,-0.000770443,0.999998,0.0167974,4.56495,-0.0354793,-0.00394679,-8.05986e-05,0.00351444,0.224,0.316,0.278,0.322
8919,0,0,0,0.3,0,0.00620274,3.87082,-0.0134899,-0.00159687,0.000721245,-0.000768837,0.999998,0.0168185,4.5697,-0.035523,-0.00449085,-0.000109114,0.00297126,0.32,0.286,0.296,0.236
8920,0,0,0,0.3,0,0.00621958,3.8754,-0.0135255,-0.0015992,0.000721364,-0.000767454,0.999998,0.0168395,4.57445,-0.0355669,-0.00452872,0.000352091,0.00265054,0.312,0.246,0.346,0.236
8921,0,0,0,0.3,0,0.00623644,3.87997,-0.0135611,-0.00160134,0.000721388,-0.000766256,0.999998,0.0168605,4.57919,-0.0356107,-0.00426531,-0.000160223,0.00213782,0.236,0.342,0.244,0.316
8922,0,0,0,0.3,0,0.00625332,3.88456,-0.0135968,-0.00160356,0.000721366,-0.000765368,0.999998,0.0168815,4.58393,-0.0356546,-0.00443502,0.000100018,0.0015339,0.388,0.212,0.372,0.168
8923,0,0,0,0.3,0,0.00627022,3.88915,-0.0136325,-0.00160555,0.000721276,-0.000764786,0.999998,0.0169024,4.58867,-0.0356986,-0.00361286,-0.000555408,0.00080272,0.204,0.342,0.25,0.344
8924,0,0,0,0.3,0,0.00628715,3.89374,-0.0136682,-0.00160732,0.000720893,-0.000764698,0.999998,0.0169233,4.5934,-0.0357426,-0.0035272,-0.000700009,-0.000294295,0.376,0.252,0.328,0.184
8925,0,0,0,0.3,0,0.00630409,3.89834,-0.013704,-0.00160886,0.000720577,-0.000765109,0.999998,0.0169443,4.59813,-0.0357866,-0.00255029,-0.000781822,-0.00123281,0.264,0.292,0.3,0.284
8926,0,0,0,0.3,0,0.00632105,3.90294,-0.0137398,-0.00160986,0.00072,-0.000766064,0.999998,0.0169652,4.60286,-0.0358307,-0.00176033,-0.00127984,-0.00245888,0.28,0.322,0.262,0.276
8927,0,0,0,0.3,0,0.00633804,3.90755,-0.0137757,-0.00161057,0.000719485,-0.000767587,0.999998,0.0169861,4.60758,-0.0358748,-0.000941661,-0.000897419,-0.00341783,0.352,0.236,0.352,0.2
8928,0,0,0,0.3,0,0.00635505,3.91216,-0.0138116,-0.00161061,0.000718919,-0.00076951,0.999998,0.0170071,4.6123,-0.0359188,0.000414837,-0.0013745,-0.00419137,0.21,0.358,0.23,0.342
8929,0,0,0,0.3,0,0.00637208,3.91678,-0.0138476,-0.00161028,0.000718315,-0.000771801,0.999998,0.0170282,4.61702,-0.0359629,0.000877084,-0.000923679,-0.00479736,0.392,0.226,0.356,0.166
8930,0,0,0,0.3,0,0.00638913,3.9214,-0.0138836,-0.00160951,0.000717934,-0.000774249,0.999998,0.0170493,4.62174,-0.0360069,0.00207583,-0.000847618,-0.00496038,0.216,0.33,0.262,0.332
8931,0,0,0,0.3,0,0.0064062,3.92603,-0.0139196,-0.00160836,0.000717494,-0.000776777,0.999998,0.0170705,4.62645,-0.0360508,0.00229374,-0.000717375,-0.00509512,0.338,0.28,0.302,0.222
8932,0,0,0,0.3,0,0.00642329,3.93066,-0.0139557,-0.00160715,0.000717336,-0.00077925,0.999998,0.0170917,4.63116,-0.0360948,0.00267128,-0.000186731,-0.00477538,0.302,0.26,0.332,0.246
8933,0,0,0,0.3,0,0.0064404,3.93529,-0.0139919,-0.00160571,0.000717159,-0.000781545,0.999998,0.017113,4.63586,-0.0361386,0.00282277,-0.000425769,-0.00447708,0.244,0.344,0.242,0.31
8934,0,0,0,0.3,0,0.00645754,3.93993,-0.0140281,-0.00160446,0.000717143,-0.000783668,0.999998,0.0171344,4.64056,-0.0361824,0.00236635,0.000296126,-0.00400033,0.378,0.222,0.364,0.178
8935,0,0,0,0.3,0,0.00647469,3.94458,-0.0140643,-0.00160318,0.000717273,-0.00078549,0.999998,0.0171558,4.64526,-0.0362262,0.00265775,6.44058e-05,-0.00341177,0.198,0.35,0.24,0.35
8936,0,0,0,0.3,0,0.00649187,3.94923,-0.0141006,-0.00160202,0.000717312,-0.000787074,0.999998,0.0171773,4.64996,-0.0362698,0.00198286,0.000254618,-0.00293898,0.378,0.244,0.336,0.18
8937,0,0,0,0.3,0,0.00650907,3.95388,-0.0141369,-0.00160107,0.000717515,-0.000788327,0.999998,0.0171988,4.65465,-0.0363135,0.00195549,0.000314885,-0.00216994,0.248,0.3,0.294,0.298
8938,0,0,0,0.3,0,0.00652629,3.95854,-0.0141732,-0.00160021,0.000717573,-0.000789257,0.999998,0.0172203,4.65934,-0.0363571,0.00131041,0.000126988,-0.00164721,0.292,0.308,0.274,0.264
8939,0,0,0,0.3,0,0.00654353,3.96321,-0.0142096,-0.00159982,0.000717809,-0.000789894,0.999998,0.0172419,4.66402,-0.0364006,0.000566007,0.000631403,-0.000934138,0.342,0.234,0.354,0.208
8940,0,0,0,0.3,0,0.00656079,3.96788,-0.0142461,-0.00159961,0.00071799,-0.000790166,0.999998,0.0172634,4.6687,-0.0364442,0.000128881,0.000110853,-0.000299765,0.216,0.348,0.242,0.334
8941,0,0,0,0.3,0,0.00657808,3.97255,-0.0142826,-0.00159991,0.000718088,-0.000790172,0.999998,0.017285,4.67338,-0.0364877,-0.00108798,0.00038493,0.00025833,0.394,0.216,0.366,0.164
8942,0,0,0,0.3,0,0.00659538,3.97723,-0.0143191,-0.00160054,0.000718228,-0.000789843,0.999998,0.0173065,4.67806,-0.0365312,-0.00133567,-4.27394e-06,0.000929661,0.214,0.33,0.262,0.334
8943,0,0,0,0.3,0,0.00661271,3.98191,-0.0143557,-0.00160144,0.000718096,-0.000789281,0.999998,0.017328,4.68273,-0.0365747,-0.00226236,-0.000250378,0.00126755,0.348,0.268,0.312,0.212
8944,0,0,0,0.3,0,0.00663006,3.9866,-0.0143923,-0.00160271,0.000718057,-0.000788522,0.999998,0.0173495,4.6874,-0.0366182,-0.00252902,-8.78061e-05,0.00172554,0.292,0.268,0.324,0.256
8945,0,0,0,0.3,0,0.00664743,3.99129,-0.0144289,-0.00160398,0.000717873,-0.000787598,0.999998,0.017371,4.69207,-0.0366618,-0.00272695,-0.000466679,0.00189406,0.254,0.334,0.252,0.3
8946,0,0,0,0.3,0,0.00666483,3.99599,-0.0144657,-0.00160551,0.000717813,-0.00078661,0.999998,0.0173924,4.69673,-0.0367053,-0.00312727,0.000166704,0.00209297,0.372,0.22,0.366,0.182
8947,0,0,0,0.3,0,0.00668224,4.00069,-0.0145024,-0.00160693,0.000717828,-0.000785496,0.999998,0.0174138,4.70139,-0.036749,-0.00267865,-0.000178167,0.0022843,0.2,0.35,0.242,0.348
8948,0,0,0,0.3,0,0.00669967,4.00539,-0.0145392,-0.00160837,0.000717768,-0.000784354,0.999998,0.0174351,4.70605,-0.0367926,-0.00303779,0.000129879,0.00232426,0.388,0.23,0.35,0.172
8949,0,0,0,0.3,0,0.00671713,4.0101,-0.014576,-0.00160978,0.000717903,-0.000783123,0.999998,0.0174564,4.7107,-0.0368363,-0.00251114,0.000174049,0.00255381,0.24,0.304,0.288,0.306
8950,0,0,0,0.3,0,0.00673461,4.01482,-0.0146129,-0.00161098,0.000717892,-0.00078187,0.999998,0.0174777,4.71535,-0.0368799,-0.00250241,3.02106e-05,0.00243551,0.306,0.302,0.28,0.252
8951,0,0,0,0.3,0,0.00675211,4.01954,-0.0146498,-0.00161222,0.000718106,-0.000780667,0.999998,0.0174989,4.72,-0.0369237,-0.00225109,0.00063205,0.00241422,0.328,0.242,0.346,0.222
8952,0,0,0,0.3,0,0.00676963,4.02426,-0.0146868,-0.00161312,0.00071832,-0.000779505,0.999998,0.01752,4.72465,-0.0369674,-0.00157459,0.000280655,0.00219464,0.224,0.348,0.238,0.328
8953,0,0,0,0.3,0,0.00678717,4.02899,-0.0147238,-0.00161392,0.000718585,-0.0007785,0.999998,0.0175411,4.72929,-0.0370111,-0.00152755,0.000826931,0.00191835,0.394,0.216,0.366,0.164
8954,0,0,0,0.3,0,0.00680473,4.03373,-0.0147609,-0.00161443,0.000719005,-0.000777579,0.999998,0.0175622,4.73393,-0.0370548,-0.000606879,0.000683904,0.00173878,0.208,0.342,0.25,0.34
8955,0,0,0,0.3,0,0.00682231,4.03847,-0.014798,-0.00161469,0.000719337,-0.000776828,0.999998,0.0175833,4.73857,-0.0370986,-0.000549572,0.000867599,0.00133577,0.356,0.26,0.32,0.204
8956,0,0,0,0.3,0,0.00683992,4.04321,-0.0148351,-0.00161482,0.000719928,-0.000776196,0.999998,0.0176043,4.7432,-0.0371423,0.000126342,0.00121361,0.00123309,0.274,0.274,0.318,0.274
8957,0,0,0,0.3,0,0.00685754,4.04796,-0.0148723,-0.00161458,0.000720411,-0.000775636,0.999998,0.0176253,4.74783,-0.037186,0.000585677,0.000910311,0.00100521,0.264,0.328,0.256,0.292
8958,0,0,0,0.3,0,0.00687519,4.05271,-0.0149095,-0.00161428,0.000721062,-0.000775169,0.999998,0.0176462,4.75246,-0.0372297,0.000770587,0.00157742,0.000917815,0.366,0.226,0.362,0.188
8959,0,0,0,0.3,0,0.00689286,4.05747,-0.0149468,-0.00161365,0.000721779,-0.000774748,0.999998,0.0176672,4.75708,-0.0372733,0.00154159,0.00122226,0.000704702,0.202,0.356,0.234,0.346
8960,0,0,0,0.3,0,0.00691055,4.06223,-0.0149841,-0.00161292,0.000722449,-0.000774524,0.999998,0.0176881,4.7617,-0.0373169,0.00138173,0.00158609,0.00027779,0.388,0.23,0.352,0.17
8961,0,0,0,0.3,0,0.00692825,4.067,-0.0150215,-0.00161207,0.000723278,-0.000774437,0.999998,0.017709,4.76632,-0.0373605,0.00203444,0.00149479,7.99445e-05,0.228,0.318,0.276,0.318
8962,0,0,0,0.3,0,0.00694598,4.07177,-0.0150589,-0.00161103,0.000723901,-0.000774504,0.999998,0.0177299,4.77094,-0.037404,0.0019349,0.00123342,-0.00031533,0.318,0.292,0.29,0.24
8963,0,0,0,0.3,0,0.00696374,4.07654,-0.0150963,-0.00161011,0.000724616,-0.000774713,0.999998,0.0177508,4.77555,-0.0374475,0.00195035,0.00142673,-0.000462527,0.316,0.25,0.34,0.234
8964,0,0,0,0.3,0,0.00698151,4.08132,-0.0151338,-0.00160906,0.000725137,-0.000775,0.999998,0.0177717,4.78016,-0.0374909,0.00201679,0.0007816,-0.000713263,0.23,0.35,0.238,0.322
8965,0,0,0,0.3,0,0.0069993,4.08611,-0.0151714,-0.00160825,0.000725604,-0.000775429,0.999998,0.0177926,4.78476,-0.0375343,0.00141706,0.00110218,-0.000918486,0.388,0.218,0.366,0.168
8966,0,0,0,0.3,0,0.00701711,4.0909,-0.0152089,-0.00160748,0.00072606,-0.000775907,0.999998,0.0178135,4.78936,-0.0375777,0.00160518,0.000585873,-0.00103561,0.206,0.346,0.246,0.342
8967,0,0,0,0.3,0,0.00703495,4.09569,-0.0152466,-0.00160687,0.000726272,-0.000776513,0.999998,0.0178345,4.79396,-0.037621,0.000804951,0.000515078,-0.00132278,0.37,0.254,0.326,0.188
8968,0,0,0,0.3,0,0.0070528,4.10049,-0.0152842,-0.00160657,0.000726589,-0.000777168,0.999998,0.0178554,4.79856,-0.0376643,0.000618936,0.000512095,-0.00128047,0.266,0.286,0.306,0.28
8969,0,0,0,0.3,0,0.00707068,4.10529,-0.0153219,-0.00160635,0.000726669,-0.000777819,0.999998,0.0178763,4.80315,-0.0377075,0.000109227,2.78186e-05,-0.00132917,0.276,0.32,0.264,0.28
8970,0,0,0,0.3,0,0.00708858,4.1101,-0.0153597,-0.00160652,0.000726811,-0.000778426,0.999998,0.0178973,4.80774,-0.0377507,-0.000510128,0.000440663,-0.00104783,0.356,0.228,0.358,0.196
8971,0,0,0,0.3,0,0.00710649,4.11491,-0.0153975,-0.00160675,0.000726906,-0.000778834,0.999998,0.0179182,4.81233,-0.037794,-0.00054571,-5.44571e-05,-0.000678395,0.21,0.354,0.236,0.342
8972,0,0,0,0.3,0,0.00712443,4.11973,-0.0154353,-0.00160727,0.000726947,-0.000779098,0.999998,0.0179392,4.81691,-0.0378372,-0.00137251,0.000351795,-0.000361196,0.392,0.224,0.358,0.168
8973,0,0,0,0.3,0,0.00714239,4.12455,-0.0154732,-0.00160795,0.00072716,-0.000779129,0.999998,0.0179602,4.82149,-0.0378804,-0.00126644,0.000281009,0.000154849,0.222,0.322,0.27,0.326
8974,0,0,0,0.3,0,0.00716037,4.12938,-0.0155111,-0.0016087,0.000727224,-0.000778967,0.999998,0.0179811,4.82607,-0.0379236,-0.00185649,0.000222757,0.000457764,0.33,0.28,0.3,0.228
8975,0,0,0,0.3,0,0.00717838,4.13421,-0.0155491,-0.00160975,0.000727495,-0.000778594,0.999998,0.0180021,4.83065,-0.0379668,-0.00209121,0.000635876,0.000999003,0.306,0.254,0.336,0.244
8976,0,0,0,0.3,0,0.0071964,4.13904,-0.0155871,-0.00161079,0.000727685,-0.000777985,0.999998,0.018023,4.83522,-0.0380101,-0.00226026,0.000244275,0.00133644,0.238,0.338,0.25,0.314
8977,0,0,0,0.3,0,0.00721444,4.14388,-0.0156251,-0.00161214,0.000727947,-0.000777237,0.999998,0.0180438,4.83979,-0.0380534,-0.00288908,0.000783719,0.00166395,0.382,0.216,0.37,0.174
8978,0,0,0,0.3,0,0.00723251,4.14873,-0.0156632,-0.00161351,0.000728261,-0.000776307,0.999998,0.0180647,4.84436,-0.0380967,-0.0026553,0.000346548,0.001946,0.202,0.348,0.246,0.346
8979,0,0,0,0.3,0,0.00725059,4.15357,-0.0157014,-0.00161499,0.000728373,-0.000775354,0.999998,0.0180855,4.84892,-0.03814,-0.00323224,0.000338167,0.00188306,0.38,0.244,0.338,0.18
8980,0,0,0,0.3,0,0.0072687,4.15843,-0.0157396,-0.00161658,0.000728569,-0.000774404,0.999998,0.0181063,4.85348,-0.0381833,-0.00295812,0.000211543,0.00189688,0.256,0.294,0.3,0.292
8981,0,0,0,0.3,0,0.00728683,4.16329,-0.0157778,-0.00161803,0.000728488,-0.000773543,0.999998,0.018127,4.85804,-0.0382267,-0.00303579,-0.000254704,0.00155406,0.288,0.312,0.272,0.268
8982,0,0,0,0.3,0,0.00730498,4.16815,-0.0158161,-0.00161961,0.00072851,-0.000772834,0.999998,0.0181477,4.86259,-0.0382701,-0.00303776,0.000218745,0.00136707,0.346,0.232,0.356,0.206
8983,0,0,0,0.3,0,0.00732314,4.17302,-0.0158544,-0.00162094,0.000728508,-0.000772206,0.999998,0.0181684,4.86714,-0.0383135,-0.00249247,-0.000203598,0.00111591,0.216,0.352,0.236,0.336
8984,0,0,0,0.3,0,0.00734133,4.17789,-0.0158927,-0.00162225,0.000728495,-0.000771756,0.999998,0.0181891,4.87169,-0.038357,-0.0026351,0.000244431,0.000782172,0.396,0.22,0.362,0.162
8985,0,0,0,0.3,0,0.00735954,4.18276,-0.0159311,-0.00162335,0.000728642,-0.000771414,0.999998,0.0182097,4.87624,-0.0384005,-0.00180257,0.000150384,0.00057397,0.214,0.33,0.262,0.334
8986,0,0,0,0.3,0,0.00737777,4.18764,-0.0159696,-0.00162419,0.000728685,-0.000771258,0.999998,0.0182303,4.88078,-0.038444,-0.00170499,0.000254014,0.000122918,0.346,0.274,0.306,0.214
8987,0,0,0,0.3,0,0.00739602,4.19253,-0.0160081,-0.00162492,0.000728984,-0.000771249,0.999998,0.0182509,4.88532,-0.0384874,-0.00109845,0.000679633,-2.36958e-05,0.294,0.268,0.324,0.256
8988,0,0,0,0.3,0,0.0074143,4.19742,-0.0160466,-0.00162526,0.000729227,-0.000771328,0.999998,0.0182715,4.88985,-0.0385309,-0.000532739,0.000432806,-0.000296901,0.248,0.338,0.248,0.304
8989,0,0,0,0.3,0,0.00743259,4.20231,-0.0160852,-0.00162552,0.000729631,-0.000771522,0.999998,0.0182921,4.89438,-0.0385744,-0.000355218,0.00109486,-0.000385133,0.376,0.22,0.366,0.178
8990,0,0,0,0.3,0,0.0074509,4.20721,-0.0161238,-0.00162543,0.000730106,-0.000771687,0.999998,0.0183127,4.89891,-0.0386179,0.000518935,0.000692958,-0.00032031,0.2,0.352,0.24,0.348
8991,0,0,0,0.3,0,0.00746923,4.21212,-0.0161624,-0.0016252,0.000730433,-0.000771858,0.999998,0.0183333,4.90344,-0.0386613,0.000404463,0.000810592,-0.00031492,0.38,0.24,0.342,0.18
8992,0,0,0,0.3,0,0.00748759,4.21702,-0.0162011,-0.00162485,0.000730879,-0.00077193,0.999998,0.0183539,4.90796,-0.0387048,0.00102889,0.000757394,-1.46862e-05,0.24,0.308,0.284,0.306
8993,0,0,0,0.3,0,0.00750596,4.22194,-0.0162399,-0.00162428,0.000731125,-0.000771911,0.999998,0.0183745,4.91248,-0.0387482,0.00104764,0.000463706,5.59316e-05,0.3,0.308,0.274,0.256
8994,0,0,0,0.3,0,0.00752436,4.22685,-0.0162787,-0.00162381,0.000731503,-0.000771823,0.999998,0.0183951,4.91699,-0.0387915,0.00101283,0.000883427,0.000311262,0.332,0.24,0.348,0.218
8995,0,0,0,0.3,0,0.00754277,4.23178,-0.0163175,-0.00162323,0.000731807,-0.000771605,0.999998,0.0184156,4.92151,-0.0388348,0.00110054,0.000385211,0.00048365,0.218,0.348,0.24,0.334
8996,0,0,0,0.3,0,0.00756121,4.2367,-0.0163564,-0.00162293,0.000732097,-0.000771321,0.999998,0.0184362,4.92601,-0.0388781,0.000295601,0.000839424,0.000696678,0.394,0.214,0.37,0.162
8997,0,0,0,0.3,0,0.00757967,4.24163,-0.0163953,-0.0016228,0.000732488,-0.000770858,0.999998,0.0184567,4.93052,-0.0389214,0.000246607,0.000543827,0.00106174,0.208,0.336,0.256,0.34
8998,0,0,0,0.3,0,0.00759814,4.24657,-0.0164343,-0.00162291,0.000732693,-0.000770311,0.999998,0.0184772,4.93502,-0.0389647,-0.000709864,0.00051154,0.00111763,0.354,0.264,0.318,0.206
8999,0,0,0,0.3,0,0.00761664,4.25151,-0.0164733,-0.00162342,0.00073305,-0.000769698,0.999998,0.0184977,4.93952,-0.0390079,-0.00103969,0.000679834,0.00131148,0.28,0.276,0.316,0.268
9000,0,0,0,0.3,0,0.00763516,4.25645,-0.0165123,-0.001624,0.000733233,-0.000769061,0.999998,0.0185181,4.94402,-0.0390511,-0.00145309,0.000244514,0.00119775,0.262,0.33,0.254,0.292
9001,0,0,0,0.3,0,0.0076537,4.2614,-0.0165514,-0.00162496,0.000733491,-0.000768498,0.999998,0.0185385,4.94851,-0.0390944,-0.00209594,0.000706616,0.001118,0.368,0.222,0.364,0.184
9002,0,0,0,0.3,0,0.00767225,4.26635,-0.0165906,-0.00162597,0.00073373,-0.00076796,0.999998,0.0185589,4.953,-0.0391376,-0.00206433,0.00022385,0.000989114,0.202,0.35,0.242,0.346
9003,0,0,0,0.3,0,0.00769083,4.27131,-0.0166298,-0.00162724,0.000733857,-0.000767548,0.999998,0.0185793,4.95749,-0.0391809,-0.00289527,0.000446337,0.000747898,0.39,0.226,0.356,0.168
9004,0,0,0,0.3,0,0.00770943,4.27627,-0.016669,-0.0016287,0.000734089,-0.000767171,0.999998,0.0185996,4.96197,-0.0392242,-0.00282228,0.000249504,0.000748445,0.234,0.312,0.282,0.312
9005,0,0,0,0.3,0,0.00772805,4.28124,-0.0167082,-0.0016302,0.000734038,-0.000766877,0.999998,0.01862,4.96645,-0.0392675,-0.00329939,-0.000167543,0.000440011,0.316,0.296,0.284,0.242
9006,0,0,0,0.3,0,0.00774669,4.28621,-0.0167476,-0.00163195,0.000734046,-0.00076672,0.999998,0.0186403,4.97093,-0.0393109,-0.00342416,4.51521e-05,0.000242644,0.322,0.248,0.34,0.228
9007,0,0,0,0.3,0,0.00776535,4.29118,-0.0167869,-0.00163355,0.000733894,-0.000766694,0.999998,0.0186606,4.9754,-0.0393543,-0.00317608,-0.000521911,-0.000141522,0.23,0.348,0.238,0.324
9008,0,0,0,0.3,0,0.00778404,4.29616,-0.0168263,-0.00163525,0.000733759,-0.000766872,0.999998,0.0186809,4.97987,-0.0393977,-0.00343982,1.74252e-05,-0.000445013,0.392,0.214,0.368,0.164
9009,0,0,0,0.3,0,0.00780274,4.30115,-0.0168658,-0.00163678,0.000733749,-0.00076711,0.999998,0.0187012,4.98434,-0.0394412,-0.00279765,-0.000212041,-0.000521948,0.206,0.34,0.252,0.342
9010,0,0,0,0.3,0,0.00782146,4.30614,-0.0169052,-0.00163822,0.000733638,-0.000767432,0.999998,0.0187215,4.98881,-0.0394846,-0.00303068,-6.1584e-06,-0.000702881,0.364,0.256,0.326,0.194
9011,0,0,0,0.3,0,0.0078402,4.31113,-0.0169448,-0.00163965,0.000733768,-0.000767744,0.999998,0.0187418,4.99327,-0.0395282,-0.00254156,0.000255284,-0.000539928,0.27,0.284,0.308,0.278
9012,0,0,0,0.3,0,0.00785896,4.31613,-0.0169843,-0.00164078,0.000733749,-0.000768011,0.999998,0.0187621,4.99773,-0.0395717,-0.00222225,-0.000140858,-0.000557154,0.274,0.322,0.262,0.282
9013,0,0,0,0.3,0,0.00787774,4.32113,-0.017024,-0.00164188,0.000733812,-0.000768266,0.999998,0.0187824,5.00219,-0.0396152,-0.00200739,0.000298813,-0.000420017,0.362,0.226,0.36,0.192
9014,0,0,0,0.3,0,0.00789655,4.32614,-0.0170636,-0.00164263,0.000733858,-0.000768427,0.999998,0.0188027,5.00664,-0.0396588,-0.00121606,-0.0001362,-0.000294166,0.208,0.352,0.238,0.342
9015,0,0,0,0.3,0,0.00791537,4.33115,-0.0171033,-0.00164325,0.000733843,-0.00076857,0.999998,0.018823,5.0111,-0.0397024,-0.00123973,0.000208182,-0.00022502,0.392,0.226,0.356,0.166
9016,0,0,0,0.3,0,0.00793421,4.33616,-0.0171431,-0.00164364,0.000733978,-0.000768588,0.999998,0.0188433,5.01554,-0.039746,-0.000309057,9.26533e-05,9.85753e-05,0.222,0.324,0.27,0.326
9017,0,0,0,0.3,0,0.00795308,4.34118,-0.0171828,-0.00164367,0.000733906,-0.000768505,0.999998,0.0188636,5.01999,-0.0397895,-2.24092e-05,-0.000144339,0.000212534,0.322,0.284,0.298,0.236
9018,0,0,0,0.3,0,0.00797196,4.34621,-0.0172227,-0.00164356,0.000733936,-0.000768304,0.999998,0.0188839,5.02443,-0.0398331,0.000591459,7.91964e-05,0.000587966,0.308,0.254,0.338,0.24
9019,0,0,0,0.3,0,0.00799087,4.35124,-0.0172626,-0.00164303,0.000733802,-0.000767927,0.999998,0.0189041,5.02887,-0.0398766,0.00121697,-0.000491775,0.000832778,0.238,0.344,0.244,0.314
9020,0,0,0,0.3,0,0.00800979,4.35627,-0.0173025,-0.00164246,0.000733643,-0.000767466,0.999998,0.0189244,5.03331,-0.0399201,0.00118349,-0.000139813,0.00102144,0.386,0.216,0.37,0.168
9021,0,0,0,0.3,0,0.00802873,4.36131,-0.0173424,-0.00164167,0.000733457,-0.000766907,0.999998,0.0189446,5.03774,-0.0399635,0.00186871,-0.000696124,0.00112668,0.202,0.346,0.246,0.346
9022,0,0,0,0.3,0,0.0080477,4.36635,-0.0173825,-0.00164078,0.00073304,-0.000766391,0.999998,0.0189648,5.04217,-0.0400069,0.00162328,-0.000727524,0.00098159,0.37,0.246,0.334,0.188
9023,0,0,0,0.3,0,0.00806668,4.3714,-0.0174225,-0.00163986,0.000732703,-0.000765872,0.999998,0.0189849,5.0466,-0.0400502,0.00216585,-0.000825906,0.00108104,0.254,0.292,0.302,0.294
9024,0,0,0,0.3,0,0.00808569,4.37645,-0.0174626,-0.00163866,0.000732122,-0.000765368,0.999998,0.0190051,5.05102,-0.0400936,0.00237954,-0.00125979,0.000919016,0.282,0.314,0.27,0.274
9025,0,0,0,0.3,0,0.00810471,4.3815,-0.0175027,-0.00163748,0.000731614,-0.000764935,0.999998,0.0190252,5.05544,-0.0401368,0.00252953,-0.000895995,0.000859682,0.348,0.232,0.354,0.204
9026,0,0,0,0.3,0,0.00812376,4.38656,-0.0175429,-0.00163602,0.000731022,-0.00076455,0.999998,0.0190453,5.05986,-0.04018,0.00308544,-0.00144206,0.000621903,0.214,0.356,0.232,0.338
9027,0,0,0,0.3,0,0.00814283,4.39163,-0.0175831,-0.00163458,0.00073036,-0.000764371,0.999998,0.0190654,5.06428,-0.0402231,0.0027822,-0.0010933,0.000181901,0.396,0.224,0.358,0.162
9028,0,0,0,0.3,0,0.00816191,4.3967,-0.0176234,-0.00163305,0.000729826,-0.000764369,0.999998,0.0190855,5.06869,-0.0402662,0.00331633,-0.00124763,-0.000163744,0.212,0.33,0.262,0.334
9029,0,0,0,0.3,0,0.00818102,4.40177,-0.0176637,-0.00163143,0.000729175,-0.000764604,0.999998,0.0191055,5.0731,-0.0403093,0.00300653,-0.00112205,-0.000682465,0.338,0.278,0.304,0.222
9030,0,0,0,0.3,0,0.00820014,4.40685,-0.0177041,-0.00162997,0.000728811,-0.000764988,0.999998,0.0191256,5.07751,-0.0403522,0.00305734,-0.000604342,-0.000782095,0.298,0.264,0.326,0.252
9031,0,0,0,0.3,0,0.00821929,4.41193,-0.0177445,-0.0016284,0.000728417,-0.000765413,0.999998,0.0191457,5.08192,-0.0403951,0.00297228,-0.000845631,-0.000935015,0.25,0.34,0.246,0.304
9032,0,0,0,0.3,0,0.00823845,4.41702,-0.0177849,-0.00162713,0.000728188,-0.000765905,0.999998,0.0191658,5.08632,-0.0404379,0.0023382,-0.000140423,-0.000963554,0.38,0.22,0.364,0.176
9033,0,0,0,0.3,0,0.00825764,4.42211,-0.0178254,-0.00162594,0.000728121,-0.000766361,0.999998,0.0191858,5.09072,-0.0404807,0.00236002,-0.000242734,-0.000910123,0.196,0.35,0.24,0.352
9034,0,0,0,0.3,0,0.00827685,4.4272,-0.0178659,-0.00162501,0.000728107,-0.00076683,0.999998,0.0192059,5.09512,-0.0405235,0.00143998,0.000333256,-0.000904177,0.378,0.234,0.346,0.18
9035,0,0,0,0.3,0,0.00829607,4.4323,-0.0179065,-0.00162436,0.000728458,-0.000767175,0.999998,0.019226,5.09951,-0.0405661,0.00129964,0.00076234,-0.000516631,0.244,0.3,0.294,0.302
9036,0,0,0,0.3,0,0.00831532,4.4374,-0.0179471,-0.00162386,0.000728794,-0.000767384,0.999998,0.0192461,5.1039,-0.0406088,0.000587129,0.000736026,-0.000379626,0.298,0.306,0.276,0.26
9037,0,0,0,0.3,0,0.00833458,4.44251,-0.0179877,-0.00162382,0.000729323,-0.000767532,0.999998,0.0192662,5.10829,-0.0406514,-9.89295e-05,0.00117534,-0.000212302,0.336,0.238,0.352,0.214
9038,0,0,0,0.3,0,0.00835387,4.44763,-0.0180284,-0.00162391,0.000729741,-0.000767645,0.999998,0.0192863,5.11268,-0.040694,-0.000380189,0.000559777,-0.000312156,0.222,0.35,0.238,0.328
9039,0,0,0,0.3,0,0.00837318,4.45274,-0.0180692,-0.00162439,0.000730087,-0.000767883,0.999998,0.0193064,5.11706,-0.0407367,-0.00131837,0.000899123,-0.000564552,0.396,0.218,0.366,0.16
9040,0,0,0,0.3,0,0.0083925,4.45786,-0.0181099,-0.00162505,0.000730481,-0.000768207,0.999998,0.0193265,5.12144,-0.0407793,-0.00129785,0.00049527,-0.000751807,0.21,0.338,0.256,0.336
9041,0,0,0,0.3,0,0.00841185,4.46299,-0.0181508,-0.00162587,0.000730589,-0.000768702,0.999998,0.0193466,5.12581,-0.0408219,-0.00198386,0.000198713,-0.00115188,0.348,0.27,0.312,0.21
9042,0,0,0,0.3,0,0.00843122,4.46812,-0.0181916,-0.00162691,0.000730726,-0.000769307,0.999998,0.0193667,5.13019,-0.0408645,-0.00196349,0.000147869,-0.00121459,0.282,0.272,0.32,0.264
9043,0,0,0,0.3,0,0.0084506,4.47325,-0.0182325,-0.00162784,0.000730571,-0.000769953,0.999998,0.0193868,5.13455,-0.0409071,-0.00196207,-0.000571478,-0.00137675,0.258,0.332,0.252,0.296
9044,0,0,0,0.3,0,0.00847001,4.47839,-0.0182735,-0.00162896,0.000730338,-0.000770658,0.999998,0.0194069,5.13892,-0.0409498,-0.00227186,-0.000405173,-0.00136896,0.372,0.222,0.364,0.182
9045,0,0,0,0.3,0,0.00848944,4.48354,-0.0183145,-0.00162997,0.000729945,-0.000771323,0.999998,0.0194271,5.14328,-0.0409924,-0.00194004,-0.00117195,-0.00134611,0.206,0.354,0.238,0.342
9046,0,0,0,0.3,0,0.00850888,4.48868,-0.0183555,-0.0016311,0.000729314,-0.000772037,0.999998,0.0194472,5.14764,-0.0410351,-0.00249846,-0.00114413,-0.00143795,0.388,0.234,0.348,0.168
9047,0,0,0,0.3,0,0.00852835,4.49384,-0.0183966,-0.00163229,0.000728723,-0.0007727,0.999998,0.0194674,5.152,-0.0410778,-0.00217949,-0.00142842,-0.00123046,0.23,0.312,0.282,0.316
9048,0,0,0,0.3,0,0.00854784,4.49899,-0.0184377,-0.00163339,0.000727826,-0.000773298,0.999998,0.0194876,5.15635,-0.0411205,-0.002395,-0.00188887,-0.00115757,0.308,0.296,0.286,0.248
9049,0,0,0,0.3,0,0.00856735,4.50415,-0.0184789,-0.00163464,0.000726958,-0.000773781,0.999998,0.0195077,5.16071,-0.0411633,-0.00237539,-0.00174596,-0.000758081,0.326,0.244,0.346,0.224
9050,0,0,0,0.3,0,0.00858688,4.50932,-0.0185201,-0.00163571,0.000725875,-0.000774068,0.999998,0.0195279,5.16506,-0.041206,-0.00215256,-0.00245493,-0.000489888,0.23,0.35,0.238,0.322
9051,0,0,0,0.3,0,0.00860642,4.51449,-0.0185613,-0.00163694,0.000724722,-0.000774281,0.999998,0.0195481,5.1694,-0.0412488,-0.00260856,-0.00207536,-0.000327453,0.392,0.218,0.366,0.164
9052,0,0,0,0.3,0,0.00862599,4.51966,-0.0186026,-0.00163813,0.000723651,-0.000774379,0.999998,0.0195683,5.17375,-0.0412916,-0.00217978,-0.00234519,-0.000129231,0.206,0.342,0.25,0.342
9053,0,0,0,0.3,0,0.00864558,4.52484,-0.0186439,-0.0016393,0.000722466,-0.000774443,0.999998,0.0195885,5.17808,-0.0413344,-0.00256569,-0.00217436,-8.17909e-05,0.364,0.256,0.324,0.196
9054,0,0,0,0.3,0,0.00866519,4.53002,-0.0186853,-0.00164055,0.000721514,-0.000774371,0.999998,0.0196087,5.18242,-0.0413772,-0.00226573,-0.00188374,0.000358318,0.274,0.28,0.312,0.274
9055,0,0,0,0.3,0,0.00868482,4.53521,-0.0187267,-0.0016416,0.000720473,-0.0007741,0.999998,0.0196288,5.18675,-0.04142,-0.00218394,-0.00208583,0.000667933,0.27,0.322,0.262,0.284
9056,0,0,0,0.3,0,0.00870447,4.5404,-0.0187682,-0.00164277,0.000719635,-0.000773644,0.999998,0.019649,5.19108,-0.0414629,-0.00227407,-0.00139156,0.00116348,0.362,0.224,0.362,0.19
9057,0,0,0,0.3,0,0.00872414,4.5456,-0.0188097,-0.00164372,0.000718882,-0.000772911,0.999998,0.0196691,5.19541,-0.0415058,-0.00170955,-0.00167602,0.00165591,0.206,0.35,0.24,0.342
9058,0,0,0,0.3,0,0.00874383,4.5508,-0.0188513,-0.00164464,0.000718107,-0.000771989,0.999998,0.0196891,5.19974,-0.0415486,-0.00189975,-0.00128144,0.00203742,0.39,0.222,0.36,0.168
9059,0,0,0,0.3,0,0.00876353,4.556,-0.0188929,-0.00164539,0.000717499,-0.000770808,0.999998,0.0197092,5.20406,-0.0415915,-0.00111058,-0.00137603,0.00259789,0.22,0.318,0.276,0.326
9060,0,0,0,0.3,0,0.00878326,4.56121,-0.0189345,-0.00164585,0.0007167,-0.000769431,0.999998,0.0197292,5.20837,-0.0416344,-0.000903047,-0.00156513,0.00286047,0.32,0.286,0.296,0.238
9061,0,0,0,0.3,0,0.00880301,4.56642,-0.0189762,-0.00164619,0.000716048,-0.000767905,0.999998,0.0197491,5.21269,-0.0416773,-0.000291914,-0.00122046,0.00320787,0.31,0.252,0.338,0.238
9062,0,0,0,0.3,0,0.00882278,4.57164,-0.0190179,-0.00164607,0.000715288,-0.000766288,0.999998,0.019769,5.217,-0.0417202,0.000453658,-0.00170048,0.00316971,0.236,0.346,0.24,0.318
9063,0,0,0,0.3,0,0.00884257,4.57686,-0.0190596,-0.00164583,0.000714548,-0.000764782,0.999998,0.0197888,5.22131,-0.041763,0.000601453,-0.00125191,0.00291513,0.384,0.218,0.366,0.172
9064,0,0,0,0.3,0,0.00886238,4.58208,-0.0191014,-0.00164527,0.000713865,-0.000763408,0.999998,0.0198086,5.22561,-0.0418058,0.00151146,-0.00158024,0.00255704,0.2,0.348,0.242,0.348
9065,0,0,0,0.3,0,0.00888221,4.58731,-0.0191433,-0.0016445,0.00071309,-0.000762303,0.999998,0.0198284,5.22991,-0.0418486,0.00144532,-0.0012881,0.00197025,0.37,0.246,0.334,0.188
9066,0,0,0,0.3,0,0.00890206,4.59255,-0.0191852,-0.00164367,0.000712597,-0.000761408,0.999998,0.019848,5.23421,-0.0418913,0.00198322,-0.000947466,0.00166156,0.256,0.29,0.302,0.29
9067,0,0,0,0.3,0,0.00892192,4.59779,-0.0192271,-0.00164261,0.000712054,-0.000760708,0.999998,0.0198677,5.2385,-0.041934,0.00201336,-0.00103898,0.00117259,0.284,0.318,0.266,0.274
9068,0,0,0,0.3,0,0.00894181,4.60303,-0.0192691,-0.0016417,0.000711738,-0.00076023,0.999998,0.0198873,5.24279,-0.0419766,0.00186112,-0.000404093,0.00083225,0.348,0.23,0.358,0.204
9069,0,0,0,0.3,0,0.00896172,4.60828,-0.0193111,-0.00164066,0.000711455,-0.000759927,0.999998,0.019907,5.24708,-0.0420192,0.00211174,-0.000724076,0.000364418,0.212,0.352,0.238,0.34
9070,0,0,0,0.3,0,0.00898165,4.61353,-0.0193532,-0.00163978,0.000711228,-0.00075992,0.999998,0.0199266,5.25137,-0.0420618,0.00150306,-0.000100622,-0.000206998,0.392,0.222,0.36,0.166
9071,0,0,0,0.3,0,0.00900159,4.61878,-0.0193953,-0.00163898,0.000711266,-0.000760128,0.999998,0.0199462,5.25565,-0.0421043,0.00175456,1.16763e-06,-0.000611304,0.216,0.33,0.262,0.33
9072,0,0,0,0.3,0,0.00902156,4.62404,-0.0194374,-0.0016382,0.000711258,-0.000760621,0.999998,0.0199658,5.25993,-0.0421468,0.00124967,0.000179514,-0.00127785,0.338,0.28,0.302,0.22
9073,0,0,0,0.3,0,0.00904154,4.62931,-0.0194796,-0.00163766,0.000711535,-0.000761388,0.999998,0.0199854,5.26421,-0.0421892,0.00114073,0.000659142,-0.00170155,0.3,0.262,0.328,0.25
9074,0,0,0,0.3,0,0.00906155,4.63458,-0.0195219,-0.00163709,0.000711751,-0.000762379,0.999998,0.020005,5.26848,-0.0422316,0.000969858,0.000320824,-0.0022314,0.248,0.34,0.244,0.306
9075,0,0,0,0.3,0,0.00908157,4.63985,-0.0195641,-0.00163683,0.000712086,-0.000763614,0.999998,0.0200246,5.27275,-0.0422739,0.000303276,0.000978927,-0.00258588,0.38,0.22,0.366,0.174
9076,0,0,0,0.3,0,0.00910162,4.64513,-0.0196064,-0.00163664,0.000712568,-0.000764957,0.999998,0.0200443,5.27701,-0.0423163,0.000373913,0.000812954,-0.00279994,0.202,0.348,0.242,0.346
9077,0,0,0,0.3,0,0.00912168,4.65041,-0.0196488,-0.00163668,0.000713053,-0.000766445,0.999998,0.020064,5.28128,-0.0423586,-0.000454519,0.0012906,-0.00305859,0.38,0.238,0.342,0.178
9078,0,0,0,0.3,0,0.00914176,4.65569,-0.0196912,-0.00163695,0.000713848,-0.000767945,0.999998,0.0200838,5.28554,-0.0424009,-0.000485448,0.00158457,-0.00294225,0.25,0.3,0.294,0.298
9079,0,0,0,0.3,0,0.00916187,4.66098,-0.0197336,-0.00163728,0.000714554,-0.000769424,0.999998,0.0201036,5.28979,-0.0424432,-0.000964963,0.00141499,-0.0029898,0.298,0.308,0.274,0.258
9080,0,0,0,0.3,0,0.00918199,4.66628,-0.0197761,-0.00163792,0.000715416,-0.000770889,0.999998,0.0201234,5.29405,-0.0424855,-0.00133405,0.00186126,-0.00284106,0.34,0.238,0.352,0.21
9081,0,0,0,0.3,0,0.00920213,4.67158,-0.0198187,-0.00163853,0.00071621,-0.000772275,0.999998,0.0201433,5.2983,-0.0425278,-0.00125007,0.00134221,-0.0027713,0.218,0.352,0.238,0.332
9082,0,0,0,0.3,0,0.0092223,4.67688,-0.0198612,-0.00163933,0.000716937,-0.000773648,0.999998,0.0201632,5.30255,-0.0425701,-0.00181084,0.0016391,-0.00266459,0.394,0.22,0.364,0.162
9083,0,0,0,0.3,0,0.00924248,4.68219,-0.0199038,-0.00164014,0.000717699,-0.000774877,0.999998,0.0201831,5.30679,-0.0426124,-0.00140481,0.00122165,-0.00232067,0.21,0.338,0.256,0.336
9084,0,0,0,0.3,0,0.00926268,4.6875,-0.0199465,-0.0016409,0.000718169,-0.000775986,0.999998,0.020203,5.31103,-0.0426547,-0.00175306,0.000930833,-0.00211502,0.352,0.27,0.312,0.206
9085,0,0,0,0.3,0,0.00928291,4.69281,-0.0199892,-0.00164177,0.000718683,-0.000776898,0.999998,0.020223,5.31527,-0.042697,-0.00153748,0.0009253,-0.00156467,0.288,0.272,0.32,0.26
9086,0,0,0,0.3,0,0.00930315,4.69813,-0.0200319,-0.00164246,0.000718928,-0.000777545,0.999998,0.020243,5.3195,-0.0427393,-0.00144126,0.000258777,-0.00111274,0.256,0.332,0.254,0.296
9087,0,0,0,0.3,0,0.00932341,4.70346,-0.0200747,-0.00164328,0.000719121,-0.000777933,0.999998,0.020263,5.32374,-0.0427816,-0.00166184,0.000468753,-0.000439803,0.37,0.222,0.364,0.182
9088,0,0,0,0.3,0,0.00934369,4.70878,-0.0201175,-0.00164395,0.000719171,-0.000777918,0.999998,0.020283,5.32796,-0.042824,-0.00116745,-0.000306573,0.000359398,0.204,0.352,0.238,0.346
9089,0,0,0,0.3,0,0.009364,4.71412,-0.0201604,-0.00164464,0.000718925,-0.000777549,0.999998,0.0203029,5.33219,-0.0428663,-0.00152656,-0.000440995,0.00107768,0.386,0.23,0.35,0.172
9090,0,0,0,0.3,0,0.00938432,4.71945,-0.0202033,-0.00164529,0.000718662,-0.000776737,0.999998,0.0203229,5.33641,-0.0429086,-0.00103384,-0.000780045,0.0020409,0.234,0.306,0.288,0.312
9091,0,0,0,0.3,0,0.00940466,4.72479,-0.0202463,-0.00164578,0.000718096,-0.000775513,0.999998,0.0203428,5.34063,-0.0429509,-0.00110593,-0.00119185,0.00274646,0.306,0.298,0.284,0.252
9092,0,0,0,0.3,0,0.00942503,4.73014,-0.0202893,-0.00164636,0.000717615,-0.000773914,0.999998,0.0203627,5.34485,-0.0429932,-0.0009921,-0.000907766,0.00357291,0.326,0.244,0.344,0.224
9093,0,0,0,0.3,0,0.00944541,4.73549,-0.0203323,-0.00164669,0.000716976,-0.000771958,0.999998,0.0203825,5.34906,-0.0430355,-0.000576589,-0.00152558,0.0040941,0.224,0.348,0.24,0.328
9094,0,0,0,0.3,0,0.00946581,4.74084,-0.0203754,-0.00164707,0.000716295,-0.000769832,0.999998,0.0204022,5.35327,-0.0430779,-0.000805416,-0.00112531,0.00440685,0.388,0.216,0.366,0.168
9095,0,0,0,0.3,0,0.00948623,4.7462,-0.0204185,-0.0016473,0.000715694,-0.000767535,0.999998,0.0204219,5.35747,-0.0431202,-0.000190127,-0.00141463,0.00468669,0.2,0.34,0.252,0.348
9096,0,0,0,0.3,0,0.00950668,4.75156,-0.0204617,-0.00164745,0.000714945,-0.000765203,0.999998,0.0204415,5.36168,-0.0431625,-0.000468872,-0.00132026,0.00465196,0.356,0.26,0.322,0.204
9097,0,0,0,0.3,0,0.00952714,4.75692,-0.0205049,-0.00164765,0.000714416,-0.000762845,0.999998,0.020461,5.36588,-0.0432048,-0.000187136,-0.00104511,0.00476546,0.272,0.282,0.31,0.274
9098,0,0,0,0.3,0,0.00954762,4.76229,-0.0205481,-0.0016477,0.000713761,-0.000760519,0.999998,0.0204804,5.37008,-0.043247,-0.000256646,-0.00137733,0.00450049,0.268,0.326,0.258,0.288
9099,0,0,0,0.3,0,0.00956812,4.76767,-0.0205914,-0.001648,0.000713222,-0.000758369,0.999998,0.0204998,5.37427,-0.0432893,-0.000699155,-0.000858717,0.0041808,0.362,0.224,0.362,0.19
9100,0,0,0,0.3,0,0.00958864,4.77305,-0.0206347,-0.00164831,0.000712684,-0.000756382,0.999998,0.020519,5.37846,-0.0433316,-0.000684796,-0.00132457,0.00375857,0.206,0.352,0.238,0.344
9101,0,0,0,0.3,0,0.00960917,4.77843,-0.0206781,-0.00164891,0.000712046,-0.000754669,0.999998,0.0205383,5.38265,-0.0433738,-0.00160229,-0.00107329,0.00321242,0.39,0.226,0.356,0.168
9102,0,0,0,0.3,0,0.00962973,4.78382,-0.0207215,-0.00164975,0.00071151,-0.000753155,0.999998,0.0205574,5.38684,-0.0434161,-0.00164146,-0.00127188,0.00287636,0.226,0.314,0.278,0.322
9103,0,0,0,0.3,0,0.00965031,4.78921,-0.020765,-0.00165071,0.000710751,-0.000751876,0.999998,0.0205765,5.39102,-0.0434583,-0.00229894,-0.00148273,0.00230637,0.32,0.288,0.292,0.238
9104,0,0,0,0.3,0,0.0096709,4.7946,-0.0208085,-0.00165201,0.000710164,-0.000750837,0.999998,0.0205956,5.3952,-0.0435006,-0.00262042,-0.00105899,0.0019357,0.316,0.248,0.34,0.234
9105,0,0,0,0.3,0,0.00969152,4.8,-0.020852,-0.0016533,0.000709529,-0.00075002,0.999998,0.0206147,5.39938,-0.0435429,-0.00273252,-0.00136425,0.0013384,0.236,0.34,0.246,0.316
9106,0,0,0,0.3,0,0.00971215,4.80541,-0.0208956,-0.00165488,0.000709027,-0.000749551,0.999998,0.0206337,5.40355,-0.0435852,-0.00335138,-0.000649438,0.000676472,0.39,0.212,0.372,0.166
9107,0,0,0,0.3,0,0.0097328,4.81081,-0.0209392,-0.00165647,0.000708725,-0.000749378,0.999998,0.0206527,5.40773,-0.0436276,-0.003045,-0.000721844,4.2594e-05,0.204,0.346,0.246,0.344
9108,0,0,0,0.3,0,0.00975348,4.81623,-0.0209829,-0.00165809,0.000708409,-0.000749605,0.999998,0.0206716,5.41189,-0.04367,-0.00344957,-0.000352023,-0.000812697,0.37,0.254,0.328,0.188
9109,0,0,0,0.3,0,0.00977417,4.82164,-0.0210266,-0.00165972,0.000708395,-0.000750186,0.999998,0.0206906,5.41606,-0.0437124,-0.00291765,2.59322e-05,-0.00141938,0.26,0.29,0.302,0.288
9110,0,0,0,0.3,0,0.00979488,4.82706,-0.0210704,-0.00166103,0.000708315,-0.000751109,0.999998,0.0207096,5.42023,-0.0437548,-0.00256676,-0.000170003,-0.00219052,0.282,0.32,0.262,0.276
9111,0,0,0,0.3,0,0.0098156,4.83249,-0.0211142,-0.00166228,0.000708414,-0.000752361,0.999998,0.0207287,5.42439,-0.0437973,-0.00228021,0.000415517,-0.00268116,0.352,0.232,0.354,0.2
9112,0,0,0,0.3,0,0.00983635,4.83791,-0.021158,-0.00166318,0.000708537,-0.000753814,0.999998,0.0207477,5.42855,-0.0438398,-0.00155343,7.34803e-05,-0.003118,0.21,0.356,0.234,0.34
9113,0,0,0,0.3,0,0.00985712,4.84335,-0.0212019,-0.00166401,0.00070869,-0.000755503,0.999998,0.0207668,5.4327,-0.0438823,-0.00173069,0.000625559,-0.00351025,0.396,0.224,0.358,0.162
9114,0,0,0,0.3,0,0.00987791,4.84878,-0.0212458,-0.00166472,0.00070906,-0.000757274,0.999998,0.020786,5.43685,-0.0439248,-0.00113473,0.000605722,-0.00357368,0.22,0.324,0.268,0.326
9115,0,0,0,0.3,0,0.00989871,4.85423,-0.0212898,-0.00166531,0.000709293,-0.000759114,0.999998,0.0208051,5.441,-0.0439673,-0.00139626,0.000555351,-0.00374144,0.34,0.28,0.302,0.218
9116,0,0,0,0.3,0,0.00991953,4.85967,-0.0213338,-0.00166604,0.000709715,-0.000760933,0.999998,0.0208244,5.44515,-0.0440098,-0.0013197,0.000902996,-0.00351199,0.306,0.262,0.328,0.244
9117,0,0,0,0.3,0,0.00994038,4.86512,-0.0213778,-0.00166661,0.00071004,-0.000762629,0.999998,0.0208437,5.44929,-0.0440523,-0.0011846,0.000498343,-0.00332704,0.244,0.34,0.244,0.31
9118,0,0,0,0.3,0,0.00996124,4.87057,-0.0214219,-0.00166731,0.000710396,-0.000764202,0.999998,0.020863,5.45343,-0.0440948,-0.00140797,0.000898325,-0.00292244,0.378,0.216,0.368,0.176
9119,0,0,0,0.3,0,0.00998212,4.87603,-0.0214661,-0.00166782,0.000710756,-0.000765473,0.999998,0.0208823,5.45757,-0.0441373,-0.000761797,0.000448692,-0.00226164,0.198,0.35,0.242,0.35
9120,0,0,0,0.3,0,0.010003,4.88149,-0.0215103,-0.00166825,0.000710995,-0.000766435,0.999998,0.0209017,5.4617,-0.0441798,-0.00096833,0.000699879,-0.00160977,0.378,0.242,0.34,0.18
9121,0,0,0,0.3,0,0.0100239,4.88696,-0.0215545,-0.00166861,0.000711437,-0.000766981,0.999998,0.0209211,5.46583,-0.0442223,-0.000395907,0.000799848,-0.000695336,0.25,0.296,0.296,0.296
9122,0,0,0,0.3,0,0.0100449,4.89243,-0.0215987,-0.00166874,0.000711707,-0.000767152,0.999998,0.0209405,5.46996,-0.0442648,-0.000311075,0.000491087,-0.000106413,0.292,0.31,0.274,0.264
9123,0,0,0,0.3,0,0.0100658,4.8979,-0.021643,-0.00166893,0.000712083,-0.000767027,0.999998,0.0209599,5.47408,-0.0443072,-0.000238497,0.000853214,0.000564071,0.34,0.236,0.352,0.212
9124,0,0,0,0.3,0,0.0100868,4.90338,-0.0216874,-0.00166888,0.000712342,-0.000766587,0.999998,0.0209793,5.4782,-0.0443497,0.000231472,0.000234904,0.00105929,0.216,0.35,0.238,0.336
9125,0,0,0,0.3,0,0.0101078,4.90886,-0.0217318,-0.00166886,0.000712498,-0.000765967,0.999998,0.0209986,5.48232,-0.0443921,-4.38146e-05,0.000505356,0.00142197,0.394,0.218,0.364,0.164
9126,0,0,0,0.3,0,0.0101288,4.91435,-0.0217762,-0.00166873,0.000712729,-0.000765125,0.999998,0.0210179,5.48644,-0.0444346,0.000544779,0.000238254,0.00184572,0.212,0.332,0.262,0.334
9127,0,0,0,0.3,0,0.0101499,4.91984,-0.0218207,-0.00166849,0.000712762,-0.000764175,0.999998,0.0210372,5.49055,-0.0444769,0.000322108,0.00013763,0.00193685,0.348,0.268,0.314,0.21
9128,0,0,0,0.3,0,0.0101709,4.92533,-0.0218652,-0.0016683,0.000712929,-0.000763139,0.999998,0.0210565,5.49466,-0.0445193,0.000617198,0.000282315,0.00219541,0.29,0.266,0.326,0.258
9129,0,0,0,0.3,0,0.010192,4.93083,-0.0219098,-0.00166787,0.000712857,-0.000762025,0.999998,0.0210757,5.49877,-0.0445617,0.000857346,-0.000378006,0.00220477,0.254,0.334,0.252,0.3
9130,0,0,0,0.3,0,0.0102131,4.93634,-0.0219544,-0.00166751,0.00071274,-0.000760923,0.999998,0.0210948,5.50287,-0.044604,0.000814793,-9.95342e-05,0.00225149,0.37,0.22,0.366,0.182
9131,0,0,0,0.3,0,0.0102342,4.94184,-0.021999,-0.00166687,0.000712559,-0.000759779,0.999998,0.021114,5.50697,-0.0446463,0.00157228,-0.000666088,0.00225838,0.202,0.356,0.234,0.348
9132,0,0,0,0.3,0,0.0102554,4.94735,-0.0220437,-0.0016661,0.00071221,-0.00075871,0.999998,0.021133,5.51107,-0.0446885,0.00151284,-0.000529599,0.00207327,0.384,0.236,0.344,0.174
9133,0,0,0,0.3,0,0.0102765,4.95287,-0.0220885,-0.00166516,0.000711968,-0.000757671,0.999998,0.0211521,5.51517,-0.0447307,0.00227191,-0.000647801,0.0020649,0.238,0.308,0.286,0.31
9134,0,0,0,0.3,0,0.0102977,4.95839,-0.0221332,-0.00166394,0.000711518,-0.000756702,0.999998,0.0211711,5.51926,-0.0447729,0.00236307,-0.000896977,0.00183063,0.304,0.298,0.284,0.254
9135,0,0,0,0.3,0,0.0103189,4.96391,-0.022178,-0.00166278,0.000711228,-0.000755791,0.999998,0.0211901,5.52336,-0.044815,0.00244614,-0.000443846,0.00186213,0.326,0.24,0.348,0.224
9136,0,0,0,0.3,0,0.0103401,4.96944,-0.0222229,-0.00166144,0.000710885,-0.000754861,0.999998,0.021209,5.52744,-0.0448571,0.00268739,-0.000827081,0.00179799,0.22,0.348,0.238,0.332
9137,0,0,0,0.3,0,0.0103613,4.97497,-0.0222678,-0.00166026,0.000710619,-0.000754012,0.999998,0.0212279,5.53153,-0.0448991,0.00219789,-0.000193694,0.00165264,0.386,0.216,0.366,0.172
9138,0,0,0,0.3,0,0.0103826,4.98051,-0.0223127,-0.00165906,0.000710567,-0.000753219,0.999998,0.0212468,5.53561,-0.044941,0.00254791,-0.000189818,0.00146623,0.204,0.342,0.25,0.344
9139,0,0,0,0.3,0,0.0104038,4.98605,-0.0223577,-0.00165791,0.000710521,-0.000752643,0.999998,0.0212657,5.53969,-0.0449829,0.00199996,0.000207562,0.000895048,0.36,0.264,0.316,0.2
9140,0,0,0,0.3,0,0.0104251,4.99159,-0.0224027,-0.00165697,0.000710843,-0.000752332,0.999998,0.0212845,5.54377,-0.0450248,0.00193483,0.000777672,0.000394247,0.278,0.28,0.312,0.27
9141,0,0,0,0.3,0,0.0104464,4.99714,-0.0224478,-0.00165607,0.000711193,-0.000752355,0.999998,0.0213033,5.54784,-0.0450666,0.00149674,0.000766334,-0.000435933,0.268,0.328,0.256,0.288
9142,0,0,0,0.3,0,0.0104677,5.00269,-0.0224929,-0.00165559,0.000711829,-0.000752779,0.999998,0.0213221,5.55191,-0.0451083,0.000703197,0.0016277,-0.00110667,0.362,0.224,0.362,0.19
9143,0,0,0,0.3,0,0.0104891,5.00825,-0.0225381,-0.00165528,0.000712605,-0.000753475,0.999998,0.0213409,5.55598,-0.0451501,0.000447538,0.00138099,-0.00165286,0.204,0.354,0.236,0.346
9144,0,0,0,0.3,0,0.0105104,5.01381,-0.0225833,-0.00165537,0.000713375,-0.000754464,0.999998,0.0213597,5.56004,-0.0451918,-0.000672715,0.00179847,-0.0021734,0.392,0.226,0.354,0.166
9145,0,0,0,0.3,0,0.0105318,5.01937,-0.0226285,-0.0016558,0.000714311,-0.000755609,0.999998,0.0213786,5.56411,-0.0452335,-0.000929169,0.00170524,-0.0023945,0.232,0.314,0.278,0.314
9146,0,0,0,0.3,0,0.0105532,5.02494,-0.0226738,-0.00165648,0.000715036,-0.00075692,0.999998,0.0213975,5.56816,-0.0452752,-0.00186609,0.00144429,-0.00280269,0.322,0.294,0.288,0.234
9147,0,0,0,0.3,0,0.0105746,5.03051,-0.0227191,-0.00165765,0.000715888,-0.000758371,0.999998,0.0214164,5.57222,-0.0453169,-0.00250494,0.00176425,-0.00294032,0.318,0.254,0.336,0.23
9148,0,0,0,0.3,0,0.0105961,5.03609,-0.0227644,-0.00165896,0.000716597,-0.00075989,0.999998,0.0214354,5.57628,-0.0453586,-0.00285552,0.00116551,-0.00315208,0.232,0.348,0.24,0.32
9149,0,0,0,0.3,0,0.0106175,5.04167,-0.0228098,-0.00166065,0.000717242,-0.0007615,0.999998,0.0214543,5.58033,-0.0454004,-0.0036487,0.00143314,-0.00319126,0.388,0.216,0.37,0.168
9150,0,0,0,0.3,0,0.010639,5.04725,-0.0228553,-0.00166244,0.00071783,-0.000763021,0.999998,0.0214734,5.58438,-0.0454422,-0.00354289,0.00080222,-0.00293776,0.206,0.344,0.25,0.34
9151,0,0,0,0.3,0,0.0106605,5.05284,-0.0229008,-0.0016644,0.000718103,-0.000764437,0.999998,0.0214924,5.58842,-0.045484,-0.00428848,0.000550026,-0.0027053,0.374,0.25,0.332,0.184
9152,0,0,0,0.3,0,0.010682,5.05843,-0.0229463,-0.00166659,0.000718366,-0.00076564,0.999998,0.0215115,5.59247,-0.0455259,-0.0042876,0.00030682,-0.00215083,0.264,0.286,0.308,0.282
9153,0,0,0,0.3,0,0.0107035,5.06403,-0.0229919,-0.00166875,0.000718278,-0.000766608,0.999998,0.0215307,5.59651,-0.0455678,-0.00449675,-0.000405704,-0.00178173,0.28,0.32,0.266,0.274
9154,0,0,0,0.3,0,0.0107251,5.06963,-0.0230375,-0.0016711,0.00071813,-0.000767354,0.999998,0.0215498,5.60054,-0.0456098,-0.00463769,-0.000278606,-0.00119822,0.354,0.232,0.358,0.198
9155,0,0,0,0.3,0,0.0107466,5.07523,-0.0230831,-0.00167323,0.000717769,-0.000767782,0.999998,0.021569,5.60458,-0.0456518,-0.00408673,-0.00112348,-0.000629914,0.212,0.352,0.238,0.338
9156,0,0,0,0.3,0,0.0107682,5.08084,-0.0231288,-0.00167533,0.000717152,-0.000767969,0.999998,0.0215881,5.60861,-0.0456939,-0.00420787,-0.00116558,-0.000111389,0.396,0.218,0.364,0.162
9157,0,0,0,0.3,0,0.0107898,5.08646,-0.0231746,-0.00167721,0.000716497,-0.000767812,0.999998,0.0216073,5.61264,-0.045736,-0.00336868,-0.00158992,0.00063716,0.218,0.322,0.272,0.328
9158,0,0,0,0.3,0,0.0108115,5.09207,-0.0232203,-0.00167881,0.000715569,-0.000767344,0.999998,0.0216264,5.61666,-0.0457782,-0.00317841,-0.00182283,0.0011831,0.33,0.282,0.298,0.228
9159,0,0,0,0.3,0,0.0108331,5.09769,-0.0232662,-0.00168026,0.000714797,-0.000766545,0.999998,0.0216455,5.62069,-0.0458203,-0.00245076,-0.00146416,0.00195109,0.304,0.26,0.332,0.246
9160,0,0,0,0.3,0,0.0108548,5.10332,-0.023312,-0.00168118,0.000713938,-0.000765414,0.999998,0.0216646,5.62471,-0.0458625,-0.00156037,-0.00182842,0.00244454,0.242,0.338,0.248,0.312
9161,0,0,0,0.3,0,0.0108765,5.10895,-0.0233579,-0.00168188,0.000713187,-0.000764083,0.999998,0.0216836,5.62873,-0.0459047,-0.00113741,-0.00121416,0.00288247,0.378,0.216,0.368,0.178
9162,0,0,0,0.3,0,0.0108982,5.11458,-0.0234039,-0.00168211,0.00071254,-0.000762505,0.999998,0.0217026,5.63275,-0.0459469,1.14047e-05,-0.00147354,0.00331572,0.202,0.348,0.244,0.348
9163,0,0,0,0.3,0,0.0109199,5.12022,-0.0234499,-0.00168203,0.000711847,-0.000760806,0.999998,0.0217215,5.63676,-0.0459891,0.000234193,-0.00108619,0.00347827,0.378,0.244,0.336,0.18
9164,0,0,0,0.3,0,0.0109416,5.12586,-0.0234959,-0.00168169,0.000711463,-0.000758991,0.999998,0.0217403,5.64077,-0.0460313,0.00116367,-0.000721368,0.00371874,0.248,0.296,0.296,0.3
9165,0,0,0,0.3,0,0.0109634,5.1315,-0.023542,-0.00168093,0.000711054,-0.000757162,0.999998,0.0217591,5.64478,-0.0460734,0.00158739,-0.000707605,0.00357307,0.29,0.31,0.272,0.266
9166,0,0,0,0.3,0,0.0109852,5.13715,-0.0235881,-0.00168009,0.000710945,-0.000755395,0.999998,0.0217779,5.64879,-0.0461155,0.0019656,8.22009e-05,0.00354388,0.34,0.236,0.352,0.21
9167,0,0,0,0.3,0,0.0110069,5.1428,-0.0236342,-0.00167887,0.000710944,-0.000753656,0.999998,0.0217966,5.65279,-0.0461576,0.00266894,-9.97444e-05,0.00335677,0.212,0.352,0.238,0.338
9168,0,0,0,0.3,0,0.0110288,5.14846,-0.0236804,-0.00167759,0.00071103,-0.000752078,0.999998,0.0218152,5.65679,-0.0461996,0.00253216,0.00049295,0.00304336,0.392,0.222,0.362,0.166
9169,0,0,0,0.3,0,0.0110506,5.15412,-0.0237267,-0.00167615,0.000711284,-0.0007506,0.999998,0.0218338,5.66078,-0.0462415,0.00319274,0.000297366,0.00284577,0.21,0.336,0.256,0.338
9170,0,0,0,0.3,0,0.0110725,5.15979,-0.023773,-0.00167457,0.000711327,-0.000749313,0.999998,0.0218523,5.66478,-0.0462834,0.00298076,0.000121418,0.00236073,0.348,0.272,0.308,0.212
9171,0,0,0,0.3,0,0.0110943,5.16545,-0.0238193,-0.00167309,0.000711476,-0.000748212,0.999998,0.0218707,5.66877,-0.0463252,0.00315356,0.000257009,0.00209807,0.29,0.272,0.32,0.26
9172,0,0,0,0.3,0,0.0111162,5.17113,-0.0238657,-0.00167147,0.000711445,-0.000747274,0.999998,0.0218892,5.67275,-0.0463669,0.00307275,-0.00019612,0.00166757,0.252,0.336,0.25,0.304
9173,0,0,0,0.3,0,0.0111381,5.1768,-0.0239121,-0.00167014,0.000711509,-0.000746533,0.999998,0.0219076,5.67674,-0.0464086,0.00249144,0.000392728,0.00141211,0.37,0.22,0.366,0.184
9174,0,0,0,0.3,0,0.01116,5.18248,-0.0239585,-0.00166887,0.000711662,-0.000745846,0.999998,0.021926,5.68072,-0.0464502,0.00248587,0.00012903,0.00130687,0.2,0.35,0.24,0.348
9175,0,0,0,0.3,0,0.011182,5.18817,-0.024005,-0.00166791,0.000711788,-0.000745251,0.999998,0.0219443,5.6847,-0.0464918,0.00146452,0.000527206,0.0011352,0.384,0.234,0.348,0.174
9176,0,0,0,0.3,0,0.011204,5.19386,-0.0240515,-0.00166729,0.000712139,-0.000744667,0.999998,0.0219626,5.68868,-0.0465334,0.0011592,0.000616762,0.0011707,0.24,0.306,0.288,0.306
9177,0,0,0,0.3,0,0.0112259,5.19955,-0.0240981,-0.00166692,0.000712339,-0.000744156,0.999998,0.0219809,5.69265,-0.0465749,0.000241825,0.000419983,0.000875156,0.306,0.3,0.282,0.252
9178,0,0,0,0.3,0,0.0112479,5.20525,-0.0241447,-0.00166707,0.000712699,-0.000743776,0.999998,0.0219992,5.69662,-0.0466163,-0.000541783,0.000826854,0.000694287,0.33,0.244,0.346,0.22
9179,0,0,0,0.3,0,0.0112699,5.21095,-0.0241914,-0.00166743,0.000712939,-0.000743514,0.999998,0.0220175,5.70059,-0.0466578,-0.000990376,0.000220939,0.000331125,0.226,0.348,0.24,0.326
9180,0,0,0,0.3,0,0.011292,5.21665,-0.0242381,-0.00166824,0.000713121,-0.00074348,0.999998,0.0220357,5.70455,-0.0466993,-0.00203206,0.000582428,-8.9704e-05,0.39,0.216,0.368,0.166
9181,0,0,0,0.3,0,0.011314,5.22236,-0.0242848,-0.0016693,0.000713366,-0.000743601,0.999998,0.022054,5.70851,-0.0467407,-0.00213459,0.000250978,-0.000390701,0.208,0.338,0.254,0.338
9182,0,0,0,0.3,0,0.0113361,5.22807,-0.0243316,-0.00167058,0.000713439,-0.000743943,0.999998,0.0220722,5.71247,-0.0467822,-0.0029898,0.000281212,-0.000890634,0.362,0.26,0.32,0.196
9183,0,0,0,0.3,0,0.0113582,5.23379,-0.0243784,-0.00167218,0.00071368,-0.000744466,0.999998,0.0220904,5.71643,-0.0468238,-0.0031513,0.000444159,-0.00114592,0.28,0.276,0.316,0.268
9184,0,0,0,0.3,0,0.0113803,5.23951,-0.0244253,-0.00167378,0.000713751,-0.000745159,0.999998,0.0221087,5.72038,-0.0468653,-0.00342805,2.76345e-05,-0.00159354,0.268,0.326,0.258,0.288
9185,0,0,0,0.3,0,0.0114024,5.24523,-0.0244722,-0.00167566,0.000713903,-0.000746045,0.999998,0.022127,5.72433,-0.0469069,-0.00380185,0.000478302,-0.00183687,0.366,0.222,0.364,0.188
9186,0,0,0,0.3,0,0.0114246,5.25096,-0.0245192,-0.00167742,0.000714028,-0.000747002,0.999998,0.0221452,5.72827,-0.0469485,-0.00338185,-6.88886e-06,-0.00200507,0.208,0.354,0.236,0.342
9187,0,0,0,0.3,0,0.0114467,5.2567,-0.0245661,-0.0016792,0.000714057,-0.00074808,0.999998,0.0221636,5.73222,-0.0469902,-0.0036561,0.000265256,-0.00221407,0.392,0.23,0.352,0.166
9188,0,0,0,0.3,0,0.0114689,5.26243,-0.0246132,-0.00168086,0.000714221,-0.000749171,0.999998,0.0221819,5.73616,-0.0470318,-0.00293545,0.000159808,-0.00215763,0.23,0.314,0.278,0.318
9189,0,0,0,0.3,0,0.0114911,5.26817,-0.0246602,-0.00168223,0.000714208,-0.000750279,0.999998,0.0222002,5.7401,-0.0470736,-0.00277326,2.86899e-05,-0.00224628,0.32,0.288,0.292,0.238
9190,0,0,0,0.3,0,0.0115133,5.27392,-0.0247074,-0.00168355,0.000714388,-0.000751344,0.999998,0.0222186,5.74403,-0.0471153,-0.00230099,0.00049682,-0.00198167,0.318,0.25,0.34,0.234
9191,0,0,0,0.3,0,0.0115356,5.27966,-0.0247545,-0.00168445,0.000714556,-0.000752265,0.999998,0.022237,5.74796,-0.047157,-0.00160801,0.000260551,-0.00177687,0.234,0.346,0.24,0.32
9192,0,0,0,0.3,0,0.0115578,5.28542,-0.0248017,-0.00168524,0.000714891,-0.000753103,0.999998,0.0222554,5.75189,-0.0471988,-0.00141183,0.0010773,-0.00154573,0.386,0.216,0.366,0.17
9193,0,0,0,0.3,0,0.0115801,5.29117,-0.024849,-0.00168564,0.000715494,-0.000753779,0.999998,0.0222739,5.75582,-0.0472406,-0.000346251,0.0011354,-0.00124836,0.202,0.344,0.248,0.346
9194,0,0,0,0.3,0,0.0116024,5.29693,-0.0248962,-0.00168574,0.000716127,-0.000754378,0.999998,0.0222923,5.75974,-0.0472823,-0.000159001,0.00155376,-0.00113298,0.37,0.25,0.33,0.188
9195,0,0,0,0.3,0,0.0116247,5.30269,-0.0249436,-0.00168563,0.000717063,-0.00075484,0.999998,0.0223108,5.76366,-0.047324,0.000675945,0.00188974,-0.000761334,0.264,0.288,0.304,0.282
9196,0,0,0,0.3,0,0.011647,5.30846,-0.0249909,-0.00168511,0.000717894,-0.000755174,0.999998,0.0223292,5.76758,-0.0473657,0.00113016,0.00160652,-0.000636698,0.278,0.32,0.264,0.276
9197,0,0,0,0.3,0,0.0116694,5.31423,-0.0250383,-0.00168451,0.000718843,-0.000755429,0.999998,0.0223477,5.77149,-0.0474074,0.00144514,0.00206075,-0.00037196,0.352,0.228,0.36,0.2
9198,0,0,0,0.3,0,0.0116918,5.32001,-0.0250858,-0.00168352,0.000719745,-0.000755532,0.999998,0.0223662,5.7754,-0.047449,0.00225997,0.00151613,-0.000132982,0.21,0.354,0.238,0.34
9199,0,0,0,0.3,0,0.0117141,5.32579,-0.0251333,-0.0016824,0.00072052,-0.000755557,0.999998,0.0223846,5.77931,-0.0474906,0.00225118,0.00171828,5.51957e-05,0.392,0.226,0.356,0.166
9200,0,0,0,0.3,0,0.0117365,5.33157,-0.0251808,-0.00168106,0.000721338,-0.000755422,0.999998,0.022403,5.78321,-0.0475321,0.00310678,0.00135323,0.000392618,0.22,0.326,0.268,0.326
9201,0,0,0,0.3,0,0.011759,5.33736,-0.0252284,-0.00167943,0.000721851,-0.000755207,0.999998,0.0224215,5.78711,-0.0475736,0.00321988,0.000971795,0.000450064,0.334,0.28,0.302,0.224
9202,0,0,0,0.3,0,0.0117814,5.34315,-0.025276,-0.00167775,0.000722397,-0.000754901,0.999998,0.0224399,5.79101,-0.047615,0.0036531,0.00101868,0.000764256,0.304,0.258,0.334,0.244
9203,0,0,0,0.3,0,0.0118039,5.34894,-0.0253237,-0.00167576,0.000722679,-0.000754452,0.999998,0.0224583,5.7949,-0.0476563,0.0040565,0.000280723,0.000952786,0.242,0.342,0.246,0.31
9204,0,0,0,0.3,0,0.0118263,5.35474,-0.0253714,-0.0016738,0.000722874,-0.000753915,0.999998,0.0224766,5.79879,-0.0476976,0.00397047,0.000509214,0.00122202,0.378,0.22,0.366,0.176
9205,0,0,0,0.3,0,0.0118488,5.36055,-0.0254191,-0.0016716,0.000722982,-0.000753196,0.999998,0.022495,5.80268,-0.0477387,0.00468621,-0.000154658,0.00155602,0.198,0.35,0.242,0.35
9206,0,0,0,0.3,0,0.0118714,5.36635,-0.0254669,-0.00166929,0.000722818,-0.000752377,0.999998,0.0225133,5.80656,-0.0477798,0.00453694,-0.000249912,0.00173473,0.374,0.244,0.336,0.186
9207,0,0,0,0.3,0,0.0118939,5.37216,-0.0255147,-0.0016669,0.000722725,-0.000751392,0.999998,0.0225316,5.81045,-0.0478208,0.00509817,-0.000340631,0.00214494,0.248,0.296,0.296,0.3
9208,0,0,0,0.3,0,0.0119164,5.37798,-0.0255626,-0.00166429,0.000722409,-0.000750277,0.999998,0.0225498,5.81433,-0.0478617,0.00510235,-0.000673455,0.00225307,0.29,0.312,0.27,0.266
9209,0,0,0,0.3,0,0.011939,5.3838,-0.0256105,-0.00166183,0.000722244,-0.000749107,0.999998,0.022568,5.8182,-0.0479026,0.00494964,-0.00011883,0.0024287,0.338,0.236,0.352,0.214
9210,0,0,0,0.3,0,0.0119616,5.38962,-0.0256584,-0.00165928,0.000722116,-0.000747881,0.999998,0.0225861,5.82208,-0.0479433,0.00505508,-0.000389063,0.00239398,0.214,0.352,0.236,0.338
9211,0,0,0,0.3,0,0.0119842,5.39544,-0.0257064,-0.00165698,0.000722063,-0.000746742,0.999998,0.0226043,5.82595,-0.0479839,0.00430112,0.000223953,0.00222045,0.39,0.22,0.364,0.166
9212,0,0,0,0.3,0,0.0120068,5.40127,-0.0257544,-0.00165484,0.000722214,-0.000745642,0.999998,0.0226223,5.82982,-0.0480245,0.0042971,0.00016597,0.00213452,0.21,0.334,0.26,0.338
9213,0,0,0,0.3,0,0.0120295,5.40711,-0.0258025,-0.00165291,0.000722259,-0.00074468,0.999998,0.0226404,5.83368,-0.048065,0.00337298,0.000224355,0.00175433,0.344,0.272,0.308,0.216
9214,0,0,0,0.3,0,0.0120521,5.41294,-0.0258506,-0.00165142,0.000722484,-0.00074386,0.999998,0.0226584,5.83754,-0.0481054,0.002848,0.000436446,0.0015604,0.292,0.268,0.322,0.258
9215,0,0,0,0.3,0,0.0120748,5.41879,-0.0258987,-0.00165013,0.000722534,-0.000743188,0.999998,0.0226763,5.8414,-0.0481457,0.00214412,-6.64909e-05,0.00111859,0.258,0.334,0.252,0.296
9216,0,0,0,0.3,0,0.0120975,5.42463,-0.0259469,-0.00164943,0.000722642,-0.00074275,0.999998,0.0226943,5.84526,-0.048186,0.000991116,0.000459238,0.0007376,0.376,0.218,0.368,0.178
9217,0,0,0,0.3,0,0.0121202,5.43048,-0.0259951,-0.00164905,0.00072282,-0.000742462,0.999998,0.0227122,5.84911,-0.0482263,0.00049949,0.000161414,0.000409741,0.202,0.348,0.244,0.346
9218,0,0,0,0.3,0,0.0121429,5.43633,-0.0260434,-0.00164916,0.000722933,-0.000742375,0.999998,0.0227301,5.85296,-0.0482665,-0.00080126,0.000447023,4.15616e-05,0.384,0.234,0.348,0.174
9219,0,0,0,0.3,0,0.0121657,5.44219,-0.0260917,-0.0016497,0.000723218,-0.000742371,0.999998,0.022748,5.85681,-0.0483068,-0.00112745,0.00045858,-2.31525e-05,0.242,0.304,0.288,0.304
9220,0,0,0,0.3,0,0.0121884,5.44805,-0.0261401,-0.00165041,0.000723322,-0.000742468,0.999998,0.0227659,5.86066,-0.048347,-0.00181783,0.000190857,-0.000353458,0.308,0.298,0.284,0.248
9221,0,0,0,0.3,0,0.0122112,5.45392,-0.0261884,-0.0016515,0.000723551,-0.00074271,0.999998,0.0227838,5.8645,-0.0483873,-0.00223895,0.000553484,-0.000551552,0.332,0.24,0.35,0.218
9222,0,0,0,0.3,0,0.012234,5.45978,-0.0262369,-0.00165257,0.000723675,-0.000743067,0.999998,0.0228017,5.86834,-0.0484275,-0.0022171,9.34683e-06,-0.00089468,0.224,0.35,0.238,0.328
9223,0,0,0,0.3,0,0.0122568,5.46566,-0.0262853,-0.00165384,0.000723761,-0.000743629,0.999998,0.0228196,5.87218,-0.0484678,-0.00264399,0.00041093,-0.00124608,0.39,0.218,0.366,0.166
9224,0,0,0,0.3,0,0.0122797,5.47153,-0.0263338,-0.00165498,0.000723932,-0.000744305,0.999998,0.0228375,5.87601,-0.0485081,-0.00198635,0.000104059,-0.00146527,0.204,0.338,0.254,0.344
9225,0,0,0,0.3,0,0.0123025,5.47741,-0.0263824,-0.00165596,0.000723929,-0.000745155,0.999998,0.0228554,5.87984,-0.0485484,-0.00204343,0.000131364,-0.00185788,0.36,0.262,0.318,0.2
9226,0,0,0,0.3,0,0.0123254,5.4833,-0.026431,-0.00165688,0.000724124,-0.000746118,0.999998,0.0228734,5.88367,-0.0485887,-0.0014853,0.00041616,-0.0019615,0.28,0.28,0.31,0.268
9227,0,0,0,0.3,0,0.0123483,5.48918,-0.0264796,-0.00165747,0.000724233,-0.000747181,0.999998,0.0228913,5.8875,-0.0486291,-0.00116985,0.000193848,-0.00229783,0.266,0.33,0.254,0.29
9228,0,0,0,0.3,0,0.0123712,5.49507,-0.0265283,-0.00165809,0.000724538,-0.000748406,0.999998,0.0229093,5.89132,-0.0486694,-0.00113684,0.000910703,-0.00251132,0.364,0.226,0.362,0.19
9229,0,0,0,0.3,0,0.0123941,5.50097,-0.026577,-0.00165846,0.000724952,-0.000749685,0.999998,0.0229273,5.89514,-0.0487097,-0.000519562,0.000684944,-0.0026252,0.206,0.354,0.236,0.344
9230,0,0,0,0.3,0,0.0124171,5.50687,-0.0266257,-0.0016588,0.000725395,-0.000751035,0.999998,0.0229454,5.89896,-0.04875,-0.000818045,0.00119281,-0.00269902,0.388,0.23,0.35,0.17
9231,0,0,0,0.3,0,0.01244,5.51277,-0.0266745,-0.00165909,0.000726068,-0.000752317,0.999998,0.0229635,5.90278,-0.0487904,-0.000330763,0.00124288,-0.00247015,0.228,0.316,0.278,0.32
9232,0,0,0,0.3,0,0.012463,5.51868,-0.0267234,-0.00165927,0.000726618,-0.000753537,0.999998,0.0229816,5.90659,-0.0488307,-0.000541176,0.00116914,-0.00241917,0.32,0.29,0.292,0.238
9233,0,0,0,0.3,0,0.012486,5.52459,-0.0267722,-0.0016596,0.000727356,-0.000754664,0.999998,0.0229997,5.9104,-0.048871,-0.000581047,0.00156627,-0.00208932,0.314,0.25,0.34,0.236
9234,0,0,0,0.3,0,0.012509,5.5305,-0.0268211,-0.00165983,0.000727984,-0.000755639,0.999998,0.0230179,5.91421,-0.0489113,-0.000543298,0.00103192,-0.00190202,0.232,0.346,0.242,0.32
9235,0,0,0,0.3,0,0.0125321,5.53642,-0.0268701,-0.00166029,0.000728574,-0.000756553,0.999998,0.0230361,5.91801,-0.0489515,-0.0010907,0.00134241,-0.00172439,0.388,0.214,0.37,0.166
9236,0,0,0,0.3,0,0.0125551,5.54234,-0.0269191,-0.00166075,0.000729151,-0.000757343,0.999998,0.0230542,5.92181,-0.0489918,-0.000824252,0.000854738,-0.00152858,0.206,0.344,0.248,0.342
9237,0,0,0,0.3,0,0.0125782,5.54827,-0.0269681,-0.00166131,0.000729495,-0.000758134,0.999998,0.0230725,5.92561,-0.0490321,-0.00144292,0.000759292,-0.00161271,0.37,0.25,0.33,0.188
9238,0,0,0,0.3,0,0.0126013,5.5542,-0.0270172,-0.00166205,0.000729893,-0.000758914,0.999998,0.0230907,5.9294,-0.0490724,-0.0013147,0.000610843,-0.00151694,0.266,0.286,0.306,0.282
9239,0,0,0,0.3,0,0.0126244,5.56013,-0.0270663,-0.00166268,0.000729991,-0.000759705,0.999998,0.0231089,5.9332,-0.0491126,-0.001392,2.58887e-05,-0.00165627,0.28,0.32,0.264,0.276
9240,0,0,0,0.3,0,0.0126475,5.56607,-0.0271155,-0.00166346,0.000730115,-0.000760536,0.999998,0.0231272,5.93699,-0.0491529,-0.00146594,0.000381339,-0.0016071,0.352,0.23,0.358,0.2
9241,0,0,0,0.3,0,0.0126707,5.57201,-0.0271647,-0.001664,0.000730201,-0.00076131,0.999998,0.0231455,5.94077,-0.0491932,-0.000905375,-2.90066e-05,-0.00154093,0.21,0.354,0.236,0.34
9242,0,0,0,0.3,0,0.0126938,5.57795,-0.0272139,-0.00166452,0.000730282,-0.000762079,0.999998,0.0231637,5.94456,-0.0492335,-0.00106347,0.000452263,-0.0014704,0.392,0.222,0.36,0.166
9243,0,0,0,0.3,0,0.012717,5.5839,-0.0272632,-0.00166486,0.000730549,-0.000762723,0.999998,0.023182,5.94834,-0.0492738,-0.000324688,0.000367998,-0.00116533,0.216,0.324,0.27,0.33
9244,0,0,0,0.3,0,0.0127402,5.58985,-0.0273125,-0.00166498,0.000730649,-0.000763283,0.999998,0.0232003,5.95212,-0.0493141,-0.000328745,0.000269326,-0.00108027,0.332,0.284,0.296,0.226
9245,0,0,0,0.3,0,0.0127634,5.59581,-0.0273618,-0.0016651,0.000730923,-0.000763746,0.999998,0.0232187,5.95589,-0.0493543,1.99199e-05,0.000608998,-0.000781989,0.304,0.26,0.332,0.244
9246,0,0,0,0.3,0,0.0127867,5.60177,-0.0274112,-0.00166495,0.000731092,-0.000764109,0.999998,0.023237,5.95967,-0.0493946,0.000360407,0.000188444,-0.000738731,0.242,0.34,0.246,0.312
9247,0,0,0,0.3,0,0.0128099,5.60773,-0.0274607,-0.00166487,0.000731334,-0.000764477,0.999998,0.0232553,5.96343,-0.0494348,0.000126917,0.000753235,-0.000671831,0.38,0.218,0.366,0.176
9248,0,0,0,0.3,0,0.0128332,5.6137,-0.0275101,-0.00166467,0.000731675,-0.000764758,0.999998,0.0232736,5.9672,-0.049475,0.000568421,0.00048776,-0.000518986,0.2,0.348,0.242,0.348
9249,0,0,0,0.3,0,0.0128565,5.61967,-0.0275597,-0.00166451,0.00073195,-0.000765026,0.999998,0.023292,5.97096,-0.0495152,7.52722e-05,0.00079887,-0.000517326,0.376,0.242,0.338,0.184
9250,0,0,0,0.3,0,0.0128798,5.62565,-0.0276092,-0.00166445,0.000732463,-0.000765217,0.999998,0.0233103,5.97472,-0.0495553,0.000275422,0.000978152,-0.000276253,0.25,0.298,0.294,0.296
9251,0,0,0,0.3,0,0.0129031,5.63162,-0.0276588,-0.00166435,0.000732852,-0.000765355,0.999998,0.0233286,5.97848,-0.0495954,-2.58281e-05,0.00078878,-0.000307421,0.294,0.312,0.27,0.264
9252,0,0,0,0.3,0,0.0129265,5.63761,-0.0277084,-0.00166451,0.000733428,-0.000765501,0.999998,0.0233469,5.98224,-0.0496355,-0.000384109,0.00133903,-0.000246429,0.342,0.234,0.354,0.21
9253,0,0,0,0.3,0,0.0129499,5.64359,-0.0277581,-0.00166467,0.000733983,-0.000765628,0.999998,0.0233652,5.98599,-0.0496756,-0.000394343,0.000905385,-0.000314244,0.214,0.35,0.24,0.336
9254,0,0,0,0.3,0,0.0129732,5.64958,-0.0278078,-0.00166511,0.00073454,-0.000765828,0.999998,0.0233835,5.98974,-0.0497157,-0.00117728,0.00139292,-0.000407962,0.392,0.22,0.364,0.164
9255,0,0,0,0.3,0,0.0129966,5.65558,-0.0278576,-0.00166568,0.000735258,-0.000766002,0.999998,0.0234018,5.99348,-0.0497558,-0.0010644,0.00127577,-0.00033533,0.212,0.332,0.262,0.334
9256,0,0,0,0.3,0,0.0130201,5.66157,-0.0279074,-0.00166636,0.000735845,-0.000766231,0.999998,0.0234201,5.99722,-0.0497959,-0.00170219,0.00128878,-0.000555858,0.344,0.27,0.31,0.216
9257,0,0,0,0.3,0,0.0130435,5.66757,-0.0279572,-0.0016673,0.000736606,-0.000766526,0.999998,0.0234384,6.00096,-0.049836,-0.00181876,0.00153536,-0.000602747,0.29,0.27,0.322,0.258
9258,0,0,0,0.3,0,0.013067,5.67358,-0.0280071,-0.0016682,0.000737216,-0.000766895,0.999998,0.0234567,6.0047,-0.0498761,-0.00198844,0.00106329,-0.000897122,0.256,0.332,0.254,0.3
9259,0,0,0,0.3,0,0.0130904,5.67959,-0.028057,-0.00166938,0.000737876,-0.000767431,0.999998,0.023475,6.00843,-0.0499162,-0.00250659,0.00151861,-0.00116226,0.372,0.218,0.368,0.182
9260,0,0,0,0.3,0,0.0131139,5.6856,-0.028107,-0.00167057,0.00073856,-0.000768072,0.999998,0.0234933,6.01217,-0.0499563,-0.00234282,0.00115452,-0.00142276,0.204,0.352,0.238,0.346
9261,0,0,0,0.3,0,0.0131374,5.69162,-0.028157,-0.00167193,0.00073919,-0.000768903,0.999998,0.0235117,6.01589,-0.0499965,-0.00300556,0.00152029,-0.00181052,0.386,0.236,0.344,0.172
9262,0,0,0,0.3,0,0.013161,5.69763,-0.028207,-0.0016734,0.000740025,-0.000769859,0.999998,0.02353,6.01962,-0.0500366,-0.00277141,0.00156454,-0.00200685,0.24,0.306,0.288,0.306
9263,0,0,0,0.3,0,0.0131845,5.70366,-0.0282571,-0.00167481,0.000740696,-0.000770983,0.999998,0.0235484,6.02334,-0.0500768,-0.0030245,0.00134577,-0.00244355,0.306,0.302,0.28,0.25
9264,0,0,0,0.3,0,0.0132081,5.70969,-0.0283072,-0.00167641,0.000741522,-0.000772263,0.999998,0.0235668,6.02707,-0.0501171,-0.0031199,0.00176042,-0.00259488,0.332,0.244,0.346,0.218
9265,0,0,0,0.3,0,0.0132317,5.71572,-0.0283573,-0.00167786,0.000742243,-0.000773601,0.999998,0.0235852,6.03079,-0.0501573,-0.00289315,0.00118882,-0.00278497,0.224,0.348,0.24,0.326
9266,0,0,0,0.3,0,0.0132553,5.72175,-0.0284075,-0.00167945,0.000742895,-0.000775055,0.999998,0.0236037,6.0345,-0.0501976,-0.00329588,0.00148114,-0.00293945,0.392,0.218,0.366,0.164
9267,0,0,0,0.3,0,0.0132789,5.72779,-0.0284578,-0.00168096,0.00074356,-0.000776504,0.999998,0.0236222,6.03821,-0.0502379,-0.00280649,0.00102504,-0.00288831,0.208,0.34,0.252,0.338
9268,0,0,0,0.3,0,0.0133025,5.73383,-0.0285081,-0.00168242,0.000743956,-0.000777984,0.999998,0.0236407,6.04192,-0.0502783,-0.00309702,0.000810087,-0.00299099,0.364,0.262,0.318,0.196
9269,0,0,0,0.3,0,0.0133262,5.73988,-0.0285584,-0.00168392,0.000744406,-0.000779434,0.999998,0.0236593,6.04563,-0.0503186,-0.00273578,0.00076528,-0.00279911,0.28,0.276,0.316,0.268
9270,0,0,0,0.3,0,0.0133499,5.74593,-0.0286087,-0.00168518,0.000744581,-0.000780809,0.999998,0.0236779,6.04933,-0.050359,-0.00253847,0.000156448,-0.00272493,0.268,0.328,0.258,0.288
9271,0,0,0,0.3,0,0.0133736,5.75198,-0.0286591,-0.00168649,0.000744772,-0.000782092,0.999998,0.0236965,6.05304,-0.0503994,-0.00251162,0.000533884,-0.00235898,0.362,0.224,0.362,0.19
9272,0,0,0,0.3,0,0.0133973,5.75804,-0.0287096,-0.00168751,0.000744912,-0.00078312,0.999998,0.0237151,6.05674,-0.0504398,-0.00175126,1.1732e-06,-0.00185386,0.202,0.354,0.238,0.348
9273,0,0,0,0.3,0,0.013421,5.7641,-0.0287601,-0.00168839,0.000744947,-0.000783927,0.999998,0.0237338,6.06043,-0.0504803,-0.00173069,0.000293997,-0.00136985,0.388,0.23,0.352,0.17
9274,0,0,0,0.3,0,0.0134448,5.77016,-0.0288106,-0.00168902,0.000745136,-0.000784406,0.999998,0.0237525,6.06412,-0.0505207,-0.000824043,0.000227277,-0.000656158,0.228,0.316,0.278,0.318
9275,0,0,0,0.3,0,0.0134685,5.77623,-0.0288611,-0.00168932,0.000745123,-0.000784615,0.999998,0.0237712,6.06781,-0.0505612,-0.000604738,-3.50825e-05,-0.000253873,0.318,0.292,0.29,0.24
9276,0,0,0,0.3,0,0.0134923,5.7823,-0.0289117,-0.00168956,0.000745217,-0.000784594,0.999998,0.0237899,6.0715,-0.0506016,-0.000201118,0.000218816,0.000295656,0.318,0.252,0.338,0.23
9277,0,0,0,0.3,0,0.0135161,5.78837,-0.0289624,-0.00168947,0.000745139,-0.000784334,0.999998,0.0238085,6.07519,-0.050642,0.000305755,-0.000404888,0.000631592,0.232,0.35,0.238,0.32
9278,0,0,0,0.3,0,0.01354,5.79445,-0.0290131,-0.00168938,0.00074501,-0.00078395,0.999998,0.0238272,6.07887,-0.0506824,0.000177542,-6.80185e-05,0.000923967,0.388,0.216,0.368,0.168
9279,0,0,0,0.3,0,0.0135638,5.80054,-0.0290638,-0.00168911,0.000744907,-0.000783368,0.999998,0.0238458,6.08254,-0.0507227,0.000821227,-0.000459021,0.0013169,0.202,0.342,0.25,0.346
9280,0,0,0,0.3,0,0.0135877,5.80662,-0.0291146,-0.00168876,0.000744637,-0.00078264,0.999998,0.0238644,6.08622,-0.0507631,0.000520634,-0.000376798,0.00160762,0.366,0.248,0.332,0.192
9281,0,0,0,0.3,0,0.0136116,5.81271,-0.0291654,-0.00168845,0.000744556,-0.00078167,0.999998,0.023883,6.08989,-0.0508034,0.000843022,-0.000184429,0.00220983,0.266,0.284,0.308,0.282
9282,0,0,0,0.3,0,0.0136355,5.81881,-0.0292162,-0.00168798,0.000744336,-0.000780462,0.999998,0.0239015,6.09356,-0.0508437,0.000833987,-0.000487499,0.00253084,0.28,0.318,0.266,0.276
9283,0,0,0,0.3,0,0.0136594,5.8249,-0.0292671,-0.00168764,0.000744259,-0.000779115,0.999998,0.02392,6.09723,-0.0508839,0.000736426,5.40011e-05,0.00284531,0.356,0.228,0.358,0.196
9284,0,0,0,0.3,0,0.0136833,5.831,-0.029318,-0.0016871,0.000744192,-0.00077764,0.999998,0.0239384,6.10089,-0.0509242,0.00125757,-0.00034186,0.00296367,0.208,0.352,0.236,0.342
9285,0,0,0,0.3,0,0.0137073,5.83711,-0.029369,-0.00168653,0.000744097,-0.000776179,0.999998,0.0239568,6.10455,-0.0509644,0.0011003,0.000100355,0.00293023,0.39,0.224,0.358,0.168
9286,0,0,0,0.3,0,0.0137312,5.84322,-0.02942,-0.00168578,0.00074422,-0.000774669,0.999998,0.0239752,6.10821,-0.0510045,0.00193143,0.000168351,0.00307038,0.218,0.324,0.268,0.33
9287,0,0,0,0.3,0,0.0137552,5.84933,-0.029471,-0.00168473,0.000744293,-0.000773161,0.999998,0.0239934,6.11187,-0.0510446,0.00208446,0.000342117,0.00296441,0.33,0.282,0.298,0.228
9288,0,0,0,0.3,0,0.0137793,5.85544,-0.0295221,-0.00168361,0.000744671,-0.000771662,0.999998,0.0240117,6.11553,-0.0510847,0.00254756,0.000918595,0.00304232,0.3,0.258,0.332,0.248
9289,0,0,0,0.3,0,0.0138033,5.86156,-0.0295732,-0.00168217,0.000745047,-0.000770171,0.999998,0.0240299,6.11918,-0.0511247,0.00295919,0.000688844,0.00286874,0.238,0.34,0.246,0.314
9290,0,0,0,0.3,0,0.0138273,5.86769,-0.0296244,-0.00168077,0.000745583,-0.000768807,0.999998,0.024048,6.12283,-0.0511647,0.00279519,0.0014222,0.00265358,0.38,0.218,0.366,0.176
9291,0,0,0,0.3,0,0.0138514,5.87381,-0.0296756,-0.00167922,0.00074628,-0.000767536,0.999998,0.0240661,6.12647,-0.0512046,0.00327954,0.00122289,0.00238484,0.202,0.35,0.242,0.346
9292,0,0,0,0.3,0,0.0138755,5.87994,-0.0297268,-0.00167771,0.000746909,-0.000766502,0.999998,0.0240841,6.13011,-0.0512444,0.00276378,0.00147262,0.00182993,0.38,0.246,0.336,0.18
9293,0,0,0,0.3,0,0.0138996,5.88608,-0.0297781,-0.00167633,0.00074773,-0.000765692,0.999998,0.0241021,6.13376,-0.0512842,0.00289506,0.00156339,0.00144159,0.248,0.296,0.296,0.298
9294,0,0,0,0.3,0,0.0139237,5.89221,-0.0298295,-0.00167493,0.000748383,-0.000765138,0.999998,0.0241201,6.1374,-0.0513239,0.00251709,0.00125589,0.000826314,0.288,0.312,0.27,0.268
9295,0,0,0,0.3,0,0.0139478,5.89835,-0.0298808,-0.00167384,0.000749157,-0.000764835,0.999998,0.0241381,6.14103,-0.0513635,0.00210642,0.00169626,0.000492042,0.344,0.234,0.352,0.208
9296,0,0,0,0.3,0,0.013972,5.9045,-0.0299322,-0.00167276,0.0007499,-0.000764674,0.999998,0.024156,6.14466,-0.0514032,0.00206149,0.0013053,0.000124283,0.22,0.35,0.238,0.332
9297,0,0,0,0.3,0,0.0139962,5.91065,-0.0299837,-0.00167198,0.00075067,-0.000764748,0.999998,0.0241739,6.14829,-0.0514427,0.00120815,0.00186139,-0.000313163,0.394,0.22,0.362,0.162
9298,0,0,0,0.3,0,0.0140204,5.9168,-0.0300351,-0.00167139,0.000751657,-0.000764967,0.999998,0.0241919,6.15192,-0.0514823,0.0012137,0.00186139,-0.00056696,0.212,0.332,0.26,0.334
9299,0,0,0,0.3,0,0.0140446,5.92295,-0.0300867,-0.00167095,0.000752576,-0.000765368,0.999998,0.0242098,6.15554,-0.0515218,0.000523598,0.00201419,-0.000964952,0.346,0.272,0.31,0.212
9300,0,0,0,0.3,0,0.0140688,5.92911,-0.0301382,-0.00167077,0.000753737,-0.000765868,0.999998,0.0242277,6.15916,-0.0515612,0.000419312,0.00236356,-0.000994238,0.29,0.266,0.326,0.256
9301,0,0,0,0.3,0,0.014093,5.93528,-0.0301898,-0.00167055,0.000754773,-0.00076639,0.999998,0.0242457,6.16278,-0.0516007,0.000299817,0.00191999,-0.00112164,0.252,0.332,0.254,0.3
9302,0,0,0,0.3,0,0.0141173,5.94144,-0.0302415,-0.00167057,0.000755844,-0.000766964,0.999998,0.0242636,6.16639,-0.0516401,-0.000133813,0.00230535,-0.00111411,0.372,0.22,0.366,0.182
9303,0,0,0,0.3,0,0.0141416,5.94761,-0.0302931,-0.00167052,0.000756858,-0.000767496,0.999998,0.0242816,6.17001,-0.0516795,0.000208634,0.0016864,-0.00108656,0.204,0.356,0.236,0.344
9304,0,0,0,0.3,0,0.0141659,5.95379,-0.0303449,-0.00167054,0.000757643,-0.000768096,0.999998,0.0242995,6.17361,-0.0517189,-0.000224203,0.00167016,-0.00126904,0.386,0.24,0.342,0.172
9305,0,0,0,0.3,0,0.0141902,5.95996,-0.0303966,-0.00167056,0.000758486,-0.000768732,0.999998,0.0243175,6.17722,-0.0517582,0.000218301,0.00148628,-0.00129166,0.238,0.302,0.292,0.308
9306,0,0,0,0.3,0,0.0142145,5.96614,-0.0304484,-0.00167043,0.000759055,-0.000769435,0.999998,0.0243355,6.18083,-0.0517976,0.000117458,0.00104451,-0.00149086,0.304,0.3,0.282,0.254
9307,0,0,0,0.3,0,0.0142389,5.97233,-0.0305003,-0.00167043,0.000759666,-0.000770151,0.999998,0.0243535,6.18443,-0.0518369,9.42595e-05,0.00123918,-0.00132917,0.33,0.242,0.348,0.22
9308,0,0,0,0.3,0,0.0142633,5.97852,-0.0305521,-0.00167026,0.000760083,-0.000770774,0.999998,0.0243715,6.18802,-0.0518763,0.000354952,0.000537778,-0.00124526,0.222,0.35,0.238,0.33
9309,0,0,0,0.3,0,0.0142877,5.98471,-0.0306041,-0.00167022,0.000760426,-0.000771412,0.999998,0.0243895,6.19162,-0.0519156,-1.40447e-05,0.000894952,-0.00125828,0.392,0.218,0.366,0.164
9310,0,0,0,0.3,0,0.0143121,5.9909,-0.030656,-0.00167008,0.00076084,-0.000772012,0.999998,0.0244076,6.19522,-0.0519548,0.000504762,0.000602728,-0.00119923,0.208,0.34,0.254,0.338
9311,0,0,0,0.3,0,0.0143365,5.9971,-0.030708,-0.00166989,0.000761097,-0.000772662,0.999998,0.0244256,6.19881,-0.0519941,0.000181337,0.000662393,-0.00136499,0.356,0.264,0.318,0.202
9312,0,0,0,0.3,0,0.0143609,6.0033,-0.03076,-0.00166978,0.000761552,-0.000773324,0.999998,0.0244437,6.20239,-0.0520333,0.00042787,0.00090186,-0.00127463,0.276,0.276,0.316,0.27
9313,0,0,0,0.3,0,0.0143854,6.00951,-0.0308121,-0.0016695,0.000761843,-0.000773976,0.999998,0.0244617,6.20598,-0.0520725,0.000489809,0.00043296,-0.0013561,0.262,0.328,0.256,0.292
9314,0,0,0,0.3,0,0.0144099,6.01572,-0.0308642,-0.00166936,0.00076216,-0.000774645,0.999998,0.0244798,6.20956,-0.0521117,0.000291866,0.000751134,-0.00126607,0.36,0.226,0.362,0.192
9315,0,0,0,0.3,0,0.0144344,6.02193,-0.0309164,-0.00166907,0.00076238,-0.000775238,0.999998,0.0244979,6.21314,-0.0521509,0.000692753,0.00010613,-0.00117908,0.206,0.354,0.238,0.342
9316,0,0,0,0.3,0,0.0144589,6.02815,-0.0309686,-0.00166886,0.000762421,-0.000775855,0.999998,0.024516,6.21672,-0.05219,0.000206635,0.000216274,-0.0012388,0.392,0.228,0.354,0.166
9317,0,0,0,0.3,0,0.0144834,6.03437,-0.0310208,-0.00166871,0.000762518,-0.000776444,0.999998,0.0245341,6.22029,-0.0522291,0.00047092,-2.6763e-05,-0.00115562,0.228,0.316,0.278,0.318
9318,0,0,0,0.3,0,0.014508,6.04059,-0.0310731,-0.00166854,0.000762375,-0.00077707,0.999998,0.0245522,6.22386,-0.0522682,5.07275e-05,-0.000293668,-0.00132971,0.318,0.294,0.288,0.24
9319,0,0,0,0.3,0,0.0145325,6.04682,-0.0311254,-0.00166861,0.000762344,-0.000777728,0.999998,0.0245703,6.22743,-0.0523073,-7.82923e-05,-2.43357e-05,-0.00126628,0.318,0.25,0.342,0.23
9320,0,0,0,0.3,0,0.0145571,6.05305,-0.0311777,-0.00166858,0.00076217,-0.000778369,0.999998,0.0245884,6.23099,-0.0523464,-7.24101e-06,-0.000563826,-0.00133704,0.23,0.344,0.244,0.322
9321,0,0,0,0.3,0,0.0145817,6.05929,-0.0312301,-0.00166877,0.000761976,-0.00077906,0.999998,0.0246066,6.23455,-0.0523854,-0.000537019,-0.000207705,-0.00135183,0.386,0.218,0.368,0.17
9322,0,0,0,0.3,0,0.0146064,6.06553,-0.0312825,-0.00166895,0.000761773,-0.000779692,0.999998,0.0246247,6.23811,-0.0524244,-0.0002369,-0.000724244,-0.00123364,0.204,0.344,0.248,0.342
9323,0,0,0,0.3,0,0.014631,6.07177,-0.031335,-0.0016692,0.000761336,-0.000780347,0.999998,0.0246429,6.24166,-0.0524634,-0.000769406,-0.000779889,-0.00135001,0.372,0.252,0.328,0.188
9324,0,0,0,0.3,0,0.0146557,6.07801,-0.0313875,-0.00166959,0.000761001,-0.000781007,0.999998,0.0246611,6.24522,-0.0525024,-0.000623195,-0.000798865,-0.00129317,0.268,0.286,0.306,0.28
9325,0,0,0,0.3,0,0.0146804,6.08426,-0.03144,-0.00166988,0.000760423,-0.000781702,0.999998,0.0246793,6.24877,-0.0525414,-0.000758555,-0.00127162,-0.00148935,0.28,0.32,0.264,0.276
9326,0,0,0,0.3,0,0.014705,6.09051,-0.0314926,-0.00167037,0.000759948,-0.000782467,0.999998,0.0246975,6.25231,-0.0525804,-0.000937438,-0.000737276,-0.00149358,0.354,0.23,0.358,0.198
9327,0,0,0,0.3,0,0.0147298,6.09677,-0.0315452,-0.00167068,0.000759505,-0.000783189,0.999998,0.0247157,6.25586,-0.0526194,-0.000497286,-0.00106083,-0.00143368,0.208,0.352,0.238,0.34
9328,0,0,0,0.3,0,0.0147545,6.10303,-0.0315979,-0.00167102,0.000759058,-0.000783897,0.999998,0.0247339,6.2594,-0.0526584,-0.000776292,-0.000635677,-0.00133579,0.392,0.224,0.358,0.166
9329,0,0,0,0.3,0,0.0147793,6.10929,-0.0316506,-0.00167126,0.000758766,-0.000784457,0.999998,0.0247521,6.26293,-0.0526974,-0.000153921,-0.000753429,-0.000958873,0.22,0.328,0.266,0.326
9330,0,0,0,0.3,0,0.014804,6.11556,-0.0317033,-0.00167132,0.000758303,-0.000784886,0.999998,0.0247704,6.26647,-0.0527363,-0.000245858,-0.000860316,-0.000775741,0.332,0.288,0.294,0.226
9331,0,0,0,0.3,0,0.0148288,6.12183,-0.0317561,-0.00167142,0.000758015,-0.000785164,0.999998,0.0247886,6.27,-0.0527753,1.08775e-05,-0.000498458,-0.000349747,0.306,0.258,0.332,0.244
9332,0,0,0,0.3,0,0.0148536,6.1281,-0.0318089,-0.0016713,0.000757653,-0.000785241,0.999998,0.0248069,6.27353,-0.0528142,0.000251138,-0.000820883,-3.24769e-05,0.242,0.336,0.25,0.312
9333,0,0,0,0.3,0,0.0148784,6.13438,-0.0318618,-0.00167131,0.000757423,-0.000785136,0.999998,0.0248251,6.27706,-0.0528531,-0.000111988,-0.000125978,0.000478111,0.382,0.216,0.368,0.172
9334,0,0,0,0.3,0,0.0149033,6.14066,-0.0319146,-0.00167126,0.000757366,-0.000784695,0.999998,0.0248433,6.28059,-0.052892,0.000204498,-0.000245005,0.00115828,0.204,0.348,0.244,0.344
9335,0,0,0,0.3,0,0.0149281,6.14694,-0.0319676,-0.0016713,0.000757293,-0.000783985,0.999998,0.0248615,6.28412,-0.0529309,-0.000332984,0.000118731,0.00164218,0.376,0.242,0.34,0.182
9336,0,0,0,0.3,0,0.014953,6.15323,-0.0320206,-0.00167143,0.00075746,-0.000782982,0.999998,0.0248797,6.28764,-0.0529697,-5.76817e-05,0.000285227,0.00228012,0.25,0.294,0.3,0.296
9337,0,0,0,0.3,0,0.0149779,6.15952,-0.0320736,-0.00167143,0.000757481,-0.000781733,0.999998,0.0248978,6.29116,-0.0530086,-0.000127253,9.94799e-06,0.00264006,0.29,0.31,0.272,0.266
9338,0,0,0,0.3,0,0.0150028,6.16582,-0.0321266,-0.00167155,0.000757625,-0.000780288,0.999998,0.0249159,6.29467,-0.0530474,-0.00011109,0.000417656,0.00311995,0.342,0.236,0.352,0.21
9339,0,0,0,0.3,0,0.0150278,6.17211,-0.0321797,-0.00167144,0.000757667,-0.000778626,0.999998,0.0249339,6.29819,-0.0530863,0.000377574,-0.000201918,0.00341365,0.212,0.352,0.236,0.338
9340,0,0,0,0.3,0,0.0150527,6.17842,-0.0322328,-0.00167133,0.000757614,-0.000776891,0.999998,0.0249519,6.3017,-0.0531251,0.000164373,0.000109123,0.00355245,0.39,0.22,0.364,0.166
9341,0,0,0,0.3,0,0.0150777,6.18472,-0.032286,-0.00167108,0.000757649,-0.000775037,0.999998,0.0249698,6.30521,-0.0531638,0.000813792,-0.000142662,0.00379448,0.21,0.33,0.262,0.336
9342,0,0,0,0.3,0,0.0151027,6.19103,-0.0323392,-0.00167069,0.000757493,-0.00077315,0.999998,0.0249877,6.30872,-0.0532026,0.000614814,-0.00023363,0.00375118,0.342,0.27,0.312,0.216
9343,0,0,0,0.3,0,0.0151277,6.19734,-0.0323924,-0.00167037,0.000757483,-0.000771249,0.999998,0.0250055,6.31222,-0.0532413,0.000814366,-1.79616e-05,0.0038485,0.292,0.266,0.326,0.256
9344,0,0,0,0.3,0,0.0151527,6.20366,-0.0324457,-0.00166989,0.000757308,-0.000769368,0.999998,0.0250232,6.31572,-0.05328,0.000886286,-0.000521324,0.00363201,0.252,0.332,0.254,0.302
9345,0,0,0,0.3,0,0.0151778,6.20998,-0.032499,-0.00166959,0.000757135,-0.000767641,0.999998,0.0250409,6.31922,-0.0533187,0.000551568,-0.000197131,0.00335059,0.372,0.22,0.366,0.182
9346,0,0,0,0.3,0,0.0152028,6.2163,-0.0325524,-0.00166919,0.000756891,-0.000766054,0.999998,0.0250585,6.32272,-0.0533573,0.000921159,-0.000821218,0.00297459,0.202,0.35,0.242,0.346
9347,0,0,0,0.3,0,0.0152279,6.22263,-0.0326058,-0.00166886,0.000756449,-0.000764749,0.999998,0.025076,6.32622,-0.053396,0.000460321,-0.000721389,0.00234607,0.382,0.236,0.346,0.176
9348,0,0,0,0.3,0,0.015253,6.22896,-0.0326592,-0.00166856,0.00075613,-0.000763713,0.999998,0.0250936,6.32971,-0.0534346,0.00083168,-0.00077253,0.00184095,0.24,0.306,0.288,0.308
9349,0,0,0,0.3,0,0.0152781,6.23529,-0.0327127,-0.00166813,0.000755613,-0.000763015,0.999998,0.025111,6.3332,-0.0534731,0.000698457,-0.00105239,0.00102669,0.302,0.304,0.278,0.256
9350,0,0,0,0.3,0,0.0153032,6.24163,-0.0327662,-0.00166784,0.000755218,-0.000762694,0.999998,0.0251285,6.33669,-0.0535116,0.000702051,-0.000689165,0.000384482,0.328,0.242,0.346,0.222
9351,0,0,0,0.3,0,0.0153284,6.24797,-0.0328197,-0.00166736,0.000754739,-0.000762703,0.999998,0.025146,6.34017,-0.0535502,0.000988961,-0.00112747,-0.000380196,0.222,0.35,0.238,0.33
9352,0,0,0,0.3,0,0.0153535,6.25431,-0.0328733,-0.00166701,0.000754315,-0.000763126,0.999998,0.0251634,6.34366,-0.0535886,0.000545109,-0.000542593,-0.00114986,0.392,0.218,0.364,0.164
9353,0,0,0,0.3,0,0.0153787,6.26066,-0.032927,-0.00166665,0.00075406,-0.000763869,0.999998,0.0251809,6.34713,-0.0536271,0.000843801,-0.000678569,-0.00178408,0.212,0.342,0.252,0.336
9354,0,0,0,0.3,0,0.0154039,6.26701,-0.0329806,-0.00166637,0.000753702,-0.000765004,0.999998,0.0251983,6.35061,-0.0536655,0.000224629,-0.000524009,-0.00262883,0.36,0.268,0.312,0.2
9355,0,0,0,0.3,0,0.0154291,6.27336,-0.0330343,-0.00166633,0.000753598,-0.000766481,0.999998,0.0252158,6.35409,-0.0537039,0.000136466,-0.0001642,-0.00317507,0.278,0.28,0.312,0.27
9356,0,0,0,0.3,0,0.0154544,6.27972,-0.0330881,-0.00166628,0.000753404,-0.000768233,0.999998,0.0252334,6.35756,-0.0537423,-0.000138472,-0.000453154,-0.00375965,0.268,0.328,0.256,0.288
9357,0,0,0,0.3,0,0.0154796,6.28608,-0.0331419,-0.00166655,0.000753366,-0.000770192,0.999998,0.025251,6.36103,-0.0537807,-0.000686334,0.000185878,-0.00394343,0.366,0.224,0.364,0.188
9358,0,0,0,0.3,0,0.0155049,6.29244,-0.0331957,-0.00166686,0.000753416,-0.000772139,0.999998,0.0252686,6.36449,-0.0538191,-0.000680859,-6.06374e-05,-0.00387724,0.206,0.352,0.24,0.342
9359,0,0,0,0.3,0,0.0155302,6.29881,-0.0332495,-0.00166744,0.000753474,-0.000774057,0.999998,0.0252863,6.36796,-0.0538574,-0.00151465,0.000402438,-0.00373717,0.39,0.228,0.354,0.168
9360,0,0,0,0.3,0,0.0155555,6.30518,-0.0333034,-0.00166821,0.000753732,-0.000775798,0.999998,0.025304,6.37142,-0.0538958,-0.00143899,0.000362069,-0.00328888,0.23,0.316,0.276,0.316
9361,0,0,0,0.3,0,0.0155808,6.31156,-0.0333574,-0.00166901,0.000753798,-0.000777372,0.999998,0.0253218,6.37488,-0.0539341,-0.00190131,0.000135079,-0.00304303,0.32,0.296,0.286,0.238
9362,0,0,0,0.3,0,0.0156061,6.31794,-0.0334113,-0.00167006,0.000753982,-0.000778768,0.999998,0.0253396,6.37833,-0.0539725,-0.0020336,0.000406636,-0.00255173,0.322,0.25,0.34,0.228
9363,0,0,0,0.3,0,0.0156315,6.32432,-0.0334653,-0.001671,0.000754029,-0.000779922,0.999998,0.0253574,6.38178,-0.0540109,-0.00195497,-0.000119564,-0.00215606,0.234,0.342,0.246,0.318
9364,0,0,0,0.3,0,0.0156569,6.3307,-0.0335194,-0.00167215,0.000754071,-0.000780877,0.999998,0.0253753,6.38523,-0.0540493,-0.00244887,0.000298741,-0.00163849,0.386,0.218,0.366,0.17
9365,0,0,0,0.3,0,0.0156823,6.33709,-0.0335735,-0.00167327,0.000754167,-0.00078148,0.999998,0.0253932,6.38868,-0.0540877,-0.00206741,-4.34824e-05,-0.000890204,0.204,0.344,0.248,0.344
9366,0,0,0,0.3,0,0.0157077,6.34349,-0.0336276,-0.00167438,0.000754119,-0.000781757,0.999998,0.0254111,6.39213,-0.0541262,-0.00240235,7.24439e-05,-0.000259557,0.368,0.25,0.33,0.19
9367,0,0,0,0.3,0,0.0157331,6.34988,-0.0336818,-0.00167552,0.000754259,-0.00078164,0.999998,0.0254289,6.39557,-0.0541646,-0.00199649,0.000235859,0.000628601,0.264,0.284,0.31,0.282
9368,0,0,0,0.3,0,0.0157585,6.35628,-0.033736,-0.00167643,0.000754249,-0.000781133,0.999998,0.0254468,6.39901,-0.0542031,-0.00188746,-7.28035e-05,0.00128407,0.278,0.316,0.268,0.278
9369,0,0,0,0.3,0,0.015784,6.36268,-0.0337902,-0.00167743,0.000754366,-0.000780287,0.999998,0.0254646,6.40245,-0.0542415,-0.0018604,0.000414897,0.00205776,0.352,0.228,0.358,0.2
9370,0,0,0,0.3,0,0.0158095,6.36909,-0.0338445,-0.00167815,0.000754453,-0.00077906,0.999998,0.0254824,6.40588,-0.05428,-0.0012388,-5.81566e-05,0.00269344,0.206,0.354,0.236,0.344
9371,0,0,0,0.3,0,0.015835,6.3755,-0.0338988,-0.00167881,0.000754471,-0.000777608,0.999998,0.0255002,6.40931,-0.0543185,-0.00129935,0.000266962,0.00309635,0.388,0.224,0.36,0.17
9372,0,0,0,0.3,0,0.0158605,6.38191,-0.0339532,-0.00167923,0.000754624,-0.000775924,0.999998,0.0255178,6.41273,-0.054357,-0.000429639,0.000146216,0.0035378,0.218,0.322,0.272,0.328
9373,0,0,0,0.3,0,0.015886,6.38833,-0.0340076,-0.00167937,0.000754594,-0.00077413,0.999998,0.0255355,6.41616,-0.0543954,-0.000309305,-1.84236e-05,0.00360681,0.33,0.28,0.302,0.23
9374,0,0,0,0.3,0,0.0159116,6.39475,-0.034062,-0.00167947,0.000754686,-0.000772291,0.999998,0.025553,6.41957,-0.0544339,7.04413e-05,0.000193739,0.00373819,0.304,0.256,0.334,0.246
9375,0,0,0,0.3,0,0.0159372,6.40117,-0.0341165,-0.00167929,0.0007546,-0.000770466,0.999998,0.0255705,6.42299,-0.0544723,0.000408031,-0.000378132,0.00350752,0.242,0.338,0.248,0.31
9376,0,0,0,0.3,0,0.0159628,6.4076,-0.034171,-0.00167918,0.000754507,-0.000768825,0.999998,0.025588,6.4264,-0.0545107,0.000215387,1.13205e-05,0.00313481,0.378,0.218,0.366,0.176
9377,0,0,0,0.3,0,0.0159884,6.41402,-0.0342255,-0.00167891,0.000754429,-0.000767373,0.999998,0.0256054,6.42981,-0.0545491,0.00076931,-0.000426111,0.00265997,0.202,0.35,0.242,0.344
9378,0,0,0,0.3,0,0.016014,6.42046,-0.0342801,-0.00167858,0.000754178,-0.000766261,0.999998,0.0256227,6.43322,-0.0545874,0.000503312,-0.000342132,0.00190305,0.378,0.242,0.338,0.18
9379,0,0,0,0.3,0,0.0160396,6.42689,-0.0343347,-0.00167823,0.000754073,-0.000765474,0.999998,0.0256401,6.43663,-0.0546258,0.000996336,-0.000322493,0.00131124,0.254,0.298,0.296,0.294
9380,0,0,0,0.3,0,0.0160653,6.43333,-0.0343894,-0.00167767,0.000753766,-0.000765045,0.999998,0.0256574,6.44003,-0.0546641,0.00103905,-0.000661166,0.000485311,0.294,0.312,0.27,0.264
9381,0,0,0,0.3,0,0.016091,6.43978,-0.0344441,-0.00167719,0.000753572,-0.000764987,0.999998,0.0256746,6.44343,-0.0547024,0.0010949,-0.000263116,-0.000115351,0.342,0.238,0.352,0.208
9382,0,0,0,0.3,0,0.0161166,6.44623,-0.0344988,-0.00167647,0.000753319,-0.000765202,0.999998,0.0256919,6.44683,-0.0547406,0.00158216,-0.000723391,-0.000712233,0.216,0.352,0.236,0.336
9383,0,0,0,0.3,0,0.0161424,6.45268,-0.0345536,-0.00167576,0.000753053,-0.000765724,0.999998,0.0257092,6.45022,-0.0547788,0.00135299,-0.000279389,-0.00122944,0.392,0.22,0.362,0.166
9384,0,0,0,0.3,0,0.0161681,6.45913,-0.0346084,-0.00167492,0.000752906,-0.000766399,0.999998,0.0257265,6.45362,-0.0548169,0.00197385,-0.000504786,-0.00145507,0.216,0.33,0.262,0.332
9385,0,0,0,0.3,0,0.0161938,6.46559,-0.0346633,-0.00167395,0.000752599,-0.000767227,0.999998,0.0257437,6.45701,-0.0548551,0.00177371,-0.000476558,-0.00179443,0.346,0.27,0.31,0.212
9386,0,0,0,0.3,0,0.0162196,6.47205,-0.0347182,-0.00167305,0.000752539,-0.000768142,0.999998,0.0257611,6.46039,-0.0548931,0.00200439,-1.03304e-05,-0.00182793,0.292,0.266,0.324,0.256
9387,0,0,0,0.3,0,0.0162454,6.47851,-0.0347731,-0.00167195,0.000752443,-0.000769094,0.999998,0.0257784,6.46378,-0.0549312,0.0021684,-0.000264425,-0.00199867,0.254,0.334,0.252,0.3
9388,0,0,0,0.3,0,0.0162712,6.48498,-0.0348281,-0.00167095,0.000752491,-0.000770121,0.999998,0.0257957,6.46716,-0.0549691,0.00203048,0.000370584,-0.00204073,0.37,0.224,0.362,0.184
9389,0,0,0,0.3,0,0.016297,6.49145,-0.0348831,-0.00166974,0.000752634,-0.000771126,0.999998,0.0258131,6.47054,-0.0550071,0.00264789,9.14653e-05,-0.00203858,0.202,0.354,0.236,0.346
9390,0,0,0,0.3,0,0.0163228,6.49792,-0.0349381,-0.00166847,0.000752708,-0.000772193,0.999998,0.0258305,6.47391,-0.0550449,0.00242747,0.000349862,-0.00217356,0.386,0.236,0.344,0.174
9391,0,0,0,0.3,0,0.0163487,6.5044,-0.0349932,-0.00166714,0.000752943,-0.000773249,0.999998,0.0258479,6.47729,-0.0550828,0.00293204,0.000351501,-0.00206985,0.24,0.308,0.286,0.306
9392,0,0,0,0.3,0,0.0163745,6.51088,-0.0350483,-0.00166567,0.000753013,-0.000774302,0.999998,0.0258654,6.48066,-0.0551205,0.00277034,0.000156034,-0.00214467,0.304,0.306,0.278,0.254
9393,0,0,0,0.3,0,0.0164004,6.51736,-0.0351035,-0.00166437,0.000753266,-0.000775329,0.999998,0.0258828,6.48403,-0.0551582,0.00264218,0.000636492,-0.00192922,0.332,0.242,0.346,0.22
9394,0,0,0,0.3,0,0.0164263,6.52385,-0.0351587,-0.00166297,0.000753448,-0.000776222,0.999998,0.0259003,6.48739,-0.0551959,0.00273821,0.000140088,-0.00171872,0.224,0.346,0.24,0.328
9395,0,0,0,0.3,0,0.0164522,6.53034,-0.0352139,-0.00166181,0.000753621,-0.000777019,0.999998,0.0259178,6.49075,-0.0552335,0.00207721,0.000614514,-0.00143382,0.39,0.216,0.366,0.168
9396,0,0,0,0.3,0,0.0164782,6.53684,-0.0352692,-0.00166074,0.000753954,-0.000777594,0.999998,0.0259353,6.49411,-0.055271,0.00219712,0.000540978,-0.000965932,0.208,0.34,0.252,0.338
9397,0,0,0,0.3,0,0.0165041,6.54333,-0.0353245,-0.00165981,0.000754241,-0.000778007,0.999998,0.0259528,6.49747,-0.0553085,0.00149436,0.00079356,-0.00071059,0.358,0.264,0.316,0.202
9398,0,0,0,0.3,0,0.0165301,6.54983,-0.0353799,-0.00165915,0.000754797,-0.000778238,0.999998,0.0259703,6.50083,-0.055346,0.00138013,0.00114865,-0.000266395,0.276,0.274,0.318,0.272
9399,0,0,0,0.3,0,0.0165561,6.55634,-0.0354352,-0.00165849,0.000755246,-0.000778296,0.999998,0.0259879,6.50418,-0.0553834,0.00106916,0.000823119,-3.24896e-05,0.262,0.328,0.256,0.292
9400,0,0,0,0.3,0,0.0165821,6.56285,-0.0354907,-0.00165817,0.000755826,-0.000778211,0.999998,0.0260054,6.50753,-0.0554208,0.000490006,0.00139802,0.000382697,0.362,0.226,0.36,0.19
9401,0,0,0,0.3,0,0.0166081,6.56936,-0.0355461,-0.00165789,0.000756449,-0.000777891,0.999998,0.0260229,6.51088,-0.0554582,0.000521756,0.00105047,0.000774912,0.206,0.352,0.238,0.342
9402,0,0,0,0.3,0,0.0166341,6.57587,-0.0356016,-0.00165786,0.000757026,-0.000777456,0.999998,0.0260403,6.51422,-0.0554956,-0.00030406,0.00140186,0.000971904,0.39,0.23,0.354,0.168
9403,0,0,0,0.3,0,0.0166602,6.58239,-0.0356572,-0.00165805,0.000757758,-0.000776867,0.999998,0.0260578,6.51757,-0.0555329,-0.000352607,0.00129268,0.00131173,0.232,0.314,0.278,0.314
9404,0,0,0,0.3,0,0.0166863,6.58891,-0.0357127,-0.00165838,0.000758267,-0.000776188,0.999998,0.0260752,6.52091,-0.0555702,-0.00104677,0.000982206,0.00138291,0.318,0.292,0.29,0.24
9405,0,0,0,0.3,0,0.0167124,6.59543,-0.0357683,-0.00165908,0.000758832,-0.000775428,0.999998,0.0260926,6.52425,-0.0556076,-0.0014732,0.00111721,0.00165995,0.316,0.246,0.344,0.234
9406,0,0,0,0.3,0,0.0167385,6.60196,-0.035824,-0.00165983,0.000759197,-0.000774543,0.999998,0.02611,6.52759,-0.0556449,-0.00166997,0.000471735,0.00180967,0.23,0.342,0.246,0.324
9407,0,0,0,0.3,0,0.0167646,6.60849,-0.0358797,-0.0016609,0.000759495,-0.000773604,0.999998,0.0261273,6.53092,-0.0556823,-0.00237667,0.000770846,0.00198637,0.384,0.218,0.366,0.17
9408,0,0,0,0.3,0,0.0167907,6.61503,-0.0359354,-0.00166204,0.000759795,-0.000772539,0.999998,0.0261446,6.53425,-0.0557196,-0.00220417,0.000337687,0.00218052,0.204,0.342,0.25,0.344
9409,0,0,0,0.3,0,0.0168169,6.62156,-0.0359911,-0.00166329,0.000759926,-0.000771495,0.999998,0.0261619,6.53758,-0.055757,-0.00282651,0.000419215,0.00201528,0.372,0.25,0.33,0.188
9410,0,0,0,0.3,0,0.0168431,6.6281,-0.0360469,-0.00166474,0.000760224,-0.000770508,0.999998,0.0261791,6.54091,-0.0557944,-0.00277295,0.000541699,0.00193315,0.266,0.286,0.308,0.28
9411,0,0,0,0.3,0,0.0168693,6.63465,-0.0361028,-0.00166614,0.000760353,-0.000769645,0.999998,0.0261963,6.54423,-0.0558318,-0.00301503,0.000203135,0.00152844,0.276,0.32,0.266,0.278
9412,0,0,0,0.3,0,0.0168955,6.64119,-0.0361586,-0.00166778,0.000760612,-0.000768976,0.999998,0.0262135,6.54755,-0.0558693,-0.00327227,0.000702961,0.00124656,0.354,0.23,0.358,0.196
9413,0,0,0,0.3,0,0.0169217,6.64775,-0.0362145,-0.00166928,0.000760824,-0.000768428,0.999998,0.0262306,6.55087,-0.0559068,-0.0028873,0.000135782,0.000928499,0.21,0.35,0.24,0.34
9414,0,0,0,0.3,0,0.016948,6.6543,-0.0362705,-0.00167083,0.000760889,-0.000768093,0.999998,0.0262477,6.55419,-0.0559443,-0.00322409,0.000276223,0.000519482,0.392,0.224,0.36,0.164
9415,0,0,0,0.3,0,0.0169742,6.66086,-0.0363265,-0.00167231,0.000760973,-0.000767887,0.999998,0.0262648,6.55751,-0.0559818,-0.00266937,-0.000115496,0.000313776,0.222,0.324,0.27,0.324
9416,0,0,0,0.3,0,0.0170005,6.66742,-0.0363825,-0.00167363,0.00076076,-0.000767852,0.999998,0.0262819,6.56082,-0.0560194,-0.00277672,-0.000467083,-0.000118674,0.332,0.282,0.3,0.226
9417,0,0,0,0.3,0,0.0170268,6.67398,-0.0364385,-0.00167499,0.000760585,-0.000767977,0.999998,0.026299,6.56413,-0.0560569,-0.00246771,-0.000408297,-0.000308515,0.306,0.256,0.334,0.242
9418,0,0,0,0.3,0,0.0170531,6.68055,-0.0364946,-0.00167606,0.000760154,-0.000768208,0.999998,0.0263161,6.56743,-0.0560945,-0.00205043,-0.00115803,-0.000614613,0.246,0.34,0.246,0.308
9419,0,0,0,0.3,0,0.0170795,6.68712,-0.0365508,-0.00167713,0.000759617,-0.000768593,0.999998,0.0263331,6.57074,-0.0561321,-0.00207232,-0.000954269,-0.000828496,0.384,0.218,0.366,0.172
9420,0,0,0,0.3,0,0.0171058,6.69369,-0.0366069,-0.00167793,0.000759019,-0.000769038,0.999998,0.0263502,6.57404,-0.0561697,-0.00128755,-0.00149548,-0.000973458,0.206,0.348,0.242,0.342
9421,0,0,0,0.3,0,0.0171322,6.70027,-0.0366631,-0.00167857,0.000758255,-0.000769611,0.999998,0.0263673,6.57733,-0.0562074,-0.00129387,-0.00133982,-0.00123267,0.376,0.244,0.336,0.184
9422,0,0,0,0.3,0,0.0171586,6.70685,-0.0367194,-0.00167903,0.000757685,-0.000770212,0.999998,0.0263844,6.58063,-0.056245,-0.000479094,-0.00117197,-0.00115465,0.252,0.298,0.296,0.296
9423,0,0,0,0.3,0,0.017185,6.71344,-0.0367757,-0.00167908,0.000757024,-0.000770795,0.999998,0.0264015,6.58392,-0.0562826,-4.8208e-06,-0.00126495,-0.00117319,0.288,0.31,0.272,0.268
9424,0,0,0,0.3,0,0.0172114,6.72002,-0.036832,-0.001679,0.000756615,-0.000771325,0.999998,0.0264186,6.58721,-0.0563202,0.000483363,-0.00055981,-0.000909172,0.338,0.236,0.35,0.214
9425,0,0,0,0.3,0,0.0172378,6.72661,-0.0368883,-0.00167849,0.000756273,-0.000771699,0.999998,0.0264358,6.5905,-0.0563577,0.00131572,-0.000816636,-0.000668527,0.214,0.35,0.238,0.336
9426,0,0,0,0.3,0,0.0172643,6.73321,-0.0369447,-0.00167784,0.000755995,-0.000771995,0.999998,0.0264529,6.59378,-0.0563953,0.00132603,-0.000214507,-0.000490236,0.39,0.222,0.36,0.168
9427,0,0,0,0.3,0,0.0172907,6.7398,-0.0370012,-0.00167698,0.000755951,-0.000772156,0.999998,0.02647,6.59707,-0.0564328,0.00204419,-0.000185243,-0.000234802,0.214,0.332,0.26,0.334
9428,0,0,0,0.3,0,0.0173172,6.74641,-0.0370576,-0.00167597,0.000755847,-0.000772288,0.999998,0.0264871,6.60035,-0.0564702,0.00184284,-3.56692e-05,-0.000292527,0.346,0.274,0.306,0.214
9429,0,0,0,0.3,0,0.0173437,6.75301,-0.0371142,-0.00167506,0.000755985,-0.000772406,0.999998,0.0265042,6.60362,-0.0565077,0.00198315,0.000347836,-0.000182574,0.292,0.266,0.326,0.258
9430,0,0,0,0.3,0,0.0173703,6.75962,-0.0371707,-0.00167402,0.000756046,-0.000772516,0.999998,0.0265214,6.6069,-0.056545,0.00194166,3.22559e-05,-0.000293969,0.252,0.334,0.252,0.302
9431,0,0,0,0.3,0,0.0173968,6.76623,-0.0372273,-0.00167322,0.000756233,-0.00077268,0.999998,0.0265385,6.61017,-0.0565823,0.00146862,0.000642986,-0.000295634,0.37,0.222,0.364,0.184
9432,0,0,0,0.3,0,0.0174234,6.77284,-0.0372839,-0.00167242,0.000756511,-0.000772804,0.999998,0.0265556,6.61344,-0.0566196,0.00166038,0.000368354,-0.000268929,0.202,0.352,0.24,0.346
9433,0,0,0,0.3,0,0.0174499,6.77946,-0.0373406,-0.00167177,0.000756722,-0.000772992,0.999998,0.0265727,6.61671,-0.0566569,0.000981583,0.000620156,-0.000436262,0.384,0.234,0.346,0.174
9434,0,0,0,0.3,0,0.0174765,6.78608,-0.0373973,-0.0016713,0.000757072,-0.000773207,0.999998,0.0265897,6.61997,-0.0566941,0.00102897,0.000532857,-0.000438597,0.242,0.304,0.288,0.304
9435,0,0,0,0.3,0,0.0175031,6.7927,-0.037454,-0.00167088,0.000757182,-0.000773495,0.999998,0.0266068,6.62323,-0.0567313,0.000485686,0.000151083,-0.000705456,0.308,0.3,0.282,0.25
9436,0,0,0,0.3,0,0.0175297,6.79933,-0.0375108,-0.00167081,0.000757371,-0.000773881,0.999998,0.0266239,6.62649,-0.0567684,8.40397e-05,0.000446374,-0.000782787,0.33,0.244,0.346,0.222
9437,0,0,0,0.3,0,0.0175564,6.80596,-0.0375676,-0.00167074,0.000757447,-0.000774308,0.999998,0.026641,6.62974,-0.0568055,5.96728e-05,-7.34991e-05,-0.000954558,0.222,0.35,0.238,0.33
9438,0,0,0,0.3,0,0.017583,6.81259,-0.0376244,-0.00167089,0.000757502,-0.000774841,0.999998,0.0266581,6.63299,-0.0568427,-0.000486216,0.000355758,-0.00109253,0.39,0.218,0.366,0.166
9439,0,0,0,0.3,0,0.0176097,6.81922,-0.0376813,-0.00167103,0.000757662,-0.000775367,0.999998,0.0266752,6.63624,-0.0568798,-0.000110899,0.000123609,-0.00104905,0.208,0.338,0.254,0.338
9440,0,0,0,0.3,0,0.0176364,6.82586,-0.0377382,-0.00167118,0.000757687,-0.000775933,0.999998,0.0266924,6.63949,-0.0569169,-0.000553767,0.000197648,-0.00117603,0.358,0.262,0.318,0.2
9441,0,0,0,0.3,0,0.0176631,6.83251,-0.0377952,-0.00167147,0.000757914,-0.000776491,0.999998,0.0267095,6.64273,-0.0569539,-0.000424392,0.000463496,-0.00105625,0.278,0.274,0.318,0.268
9442,0,0,0,0.3,0,0.0176899,6.83915,-0.0378522,-0.00167165,0.000758011,-0.000777031,0.999998,0.0267266,6.64597,-0.056991,-0.000489404,9.96262e-05,-0.00112552,0.266,0.326,0.258,0.288
9443,0,0,0,0.3,0,0.0177166,6.8458,-0.0379092,-0.00167202,0.000758201,-0.000777582,0.999998,0.0267438,6.64921,-0.0570281,-0.000769114,0.000565636,-0.00102068,0.362,0.226,0.362,0.19
9444,0,0,0,0.3,0,0.0177434,6.85245,-0.0379662,-0.00167227,0.000758368,-0.000778043,0.999998,0.0267609,6.65245,-0.0570651,-0.00036505,6.54509e-05,-0.000896776,0.204,0.354,0.236,0.346
9445,0,0,0,0.3,0,0.0177701,6.85911,-0.0380233,-0.00167256,0.00075841,-0.000778499,0.999998,0.0267781,6.65568,-0.0571021,-0.000707835,0.000247824,-0.000879225,0.386,0.23,0.352,0.172
9446,0,0,0,0.3,0,0.0177969,6.86577,-0.0380805,-0.0016728,0.00075851,-0.000778872,0.999998,0.0267952,6.65891,-0.0571392,-0.000205016,-6.41113e-05,-0.000655199,0.23,0.312,0.28,0.316
9447,0,0,0,0.3,0,0.0178237,6.87243,-0.0381377,-0.0016729,0.000758307,-0.000779201,0.999998,0.0268124,6.66214,-0.0571762,-0.000395247,-0.000471246,-0.000665876,0.32,0.292,0.29,0.236
9448,0,0,0,0.3,0,0.0178506,6.8791,-0.0381949,-0.00167316,0.000758173,-0.00077949,0.999998,0.0268296,6.66537,-0.0572132,-0.000432639,-0.000231861,-0.000473394,0.32,0.25,0.34,0.23
9449,0,0,0,0.3,0,0.0178774,6.88577,-0.0382521,-0.0016733,0.0007579,-0.000779707,0.999998,0.0268467,6.66859,-0.0572502,-0.000332119,-0.000758084,-0.000451186,0.232,0.346,0.242,0.32
9450,0,0,0,0.3,0,0.0179043,6.89244,-0.0383094,-0.00167362,0.000757623,-0.000779939,0.999998,0.0268639,6.67181,-0.0572872,-0.000747191,-0.000319195,-0.000413228,0.384,0.216,0.368,0.172
9451,0,0,0,0.3,0,0.0179312,6.89911,-0.0383667,-0.00167386,0.000757419,-0.000780085,0.999998,0.0268811,6.67503,-0.0573242,-0.000280876,-0.000631097,-0.000223669,0.204,0.342,0.25,0.344
9452,0,0,0,0.3,0,0.0179581,6.90579,-0.0384241,-0.00167408,0.000757091,-0.000780191,0.999998,0.0268982,6.67824,-0.0573612,-0.000632883,-0.00045296,-0.000174296,0.366,0.25,0.33,0.192
9453,0,0,0,0.3,0,0.017985,6.91247,-0.0384815,-0.00167436,0.000756989,-0.000780204,0.999998,0.0269154,6.68146,-0.0573981,-0.000327735,-0.00021117,9.42045e-05,0.266,0.284,0.308,0.282
9454,0,0,0,0.3,0,0.0180119,6.91916,-0.0385389,-0.00167447,0.000756777,-0.000780152,0.999998,0.0269325,6.68467,-0.0574351,-0.000324022,-0.000447824,7.09413e-05,0.28,0.32,0.262,0.276
9455,0,0,0,0.3,0,0.0180389,6.92584,-0.0385964,-0.00167471,0.000756727,-0.000780119,0.999998,0.0269496,6.68787,-0.057472,-0.000423383,0.000133266,9.92995e-05,0.356,0.23,0.356,0.198
9456,0,0,0,0.3,0,0.0180658,6.93254,-0.0386539,-0.00167477,0.000756736,-0.000780081,0.999998,0.0269668,6.69108,-0.0575089,2.78295e-05,-0.000118535,4.21911e-06,0.212,0.352,0.238,0.34
9457,0,0,0,0.3,0,0.0180928,6.93923,-0.0387115,-0.00167485,0.000756816,-0.000780137,0.999998,0.0269839,6.69428,-0.0575458,-0.000261158,0.000523941,-0.000140993,0.394,0.226,0.356,0.164
9458,0,0,0,0.3,0,0.0181198,6.94593,-0.038769,-0.00167483,0.000757178,-0.000780166,0.999998,0.027001,6.69748,-0.0575827,0.000331487,0.000676886,-3.23706e-06,0.224,0.326,0.268,0.324
9459,0,0,0,0.3,0,0.0181468,6.95263,-0.0388267,-0.00167465,0.000757519,-0.000780173,0.999998,0.0270181,6.70068,-0.0576196,0.000263105,0.000872449,-9.65379e-06,0.33,0.282,0.3,0.228
9460,0,0,0,0.3,0,0.0181739,6.95933,-0.0388843,-0.00167448,0.000758144,-0.000780097,0.999998,0.0270352,6.70388,-0.0576565,0.000592499,0.00136953,0.000325167,0.3,0.26,0.332,0.248
9461,0,0,0,0.3,0,0.0182009,6.96604,-0.038942,-0.00167403,0.000758704,-0.000779837,0.999998,0.0270523,6.70708,-0.0576933,0.000983832,0.000991289,0.000639118,0.238,0.34,0.246,0.314
9462,0,0,0,0.3,0,0.018228,6.97275,-0.0389997,-0.0016736,0.00075932,-0.000779414,0.999998,0.0270693,6.71027,-0.0577301,0.000874218,0.00144345,0.00105973,0.376,0.22,0.364,0.178
9463,0,0,0,0.3,0,0.0182551,6.97946,-0.0390575,-0.001673,0.000759938,-0.000778747,0.999998,0.0270864,6.71346,-0.0577669,0.00142319,0.000932388,0.00148219,0.202,0.35,0.242,0.346
9464,0,0,0,0.3,0,0.0182822,6.98618,-0.0391153,-0.00167239,0.00076034,-0.000777972,0.999998,0.0271034,6.71664,-0.0578036,0.000992275,0.000911918,0.00160976,0.376,0.246,0.336,0.182
9465,0,0,0,0.3,0,0.0183093,6.9929,-0.0391732,-0.00167189,0.000760832,-0.0007771,0.999998,0.0271204,6.71983,-0.0578403,0.00113158,0.00083898,0.00183102,0.252,0.298,0.296,0.294
9466,0,0,0,0.3,0,0.0183364,6.99962,-0.039231,-0.00167139,0.000761071,-0.000776195,0.999998,0.0271373,6.72301,-0.057877,0.00070506,0.000355928,0.00176594,0.288,0.31,0.272,0.268
9467,0,0,0,0.3,0,0.0183636,7.00635,-0.0392889,-0.00167123,0.000761335,-0.000775289,0.999998,0.0271542,6.72618,-0.0579136,0.000186664,0.000580765,0.00190061,0.342,0.23,0.358,0.21
9468,0,0,0,0.3,0,0.0183908,7.01308,-0.0393469,-0.00167115,0.00076143,-0.000774296,0.999998,0.0271711,6.72936,-0.0579503,1.5045e-06,-0.000133236,0.00200967,0.218,0.344,0.244,0.334
9469,0,0,0,0.3,0,0.0184179,7.01981,-0.0394049,-0.00167144,0.000761387,-0.000773285,0.999998,0.027188,6.73253,-0.0579869,-0.000959297,8.9715e-05,0.00207835,0.394,0.218,0.364,0.164
9470,0,0,0,0.3,0,0.0184451,7.02655,-0.0394629,-0.00167195,0.00076141,-0.000772201,0.999998,0.0272048,6.7357,-0.0580235,-0.00102193,-0.000140869,0.00218211,0.214,0.33,0.264,0.334
9471,0,0,0,0.3,0,0.0184724,7.03328,-0.039521,-0.00167262,0.000761303,-0.000771192,0.999998,0.0272215,6.73887,-0.0580601,-0.00168855,-2.85617e-05,0.00187635,0.344,0.272,0.31,0.216
9472,0,0,0,0.3,0,0.0184996,7.04003,-0.0395791,-0.00167353,0.000761474,-0.000770312,0.999998,0.0272383,6.74204,-0.0580967,-0.00170612,0.000454133,0.00168083,0.29,0.268,0.322,0.258
9473,0,0,0,0.3,0,0.0185269,7.04677,-0.0396372,-0.00167433,0.000761605,-0.000769588,0.999998,0.027255,6.7452,-0.0581333,-0.00167693,0.000206706,0.00121536,0.254,0.334,0.25,0.3
9474,0,0,0,0.3,0,0.0185541,7.05352,-0.0396954,-0.00167529,0.000761873,-0.000769118,0.999998,0.0272716,6.74836,-0.0581699,-0.00196587,0.00078107,0.00077392,0.374,0.22,0.366,0.18
9475,0,0,0,0.3,0,0.0185814,7.06027,-0.0397536,-0.00167615,0.000762201,-0.000768839,0.999998,0.0272883,6.75151,-0.0582066,-0.00157971,0.000459395,0.000346972,0.204,0.352,0.24,0.344
9476,0,0,0,0.3,0,0.0186087,7.06703,-0.0398118,-0.00167707,0.000762475,-0.000768827,0.999998,0.0273049,6.75467,-0.0582432,-0.00205509,0.000804033,-0.000184128,0.386,0.238,0.344,0.172
9477,0,0,0,0.3,0,0.018636,7.07378,-0.0398701,-0.00167803,0.000762974,-0.000768998,0.999998,0.0273216,6.75782,-0.0582799,-0.00171805,0.000940531,-0.00046797,0.244,0.304,0.288,0.302
9478,0,0,0,0.3,0,0.0186634,7.08054,-0.0399284,-0.00167889,0.000763334,-0.000769362,0.999998,0.0273382,6.76097,-0.0583165,-0.00188745,0.000692676,-0.000933108,0.308,0.3,0.284,0.248
9479,0,0,0,0.3,0,0.0186907,7.08731,-0.0399868,-0.0016799,0.000763794,-0.000769888,0.999998,0.0273549,6.76412,-0.0583532,-0.00191573,0.000978704,-0.001083,0.33,0.242,0.348,0.22
9480,0,0,0,0.3,0,0.0187181,7.09408,-0.0400452,-0.00168072,0.000764104,-0.000770454,0.999998,0.0273715,6.76727,-0.0583899,-0.00157418,0.00033159,-0.00119543,0.226,0.348,0.24,0.326
9481,0,0,0,0.3,0,0.0187455,7.10085,-0.0401036,-0.00168159,0.000764305,-0.000771072,0.999998,0.0273882,6.77041,-0.0584266,-0.001736,0.000553612,-0.00119764,0.392,0.218,0.366,0.164
9482,0,0,0,0.3,0,0.0187729,7.10762,-0.040162,-0.00168224,0.000764504,-0.000771608,0.999998,0.0274049,6.77355,-0.0584633,-0.000942183,9.37254e-05,-0.000998987,0.21,0.338,0.254,0.338
9483,0,0,0,0.3,0,0.0188003,7.1144,-0.0402205,-0.00168267,0.000764446,-0.000772103,0.999998,0.0274215,6.77669,-0.0585,-0.000874315,-6.05645e-05,-0.000962255,0.352,0.264,0.316,0.206
9484,0,0,0,0.3,0,0.0188278,7.12118,-0.0402791,-0.00168295,0.000764502,-0.000772506,0.999998,0.0274382,6.77982,-0.0585367,-0.00015338,7.31692e-05,-0.000662403,0.274,0.278,0.314,0.274
9485,0,0,0,0.3,0,0.0188552,7.12796,-0.0403377,-0.00168282,0.000764395,-0.00077279,0.999998,0.0274549,6.78296,-0.0585734,0.000409154,-0.000318462,-0.000523468,0.264,0.326,0.258,0.292
9486,0,0,0,0.3,0,0.0188827,7.13475,-0.0403963,-0.00168259,0.000764392,-0.000772991,0.999998,0.0274716,6.78609,-0.05861,0.000649301,0.000208435,-0.000256149,0.364,0.224,0.362,0.19
9487,0,0,0,0.3,0,0.0189102,7.14153,-0.0404549,-0.00168204,0.000764406,-0.000773047,0.999998,0.0274883,6.78922,-0.0586466,0.001324,-0.000206955,-6.30697e-05,0.206,0.354,0.236,0.344
9488,0,0,0,0.3,0,0.0189377,7.14833,-0.0405136,-0.00168146,0.000764344,-0.000773091,0.999998,0.027505,6.79234,-0.0586833,0.00102677,9.81198e-05,-8.21577e-05,0.388,0.232,0.35,0.17
9489,0,0,0,0.3,0,0.0189652,7.15512,-0.0405723,-0.00168085,0.000764433,-0.000773097,0.999998,0.0275216,6.79547,-0.0587198,0.00146573,2.06867e-05,1.77863e-05,0.23,0.316,0.278,0.316
9490,0,0,0,0.3,0,0.0189927,7.16192,-0.0406311,-0.00168014,0.000764345,-0.000773132,0.999998,0.0275383,6.79859,-0.0587563,0.00121756,-0.000149528,-0.000143474,0.32,0.292,0.29,0.238
9491,0,0,0,0.3,0,0.0190203,7.16872,-0.0406899,-0.00167961,0.000764417,-0.000773192,0.999998,0.027555,6.80171,-0.0587928,0.00113202,0.000233604,-6.16237e-05,0.318,0.248,0.34,0.232
9492,0,0,0,0.3,0,0.0190479,7.17553,-0.0407487,-0.00167899,0.000764396,-0.000773216,0.999998,0.0275716,6.80482,-0.0588293,0.00115228,-0.000215149,-7.96233e-05,0.232,0.344,0.242,0.32
9493,0,0,0,0.3,0,0.0190755,7.18234,-0.0408076,-0.0016786,0.000764419,-0.000773262,0.999998,0.0275882,6.80793,-0.0588657,0.00060184,0.000331495,-4.43311e-05,0.386,0.218,0.366,0.17
9494,0,0,0,0.3,0,0.0191031,7.18915,-0.0408665,-0.00167822,0.000764585,-0.000773232,0.999998,0.0276049,6.81104,-0.0589021,0.000891951,0.000170503,0.000102359,0.204,0.344,0.248,0.342
9495,0,0,0,0.3,0,0.0191307,7.19596,-0.0409254,-0.00167789,0.000764681,-0.0007732,0.999998,0.0276215,6.81415,-0.0589385,0.000387592,0.00040668,5.45153e-05,0.366,0.252,0.328,0.194
9496,0,0,0,0.3,0,0.0191583,7.20278,-0.0409844,-0.00167769,0.000765001,-0.000773124,0.999998,0.0276381,6.81725,-0.0589748,0.000575766,0.00061259,0.000235154,0.264,0.286,0.306,0.284
9497,0,0,0,0.3,0,0.019186,7.2096,-0.0410434,-0.00167738,0.000765181,-0.000773009,0.999998,0.0276547,6.82035,-0.0590111,0.000476986,0.00030777,0.000193085,0.276,0.32,0.262,0.28
9498,0,0,0,0.3,0,0.0192136,7.21642,-0.0411024,-0.00167726,0.000765517,-0.000772903,0.999998,0.0276713,6.82345,-0.0590474,0.000243408,0.000904095,0.000270644,0.354,0.23,0.356,0.2
9499,0,0,0,0.3,0,0.0192413,7.22325,-0.0411615,-0.00167704,0.000765907,-0.000772757,0.999998,0.0276879,6.82654,-0.0590837,0.000472593,0.000637608,0.000246414,0.212,0.35,0.238,0.338
9500,0,0,0,0.3,0,0.019269,7.23008,-0.0412206,-0.00167699,0.000766353,-0.000772693,0.999998,0.0277045,6.82964,-0.0591199,-0.000155338,0.00123865,6.99167e-05,0.392,0.226,0.356,0.166
9501,0,0,0,0.3,0,0.0192968,7.23691,-0.0412798,-0.00167704,0.000767071,-0.000772662,0.999998,0.027721,6.83273,-0.0591562,1.98368e-06,0.00138169,2.83914e-05,0.222,0.324,0.268,0.324
9502,0,0,0,0.3,0,0.0193245,7.24375,-0.041339,-0.00167715,0.000767746,-0.000772725,0.999998,0.0277376,6.83581,-0.0591924,-0.000526562,0.00151487,-0.000248728,0.332,0.282,0.3,0.226
9503,0,0,0,0.3,0,0.0193523,7.25059,-0.0413982,-0.00167751,0.000768678,-0.000772861,0.999998,0.0277541,6.8389,-0.0592286,-0.000671941,0.00197149,-0.000250234,0.304,0.258,0.334,0.244
9504,0,0,0,0.3,0,0.01938,7.25743,-0.0414575,-0.00167782,0.00076954,-0.000772999,0.999998,0.0277707,6.84198,-0.0592648,-0.000745963,0.00157902,-0.000333075,0.246,0.338,0.25,0.308
9505,0,0,0,0.3,0,0.0194078,7.26427,-0.0415168,-0.00167838,0.000770443,-0.000773176,0.999998,0.0277872,6.84506,-0.059301,-0.0012507,0.00200001,-0.000313984,0.38,0.218,0.368,0.174
9506,0,0,0,0.3,0,0.0194356,7.27112,-0.0415761,-0.00167891,0.000771329,-0.000773296,0.999998,0.0278037,6.84814,-0.0593372,-0.000933409,0.00143638,-0.000233655,0.202,0.346,0.246,0.344
9507,0,0,0,0.3,0,0.0194634,7.27797,-0.0416355,-0.00167948,0.000771967,-0.00077345,0.999998,0.0278203,6.85121,-0.0593734,-0.00132624,0.00133676,-0.000339117,0.376,0.248,0.334,0.182
9508,0,0,0,0.3,0,0.0194913,7.28483,-0.0416949,-0.00168005,0.000772637,-0.000773591,0.999998,0.0278368,6.85428,-0.0594096,-0.000855886,0.00114162,-0.000243808,0.252,0.298,0.296,0.294
9509,0,0,0,0.3,0,0.0195191,7.29168,-0.0417543,-0.0016804,0.000773011,-0.000773755,0.999998,0.0278533,6.85735,-0.0594457,-0.000720537,0.000585429,-0.000422102,0.288,0.31,0.274,0.268
9510,0,0,0,0.3,0,0.019547,7.29854,-0.0418138,-0.00168077,0.000773368,-0.000773981,0.999998,0.0278698,6.86041,-0.0594819,-0.000577457,0.000720185,-0.00042079,0.342,0.234,0.356,0.208
9511,0,0,0,0.3,0,0.0195749,7.30541,-0.0418733,-0.00168088,0.000773506,-0.000774184,0.999998,0.0278864,6.86348,-0.0595181,-7.64647e-05,-9.71221e-05,-0.000440546,0.216,0.35,0.24,0.334
9512,0,0,0,0.3,0,0.0196028,7.31227,-0.0419329,-0.001681,0.000773453,-0.000774442,0.999998,0.0279029,6.86654,-0.0595542,-0.000335515,1.80877e-05,-0.000535177,0.39,0.222,0.36,0.166
9513,0,0,0,0.3,0,0.0196307,7.31914,-0.0419925,-0.00168101,0.000773412,-0.000774702,0.999998,0.0279194,6.8696,-0.0595904,0.000274954,-0.000331743,-0.000545826,0.214,0.332,0.262,0.332
9514,0,0,0,0.3,0,0.0196586,7.32602,-0.0420521,-0.00168087,0.000773145,-0.000775055,0.999998,0.0279359,6.87265,-0.0596265,0.000173807,-0.000476727,-0.000828196,0.342,0.272,0.308,0.218
9515,0,0,0,0.3,0,0.0196866,7.33289,-0.0421118,-0.00168073,0.000773022,-0.00077549,0.999998,0.0279524,6.8757,-0.0596626,0.000534449,-0.000237261,-0.000879394,0.29,0.266,0.324,0.26
9516,0,0,0,0.3,0,0.0197146,7.33977,-0.0421715,-0.00168033,0.00077278,-0.000775978,0.999998,0.0279689,6.87875,-0.0596987,0.000811154,-0.000560479,-0.00109036,0.254,0.336,0.25,0.3
9517,0,0,0,0.3,0,0.0197425,7.34665,-0.0422312,-0.00168001,0.00077269,-0.000776577,0.999998,0.0279855,6.8818,-0.0597347,0.000659728,0.00011598,-0.00123217,0.374,0.224,0.362,0.182
9518,0,0,0,0.3,0,0.0197705,7.35354,-0.042291,-0.00167953,0.000772713,-0.000777228,0.999998,0.028002,6.88484,-0.0597707,0.00110689,-0.000141967,-0.00141358,0.204,0.352,0.238,0.344
9519,0,0,0,0.3,0,0.0197986,7.36043,-0.0423508,-0.0016791,0.00077269,-0.000778043,0.999998,0.0280186,6.88789,-0.0598067,0.000646207,0.000219278,-0.00175888,0.382,0.238,0.342,0.176
9520,0,0,0,0.3,0,0.0198266,7.36732,-0.0424106,-0.00167873,0.000772918,-0.00077894,0.999998,0.0280351,6.89093,-0.0598427,0.000896826,0.000424428,-0.00181212,0.246,0.304,0.288,0.302
9521,0,0,0,0.3,0,0.0198547,7.37421,-0.0424705,-0.00167833,0.000773061,-0.000779896,0.999998,0.0280517,6.89397,-0.0598786,0.000551881,0.00034681,-0.00199274,0.306,0.302,0.28,0.252
9522,0,0,0,0.3,0,0.0198827,7.38111,-0.0425304,-0.00167819,0.000773419,-0.000780874,0.999998,0.0280683,6.897,-0.0599145,0.000261557,0.000870321,-0.00187122,0.332,0.242,0.346,0.218
9523,0,0,0,0.3,0,0.0199108,7.38801,-0.0425904,-0.00167801,0.000773749,-0.000781761,0.999998,0.028085,6.90004,-0.0599504,0.000290278,0.000492548,-0.00173638,0.226,0.346,0.242,0.326
9524,0,0,0,0.3,0,0.0199389,7.39491,-0.0426504,-0.00167805,0.000774124,-0.000782582,0.999998,0.0281016,6.90307,-0.0599863,-0.00026378,0.00105183,-0.00150363,0.392,0.22,0.364,0.164
9525,0,0,0,0.3,0,0.019967,7.40182,-0.0427104,-0.00167808,0.000774668,-0.000783199,0.999998,0.0281183,6.9061,-0.0600222,0.00010148,0.000937968,-0.00105431,0.212,0.338,0.256,0.336
9526,0,0,0,0.3,0,0.0199952,7.40873,-0.0427704,-0.0016781,0.000775118,-0.000783651,0.999998,0.028135,6.90912,-0.060058,-0.000214663,0.00106381,-0.000774546,0.352,0.264,0.318,0.206
9527,0,0,0,0.3,0,0.0200233,7.41564,-0.0428305,-0.00167815,0.000775768,-0.000783884,0.999998,0.0281516,6.91215,-0.0600939,0.00016595,0.00128214,-0.000200428,0.276,0.278,0.316,0.27
9528,0,0,0,0.3,0,0.0200515,7.42255,-0.0428907,-0.00167793,0.000776251,-0.000783843,0.999998,0.0281683,6.91517,-0.0601297,0.000471197,0.000821801,0.000271181,0.264,0.328,0.258,0.29
9529,0,0,0,0.3,0,0.0200797,7.42947,-0.0429508,-0.00167772,0.000776739,-0.000783548,0.999998,0.028185,6.91819,-0.0601655,0.000546972,0.00104812,0.000885342,0.36,0.224,0.362,0.192
9530,0,0,0,0.3,0,0.0201079,7.43639,-0.043011,-0.00167724,0.000777064,-0.000782926,0.999998,0.0282016,6.92121,-0.0602012,0.00117419,0.000264245,0.00146209,0.206,0.348,0.242,0.344
9531,0,0,0,0.3,0,0.0201361,7.44332,-0.0430713,-0.00167673,0.000777145,-0.000782087,0.999998,0.0282182,6.92422,-0.060237,0.000908127,0.000275345,0.00187203,0.388,0.23,0.352,0.17
9532,0,0,0,0.3,0,0.0201643,7.45024,-0.0431315,-0.00167616,0.000777268,-0.000780999,0.999998,0.0282348,6.92723,-0.0602727,0.00139362,3.71492e-05,0.00237331,0.23,0.314,0.28,0.314
9533,0,0,0,0.3,0,0.0201926,7.45717,-0.0431918,-0.00167546,0.00077716,-0.000779771,0.999998,0.0282513,6.93024,-0.0603083,0.00126532,-0.000208007,0.00249098,0.312,0.296,0.286,0.244
9534,0,0,0,0.3,0,0.0202208,7.46411,-0.0432522,-0.00167485,0.000777185,-0.000778467,0.999998,0.0282678,6.93325,-0.060344,0.00139201,0.000102418,0.00272714,0.316,0.25,0.34,0.234
9535,0,0,0,0.3,0,0.0202491,7.47104,-0.0433126,-0.00167401,0.000777041,-0.000777074,0.999998,0.0282843,6.93626,-0.0603796,0.00171054,-0.00057187,0.00277294,0.23,0.344,0.244,0.322
9536,0,0,0,0.3,0,0.0202774,7.47798,-0.043373,-0.00167328,0.000776797,-0.000775697,0.999998,0.0283007,6.93926,-0.0604151,0.00138026,-0.000334481,0.0027901,0.384,0.218,0.366,0.172
9537,0,0,0,0.3,0,0.0203057,7.48492,-0.0434334,-0.00167248,0.00077654,-0.000774272,0.999998,0.028317,6.94226,-0.0604506,0.0017358,-0.000799063,0.00284766,0.206,0.344,0.248,0.34
9538,0,0,0,0.3,0,0.0203341,7.49187,-0.0434939,-0.00167175,0.00077608,-0.000772914,0.999998,0.0283333,6.94526,-0.0604861,0.00117155,-0.000783331,0.00262304,0.364,0.254,0.328,0.194
9539,0,0,0,0.3,0,0.0203624,7.49882,-0.0435544,-0.00167121,0.000775796,-0.000771625,0.999998,0.0283496,6.94826,-0.0605216,0.00118268,-0.000577504,0.00254103,0.266,0.282,0.312,0.282
9540,0,0,0,0.3,0,0.0203908,7.50577,-0.043615,-0.00167065,0.000775398,-0.000770439,0.999998,0.0283658,6.95125,-0.060557,0.000855604,-0.000832781,0.00221179,0.276,0.318,0.266,0.28
9541,0,0,0,0.3,0,0.0204192,7.51272,-0.0436756,-0.00167041,0.000775138,-0.000769404,0.999998,0.028382,6.95424,-0.0605924,0.000377243,-0.000321191,0.00200426,0.354,0.226,0.362,0.198
9542,0,0,0,0.3,0,0.0204476,7.51968,-0.0437362,-0.00167017,0.000774878,-0.000768479,0.999998,0.0283981,6.95723,-0.0606278,0.00045917,-0.000715025,0.00165999,0.212,0.35,0.24,0.338
9543,0,0,0,0.3,0,0.020476,7.52664,-0.0437969,-0.00167013,0.000774609,-0.000767814,0.999998,0.0284142,6.96022,-0.0606631,-0.000178995,-0.00024363,0.0011009,0.392,0.226,0.356,0.166
9544,0,0,0,0.3,0,0.0205044,7.5336,-0.0438576,-0.00167017,0.000774535,-0.000767399,0.999998,0.0284303,6.9632,-0.0606984,0.000103382,-0.000284057,0.000580103,0.224,0.324,0.268,0.322
9545,0,0,0,0.3,0,0.0205329,7.54057,-0.0439183,-0.00167016,0.00077431,-0.000767344,0.999998,0.0284464,6.96618,-0.0607337,-0.000188009,-0.000374679,-0.000259341,0.33,0.282,0.298,0.228
9546,0,0,0,0.3,0,0.0205613,7.54754,-0.0439791,-0.00167028,0.00077429,-0.000767651,0.999998,0.0284624,6.96916,-0.060769,-6.06147e-05,8.20375e-05,-0.000849655,0.31,0.254,0.336,0.24
9547,0,0,0,0.3,0,0.0205898,7.55451,-0.0440399,-0.0016702,0.000774249,-0.000768248,0.999998,0.0284785,6.97214,-0.0608043,0.000148711,-0.00015196,-0.00148861,0.244,0.34,0.246,0.31
9548,0,0,0,0.3,0,0.0206183,7.56149,-0.0441007,-0.00167023,0.000774357,-0.000769148,0.999998,0.0284946,6.97511,-0.0608396,-8.87958e-05,0.000544755,-0.00197629,0.38,0.22,0.364,0.174
9549,0,0,0,0.3,0,0.0206468,7.56846,-0.0441616,-0.0016701,0.000774642,-0.000770224,0.999998,0.0285107,6.97808,-0.0608748,0.000522217,0.000445838,-0.0023247,0.206,0.348,0.244,0.342
9550,0,0,0,0.3,0,0.0206753,7.57545,-0.0442225,-0.00166986,0.000774943,-0.000771522,0.999998,0.0285268,6.98105,-0.0609101,0.000382493,0.000919067,-0.0027656,0.374,0.248,0.332,0.184
9551,0,0,0,0.3,0,0.0207039,7.58243,-0.0442835,-0.00166954,0.000775569,-0.000772943,0.999998,0.028543,6.98402,-0.0609453,0.000983401,0.00127297,-0.00288795,0.256,0.296,0.296,0.29
9552,0,0,0,0.3,0,0.0207324,7.58942,-0.0443444,-0.00166894,0.000776127,-0.000774452,0.999998,0.0285592,6.98698,-0.0609804,0.0011668,0.00112824,-0.00313208,0.29,0.316,0.268,0.266
9553,0,0,0,0.3,0,0.020761,7.59641,-0.0444055,-0.00166838,0.000776867,-0.00077602,0.999998,0.0285754,6.98995,-0.0610156,0.00128272,0.00165207,-0.00307668,0.342,0.238,0.35,0.21
9554,0,0,0,0.3,0,0.0207896,7.6034,-0.0444665,-0.00166757,0.000777573,-0.000777512,0.999998,0.0285917,6.99291,-0.0610507,0.00175122,0.00118112,-0.00294448,0.212,0.352,0.236,0.338
9555,0,0,0,0.3,0,0.0208182,7.6104,-0.0445276,-0.0016668,0.000778225,-0.000778937,0.999998,0.028608,6.99586,-0.0610858,0.00140901,0.00150707,-0.00271232,0.39,0.222,0.36,0.166
9556,0,0,0,0.3,0,0.0208468,7.61739,-0.0445887,-0.001666,0.000778956,-0.000780147,0.999998,0.0286243,6.99882,-0.0611208,0.00177531,0.00122955,-0.00221128,0.218,0.334,0.26,0.328
9557,0,0,0,0.3,0,0.0208755,7.6244,-0.0446499,-0.00166522,0.00077948,-0.000781162,0.999998,0.0286407,7.00177,-0.0611558,0.00123482,0.00110741,-0.00188793,0.34,0.278,0.302,0.218
9558,0,0,0,0.3,0,0.0209041,7.6314,-0.0447111,-0.00166471,0.000780142,-0.000781954,0.999998,0.0286571,7.00472,-0.0611907,0.0010308,0.00132879,-0.00132223,0.292,0.264,0.328,0.256
9559,0,0,0,0.3,0,0.0209328,7.63841,-0.0447723,-0.00166423,0.000780656,-0.000782473,0.999998,0.0286735,7.00767,-0.0612257,0.000706899,0.000866864,-0.000839418,0.254,0.33,0.256,0.298
9560,0,0,0,0.3,0,0.0209615,7.64542,-0.0448336,-0.00166414,0.000781203,-0.000782716,0.999998,0.0286899,7.01062,-0.0612606,-9.6159e-05,0.00127516,-0.00014507,0.374,0.22,0.366,0.18
9561,0,0,0,0.3,0,0.0209902,7.65243,-0.0448948,-0.00166423,0.000781734,-0.000782568,0.999998,0.0287062,7.01356,-0.0612955,-0.000276738,0.000769498,0.000580588,0.202,0.346,0.244,0.346
9562,0,0,0,0.3,0,0.0210189,7.65945,-0.0449562,-0.00166462,0.000782093,-0.000782142,0.999998,0.0287226,7.0165,-0.0613303,-0.00120003,0.000867637,0.00108744,0.38,0.236,0.346,0.18
9563,0,0,0,0.3,0,0.0210477,7.66647,-0.0450175,-0.00166527,0.000782565,-0.000781412,0.999998,0.028739,7.01944,-0.0613652,-0.0012027,0.000797584,0.0017312,0.244,0.304,0.288,0.302
9564,0,0,0,0.3,0,0.0210764,7.67349,-0.0450789,-0.00166594,0.00078283,-0.000780458,0.999998,0.0287553,7.02238,-0.0614001,-0.00160228,0.00051599,0.0020002,0.302,0.304,0.278,0.254
9565,0,0,0,0.3,0,0.0211052,7.68052,-0.0451404,-0.00166686,0.000783229,-0.000779386,0.999998,0.0287716,7.02531,-0.0614349,-0.00183281,0.000908408,0.002279,0.334,0.242,0.346,0.218
9566,0,0,0,0.3,0,0.021134,7.68754,-0.0452018,-0.0016677,0.000783535,-0.000778209,0.999998,0.0287878,7.02824,-0.0614698,-0.00171144,0.000397631,0.00235666,0.222,0.346,0.24,0.33
9567,0,0,0,0.3,0,0.0211628,7.69458,-0.0452634,-0.00166873,0.000783821,-0.000777035,0.999998,0.028804,7.03117,-0.0615047,-0.00221487,0.00082558,0.00239634,0.39,0.218,0.364,0.166
9568,0,0,0,0.3,0,0.0211916,7.70161,-0.0453249,-0.00166974,0.000784234,-0.000775776,0.999998,0.0288202,7.0341,-0.0615397,-0.00186198,0.000671877,0.00258412,0.21,0.334,0.258,0.336
9569,0,0,0,0.3,0,0.0212204,7.70865,-0.0453865,-0.00167077,0.000784557,-0.000774498,0.999998,0.0288363,7.03703,-0.0615746,-0.00227808,0.000834297,0.00254404,0.35,0.264,0.318,0.208
9570,0,0,0,0.3,0,0.0212493,7.71569,-0.0454481,-0.00167191,0.000785114,-0.000773185,0.999998,0.0288523,7.03995,-0.0616095,-0.00212017,0.00113676,0.00270136,0.28,0.274,0.318,0.268
9571,0,0,0,0.3,0,0.0212782,7.72273,-0.0455097,-0.00167291,0.00078552,-0.000771849,0.999998,0.0288684,7.04286,-0.0616445,-0.00208312,0.000660443,0.00260316,0.262,0.328,0.258,0.292
9572,0,0,0,0.3,0,0.021307,7.72978,-0.0455714,-0.00167407,0.000785946,-0.000770583,0.999998,0.0288843,7.04578,-0.0616794,-0.00230947,0.000991317,0.00251512,0.366,0.222,0.364,0.188
9573,0,0,0,0.3,0,0.0213359,7.73682,-0.0456331,-0.00167509,0.000786307,-0.000769361,0.999998,0.0289003,7.0487,-0.0617144,-0.00193415,0.000442657,0.00233118,0.206,0.348,0.244,0.342
9574,0,0,0,0.3,0,0.0213649,7.74388,-0.0456949,-0.00167618,0.000786539,-0.00076831,0.999998,0.0289162,7.05161,-0.0617494,-0.00236307,0.000673044,0.00195565,0.386,0.23,0.352,0.172
9575,0,0,0,0.3,0,0.0213938,7.75093,-0.0457566,-0.00167728,0.000786906,-0.000767394,0.999998,0.028932,7.05451,-0.0617844,-0.00192704,0.000571811,0.00171502,0.232,0.314,0.28,0.314
9576,0,0,0,0.3,0,0.0214227,7.75799,-0.0458185,-0.00167821,0.000787061,-0.000766686,0.999998,0.0289479,7.05742,-0.0618194,-0.00197501,0.00030096,0.00116534,0.314,0.296,0.286,0.242
9577,0,0,0,0.3,0,0.0214517,7.76505,-0.0458803,-0.00167918,0.000787338,-0.000766226,0.999998,0.0289637,7.06032,-0.0618545,-0.00171097,0.000635986,0.000759224,0.322,0.25,0.34,0.226
9578,0,0,0,0.3,0,0.0214807,7.77211,-0.0459422,-0.00167986,0.00078751,-0.00076599,0.999998,0.0289795,7.06322,-0.0618895,-0.00122604,0.000146357,0.000196105,0.232,0.344,0.244,0.32
9579,0,0,0,0.3,0,0.0215097,7.77918,-0.0460041,-0.00168053,0.000787676,-0.000766059,0.999998,0.0289952,7.06612,-0.0619246,-0.00134533,0.000548321,-0.000335153,0.388,0.218,0.366,0.166
9580,0,0,0,0.3,0,0.0215387,7.78625,-0.0460661,-0.00168101,0.000787889,-0.000766311,0.999998,0.029011,7.06901,-0.0619596,-0.000678373,0.00016803,-0.000658204,0.208,0.34,0.252,0.34
9581,0,0,0,0.3,0,0.0215677,7.79332,-0.0461281,-0.00168136,0.000787916,-0.000766763,0.999998,0.0290268,7.0719,-0.0619946,-0.000798428,0.000165284,-0.00106194,0.364,0.256,0.324,0.196
9582,0,0,0,0.3,0,0.0215968,7.80039,-0.0461901,-0.00168165,0.000788074,-0.000767322,0.999998,0.0290425,7.0748,-0.0620296,-0.000215715,0.000240157,-0.00113675,0.268,0.286,0.306,0.28
9583,0,0,0,0.3,0,0.0216258,7.80747,-0.0462522,-0.0016816,0.00078805,-0.000767943,0.999998,0.0290583,7.07768,-0.0620647,0.000165258,-0.000131262,-0.00135278,0.274,0.322,0.262,0.282
9584,0,0,0,0.3,0,0.0216549,7.81455,-0.0463143,-0.00168149,0.000788149,-0.000768645,0.999998,0.0290741,7.08057,-0.0620996,0.000427313,0.000411032,-0.00138863,0.354,0.23,0.358,0.198
9585,0,0,0,0.3,0,0.021684,7.82164,-0.0463764,-0.00168103,0.000788283,-0.000769333,0.999998,0.0290899,7.08345,-0.0621346,0.00118606,9.04199e-05,-0.00141552,0.21,0.352,0.236,0.34
9586,0,0,0,0.3,0,0.0217131,7.82872,-0.0464386,-0.00168046,0.00078841,-0.000770078,0.999998,0.0291058,7.08633,-0.0621696,0.0010902,0.000514371,-0.00150616,0.39,0.228,0.354,0.166
9587,0,0,0,0.3,0,0.0217422,7.83581,-0.0465008,-0.00167975,0.000788715,-0.000770799,0.999998,0.0291216,7.08921,-0.0622045,0.00173225,0.000487374,-0.00141743,0.228,0.32,0.274,0.318
9588,0,0,0,0.3,0,0.0217714,7.8429,-0.046563,-0.00167887,0.000788905,-0.000771543,0.999998,0.0291375,7.09209,-0.0622393,0.00161973,0.000497685,-0.00154696,0.33,0.284,0.296,0.23
9589,0,0,0,0.3,0,0.0218005,7.85,-0.0466253,-0.00167807,0.000789322,-0.000772283,0.999998,0.0291533,7.09496,-0.0622742,0.00178871,0.000931554,-0.00139097,0.308,0.258,0.332,0.242
9590,0,0,0,0.3,0,0.0218297,7.8571,-0.0466876,-0.00167704,0.000789666,-0.000772941,0.999998,0.0291692,7.09784,-0.0623089,0.00208267,0.00054555,-0.00129618,0.242,0.344,0.244,0.312
9591,0,0,0,0.3,0,0.0218589,7.8642,-0.04675,-0.00167607,0.000790092,-0.000773544,0.999998,0.0291851,7.1007,-0.0623437,0.00195516,0.00113787,-0.00107714,0.38,0.22,0.364,0.174
9592,0,0,0,0.3,0,0.0218881,7.8713,-0.0468123,-0.00167491,0.000790648,-0.00077397,0.999998,0.029201,7.10357,-0.0623784,0.00259397,0.000940635,-0.000714843,0.202,0.344,0.248,0.346
9593,0,0,0,0.3,0,0.0219173,7.87841,-0.0468748,-0.00167365,0.000791139,-0.000774254,0.999998,0.0292169,7.10644,-0.062413,0.00236926,0.00121378,-0.00041968,0.37,0.246,0.336,0.188
9594,0,0,0,0.3,0,0.0219465,7.88551,-0.0469372,-0.00167238,0.000791848,-0.000774295,0.999998,0.0292328,7.1093,-0.0624476,0.00280902,0.00134857,0.00017855,0.256,0.292,0.3,0.29
9595,0,0,0,0.3,0,0.0219758,7.89263,-0.0469997,-0.00167092,0.000792385,-0.000774096,0.999998,0.0292487,7.11216,-0.0624822,0.00282879,0.00100211,0.000523023,0.286,0.314,0.27,0.268
9596,0,0,0,0.3,0,0.022005,7.89974,-0.0470622,-0.00166957,0.000792999,-0.000773732,0.999998,0.0292646,7.11502,-0.0625166,0.00278955,0.00131937,0.000910939,0.34,0.236,0.354,0.21
9597,0,0,0,0.3,0,0.0220343,7.90686,-0.0471248,-0.00166803,0.000793488,-0.000773197,0.999998,0.0292804,7.11787,-0.0625511,0.00318844,0.000648165,0.00112352,0.21,0.352,0.238,0.34
9598,0,0,0,0.3,0,0.0220636,7.91398,-0.0471873,-0.00166655,0.000793796,-0.000772617,0.999998,0.0292962,7.12072,-0.0625854,0.00284486,0.000708215,0.00122831,0.388,0.224,0.358,0.17
9599,0,0,0,0.3,0,0.0220929,7.9211,-0.04725,-0.00166502,0.000794061,-0.000771937,0.999998,0.029312,7.12357,-0.0626198,0.00325098,0.00020811,0.00141349,0.216,0.33,0.264,0.33
9600,0,0,0,0.3,0,0.0221222,7.92823,-0.0473126,-0.00166349,0.000794011,-0.000771272,0.999998,0.0293278,7.12642,-0.062654,0.0027831,-0.000131177,0.00125118,0.338,0.278,0.304,0.22
9601,0,0,0,0.3,0,0.0221516,7.93536,-0.0473753,-0.0016622,0.000794021,-0.000770658,0.999998,0.0293436,7.12927,-0.0626882,0.00258895,-4.88556e-06,0.00122209,0.292,0.266,0.326,0.256
9602,0,0,0,0.3,0,0.0221809,7.94249,-0.047438,-0.00166095,0.000793844,-0.000770104,0.999998,0.0293593,7.13211,-0.0627223,0.00223456,-0.000556515,0.000971785,0.25,0.336,0.25,0.304
9603,0,0,0,0.3,0,0.0222103,7.94963,-0.0475008,-0.00166011,0.000793658,-0.000769687,0.999998,0.029375,7.13495,-0.0627564,0.00137868,-0.000196023,0.000774816,0.376,0.22,0.366,0.178
9604,0,0,0,0.3,0,0.0222397,7.95676,-0.0475636,-0.00165947,0.000793455,-0.000769344,0.999998,0.0293907,7.13779,-0.0627905,0.00110942,-0.000693789,0.000560862,0.202,0.346,0.246,0.344
9605,0,0,0,0.3,0,0.0222691,7.9639,-0.0476264,-0.00165924,0.000793085,-0.000769188,0.999998,0.0294064,7.14063,-0.0628245,-6.38002e-05,-0.00059067,0.000148499,0.38,0.238,0.344,0.178
9606,0,0,0,0.3,0,0.0222985,7.97105,-0.0476893,-0.00165942,0.000792831,-0.000769173,0.999998,0.029422,7.14347,-0.0628586,-0.000463859,-0.000650745,-7.1556e-05,0.246,0.304,0.29,0.3
9607,0,0,0,0.3,0,0.022328,7.97819,-0.0477521,-0.00165983,0.000792346,-0.000769349,0.999998,0.0294377,7.1463,-0.0628926,-0.00126933,-0.00105835,-0.000597884,0.298,0.302,0.28,0.258
9608,0,0,0,0.3,0,0.0223574,7.98534,-0.0478151,-0.0016607,0.000791905,-0.000769775,0.999998,0.0294534,7.14913,-0.0629266,-0.00190105,-0.000845445,-0.00100405,0.336,0.24,0.348,0.216
9609,0,0,0,0.3,0,0.0223869,7.9925,-0.047878,-0.00166168,0.000791304,-0.000770405,0.999998,0.029469,7.15196,-0.0629607,-0.00213835,-0.00148755,-0.00150099,0.226,0.352,0.236,0.326
9610,0,0,0,0.3,0,0.0224164,7.99965,-0.047941,-0.00166301,0.000790612,-0.000771325,0.999998,0.0294847,7.15479,-0.0629947,-0.00299049,-0.00118583,-0.00205108,0.392,0.222,0.362,0.164
9611,0,0,0,0.3,0,0.0224459,8.00681,-0.0480041,-0.00166451,0.000790013,-0.000772463,0.999998,0.0295004,7.15761,-0.0630288,-0.00296107,-0.0013767,-0.0024613,0.216,0.332,0.26,0.332
9612,0,0,0,0.3,0,0.0224754,8.01397,-0.0480671,-0.00166615,0.000789311,-0.000773843,0.999998,0.0295161,7.16043,-0.0630629,-0.00365108,-0.0012149,-0.00294184,0.35,0.266,0.314,0.21
9613,0,0,0,0.3,0,0.0225049,8.02113,-0.0481302,-0.00166806,0.000788857,-0.000775344,0.999998,0.0295319,7.16325,-0.063097,-0.00374658,-0.00085593,-0.00299459,0.286,0.274,0.316,0.264
9614,0,0,0,0.3,0,0.0225345,8.0283,-0.0481933,-0.00166992,0.000788326,-0.000776866,0.999998,0.0295477,7.16606,-0.0631311,-0.00386626,-0.00112128,-0.0030966,0.264,0.332,0.252,0.29
9615,0,0,0,0.3,0,0.022564,8.03547,-0.0482565,-0.00167199,0.000787938,-0.000778413,0.999998,0.0295635,7.16888,-0.0631653,-0.00418565,-0.000516309,-0.00302188,0.368,0.224,0.36,0.186
9616,0,0,0,0.3,0,0.0225936,8.04264,-0.0483197,-0.00167396,0.000787654,-0.00077987,0.999998,0.0295794,7.17169,-0.0631996,-0.00384405,-0.000690089,-0.00285458,0.208,0.348,0.242,0.342
9617,0,0,0,0.3,0,0.0226232,8.04981,-0.0483829,-0.00167601,0.000787408,-0.000781257,0.999998,0.0295953,7.1745,-0.0632338,-0.00429133,-0.000158316,-0.0026404,0.384,0.232,0.35,0.174
9618,0,0,0,0.3,0,0.0226528,8.05699,-0.0484462,-0.00167808,0.000787466,-0.00078242,0.999998,0.0296112,7.17731,-0.0632682,-0.00392332,0.000125415,-0.00206998,0.236,0.31,0.284,0.31
9619,0,0,0,0.3,0,0.0226825,8.06417,-0.0485095,-0.00168003,0.000787499,-0.000783336,0.999998,0.0296272,7.18011,-0.0633025,-0.00407314,0.000191587,-0.00164844,0.316,0.296,0.286,0.242
9620,0,0,0,0.3,0,0.0227121,8.07135,-0.0485729,-0.0016821,0.000787781,-0.000783994,0.999998,0.0296432,7.18291,-0.0633369,-0.00397034,0.000722261,-0.00102184,0.324,0.25,0.34,0.226
9621,0,0,0,0.3,0,0.0227418,8.07854,-0.0486362,-0.00168393,0.000788036,-0.000784358,0.999998,0.0296591,7.18571,-0.0633714,-0.00359818,0.000371039,-0.000549141,0.232,0.342,0.246,0.322
9622,0,0,0,0.3,0,0.0227714,8.08573,-0.0486996,-0.00168581,0.000788353,-0.000784511,0.999998,0.0296751,7.18851,-0.0634059,-0.00375113,0.000931403,-5.64291e-05,0.384,0.216,0.368,0.172
9623,0,0,0,0.3,0,0.0228011,8.09292,-0.0487631,-0.00168749,0.000788815,-0.000784346,0.999998,0.0296911,7.19131,-0.0634404,-0.00306511,0.000759903,0.000603761,0.21,0.338,0.254,0.338
9624,0,0,0,0.3,0,0.0228308,8.10011,-0.0488265,-0.00168902,0.000789181,-0.000783915,0.999998,0.029707,7.19411,-0.0634749,-0.00312241,0.000910654,0.00107342,0.362,0.258,0.322,0.196
9625,0,0,0,0.3,0,0.0228606,8.10731,-0.0488901,-0.00169046,0.000789753,-0.00078321,0.999998,0.029723,7.1969,-0.0635095,-0.00250998,0.00113284,0.00166964,0.268,0.282,0.31,0.278
9626,0,0,0,0.3,0,0.0228903,8.11451,-0.0489536,-0.00169154,0.000790205,-0.000782283,0.999998,0.0297389,7.19969,-0.0635441,-0.00207207,0.00085042,0.00195781,0.272,0.318,0.266,0.284
9627,0,0,0,0.3,0,0.02292,8.12171,-0.0490172,-0.00169254,0.000790763,-0.00078121,0.999998,0.0297547,7.20248,-0.0635787,-0.0017587,0.00127138,0.00234156,0.354,0.228,0.36,0.196
9628,0,0,0,0.3,0,0.0229498,8.12892,-0.0490808,-0.00169316,0.000791262,-0.000779937,0.999998,0.0297706,7.20526,-0.0636133,-0.000927648,0.000726197,0.0026469,0.208,0.352,0.238,0.34
9629,0,0,0,0.3,0,0.0229796,8.13612,-0.0491444,-0.00169362,0.000791629,-0.000778595,0.999998,0.0297864,7.20804,-0.0636479,-0.000889049,0.000882522,0.00273396,0.388,0.23,0.352,0.168
9630,0,0,0,0.3,0,0.0230094,8.14334,-0.0492081,-0.00169386,0.000792027,-0.000777182,0.999998,0.0298021,7.21082,-0.0636826,-5.62415e-05,0.000531614,0.002865,0.226,0.318,0.274,0.32
9631,0,0,0,0.3,0,0.0230392,8.15055,-0.0492718,-0.00169381,0.000792126,-0.000775799,0.999998,0.0298178,7.2136,-0.0637171,6.66504e-05,0.000137693,0.00267854,0.324,0.284,0.298,0.234
9632,0,0,0,0.3,0,0.0230691,8.15777,-0.0493356,-0.00169373,0.000792242,-0.000774459,0.999998,0.0298334,7.21637,-0.0637517,0.000414344,0.000167993,0.00271913,0.306,0.252,0.338,0.244
9633,0,0,0,0.3,0,0.0230989,8.16498,-0.0493994,-0.00169336,0.0007921,-0.000773104,0.999998,0.029849,7.21915,-0.0637863,0.000815142,-0.000569303,0.00265574,0.236,0.336,0.25,0.316
9634,0,0,0,0.3,0,0.0231288,8.17221,-0.0494632,-0.00169301,0.000791851,-0.000771806,0.999998,0.0298646,7.22192,-0.0638208,0.000712624,-0.000389486,0.0025883,0.376,0.218,0.366,0.178
9635,0,0,0,0.3,0,0.0231586,8.17943,-0.049527,-0.00169247,0.000791536,-0.000770533,0.999998,0.0298801,7.22468,-0.0638553,0.00135943,-0.000944849,0.00243674,0.202,0.344,0.248,0.344
9636,0,0,0,0.3,0,0.0231885,8.18666,-0.0495909,-0.00169182,0.000790988,-0.000769472,0.999998,0.0298955,7.22745,-0.0638897,0.00118303,-0.00101859,0.00186735,0.37,0.25,0.332,0.188
9637,0,0,0,0.3,0,0.0232185,8.19389,-0.0496549,-0.00169113,0.000790506,-0.000768691,0.999998,0.029911,7.23021,-0.0639242,0.00165784,-0.00111582,0.00129816,0.26,0.294,0.298,0.288
9638,0,0,0,0.3,0,0.0232484,8.20112,-0.0497188,-0.00169024,0.000789768,-0.000768301,0.999998,0.0299264,7.23297,-0.0639585,0.00170154,-0.00159237,0.000330161,0.286,0.316,0.268,0.27
9639,0,0,0,0.3,0,0.0232783,8.20836,-0.0497828,-0.00168946,0.000789097,-0.000768396,0.999998,0.0299418,7.23572,-0.0639929,0.00161409,-0.00119467,-0.000546943,0.348,0.234,0.354,0.204
9640,0,0,0,0.3,0,0.0233083,8.2156,-0.0498468,-0.00168853,0.00078839,-0.000768906,0.999998,0.0299572,7.23848,-0.0640272,0.00188716,-0.0016045,-0.00142439,0.214,0.35,0.238,0.336
9641,0,0,0,0.3,0,0.0233383,8.22284,-0.0499109,-0.00168774,0.000787678,-0.000769866,0.999998,0.0299726,7.24123,-0.0640614,0.0013696,-0.00115946,-0.00223354,0.39,0.226,0.356,0.168
9642,0,0,0,0.3,0,0.0233682,8.23008,-0.049975,-0.00168699,0.000787129,-0.000771123,0.999998,0.029988,7.24398,-0.0640957,0.00165265,-0.00124684,-0.00274148,0.22,0.33,0.262,0.326
9643,0,0,0,0.3,0,0.0233982,8.23733,-0.0500391,-0.00168625,0.000786446,-0.000772677,0.999998,0.0300035,7.24672,-0.0641298,0.00119173,-0.0012639,-0.00337704,0.338,0.28,0.302,0.22
9644,0,0,0,0.3,0,0.0234283,8.24458,-0.0501033,-0.00168573,0.000785974,-0.000774461,0.999998,0.030019,7.24947,-0.064164,0.00108368,-0.000871109,-0.00367066,0.3,0.264,0.328,0.248
9645,0,0,0,0.3,0,0.0234583,8.25183,-0.0501675,-0.00168519,0.000785417,-0.000776373,0.999998,0.0300345,7.25221,-0.0641981,0.000885829,-0.00123707,-0.00395116,0.252,0.336,0.248,0.302
9646,0,0,0,0.3,0,0.0234883,8.25908,-0.0502317,-0.00168497,0.000784942,-0.000778373,0.999998,0.0300501,7.25495,-0.0642322,0.000209959,-0.00071956,-0.00395864,0.374,0.224,0.362,0.18
9647,0,0,0,0.3,0,0.0235184,8.26634,-0.050296,-0.00168485,0.000784525,-0.000780287,0.999998,0.0300657,7.25768,-0.0642663,0.000235175,-0.00104904,-0.0037471,0.206,0.35,0.242,0.342
9648,0,0,0,0.3,0,0.0235485,8.2736,-0.0503603,-0.00168493,0.000784033,-0.000782112,0.999998,0.0300814,7.26042,-0.0643003,-0.000518902,-0.000753529,-0.00351801,0.378,0.244,0.338,0.18
9649,0,0,0,0.3,0,0.0235786,8.28087,-0.0504246,-0.00168522,0.000783751,-0.000783712,0.999998,0.0300971,7.26315,-0.0643343,-0.000520449,-0.000613055,-0.00293902,0.25,0.3,0.294,0.296
9650,0,0,0,0.3,0,0.0236087,8.28813,-0.050489,-0.00168556,0.000783368,-0.000785052,0.999998,0.0301129,7.26588,-0.0643684,-0.00100142,-0.00073156,-0.0024789,0.3,0.304,0.28,0.256
9651,0,0,0,0.3,0,0.0236388,8.2954,-0.0505534,-0.00168624,0.000783171,-0.000786096,0.999998,0.0301287,7.2686,-0.0644024,-0.00144519,-0.000235384,-0.00172405,0.336,0.238,0.35,0.214
9652,0,0,0,0.3,0,0.023669,8.30267,-0.0506178,-0.00168694,0.000782928,-0.000786734,0.999998,0.0301445,7.27133,-0.0644364,-0.00150972,-0.000692656,-0.000964707,0.22,0.346,0.242,0.332
9653,0,0,0,0.3,0,0.0236991,8.30995,-0.0506823,-0.0016879,0.000782672,-0.000787015,0.999998,0.0301603,7.27405,-0.0644705,-0.00212927,-0.000260171,-0.000196915,0.386,0.222,0.362,0.172
9654,0,0,0,0.3,0,0.0237293,8.31722,-0.0507468,-0.00168888,0.000782517,-0.000786853,0.999998,0.0301761,7.27677,-0.0645045,-0.00179041,-0.000522983,0.000690808,0.212,0.33,0.262,0.334
9655,0,0,0,0.3,0,0.0237595,8.3245,-0.0508113,-0.00168984,0.000782192,-0.000786344,0.999998,0.0301919,7.27948,-0.0645386,-0.00211559,-0.000542708,0.00126978,0.35,0.264,0.316,0.208
9656,0,0,0,0.3,0,0.0237897,8.33178,-0.0508759,-0.00169089,0.000782036,-0.00078552,0.999998,0.0302076,7.2822,-0.0645727,-0.00192052,-0.000315712,0.00194129,0.286,0.268,0.324,0.262
9657,0,0,0,0.3,0,0.0238199,8.33907,-0.0509405,-0.00169177,0.000781727,-0.000784443,0.999998,0.0302234,7.28491,-0.0646067,-0.00182838,-0.000744799,0.00226436,0.258,0.326,0.26,0.296
9658,0,0,0,0.3,0,0.0238502,8.34636,-0.0510052,-0.00169277,0.000781494,-0.000783242,0.999998,0.0302391,7.28763,-0.0646408,-0.00193537,-0.000240247,0.00255238,0.368,0.224,0.364,0.186
9659,0,0,0,0.3,0,0.0238804,8.35365,-0.0510698,-0.00169353,0.000781304,-0.000781902,0.999998,0.0302547,7.29034,-0.0646749,-0.0012567,-0.000585968,0.00271205,0.208,0.35,0.242,0.34
9660,0,0,0,0.3,0,0.0239107,8.36094,-0.0511345,-0.00169417,0.000781041,-0.000780593,0.999998,0.0302703,7.29304,-0.064709,-0.00124642,-0.000300673,0.00256268,0.38,0.236,0.346,0.178
9661,0,0,0,0.3,0,0.023941,8.36824,-0.0511993,-0.00169457,0.000780937,-0.000779332,0.999998,0.0302859,7.29575,-0.0647431,-0.000349018,-0.000348095,0.00247074,0.232,0.312,0.282,0.316
9662,0,0,0,0.3,0,0.0239713,8.37553,-0.0512641,-0.00169459,0.000780624,-0.000778199,0.999998,0.0303014,7.29846,-0.0647772,7.66815e-05,-0.00066176,0.00209536,0.308,0.3,0.282,0.25
9663,0,0,0,0.3,0,0.0240016,8.38284,-0.0513289,-0.00169444,0.000780387,-0.000777222,0.999998,0.0303169,7.30116,-0.0648113,0.000645077,-0.000457163,0.00187489,0.322,0.248,0.342,0.228
9664,0,0,0,0.3,0,0.0240319,8.39014,-0.0513937,-0.00169389,0.000779985,-0.000776391,0.999998,0.0303323,7.30385,-0.0648454,0.0012772,-0.00103141,0.00143835,0.228,0.346,0.242,0.324
9665,0,0,0,0.3,0,0.0240623,8.39745,-0.0514586,-0.00169332,0.000779563,-0.000775827,0.999998,0.0303477,7.30655,-0.0648794,0.00110139,-0.000604612,0.000933736,0.388,0.22,0.364,0.168
9666,0,0,0,0.3,0,0.0240927,8.40475,-0.0515235,-0.00169264,0.000779235,-0.000775468,0.999998,0.0303631,7.30925,-0.0649134,0.00154553,-0.000857345,0.000509557,0.21,0.34,0.252,0.338
9667,0,0,0,0.3,0,0.024123,8.41207,-0.0515885,-0.00169197,0.000778776,-0.000775395,0.999998,0.0303785,7.31194,-0.0649474,0.00107399,-0.000768882,-0.000120598,0.358,0.262,0.318,0.202
9668,0,0,0,0.3,0,0.0241534,8.41938,-0.0516534,-0.00169145,0.000778511,-0.00077556,0.999998,0.0303939,7.31463,-0.0649813,0.00114959,-0.000516406,-0.000467268,0.274,0.28,0.312,0.274
9669,0,0,0,0.3,0,0.0241838,8.4267,-0.0517185,-0.00169087,0.000778174,-0.000775917,0.999998,0.0304093,7.31731,-0.0650152,0.000976544,-0.000658047,-0.000929356,0.272,0.322,0.262,0.282
9670,0,0,0,0.3,0,0.0242143,8.43402,-0.0517835,-0.00169055,0.00077806,-0.000776466,0.999998,0.0304247,7.32,-0.065049,0.00053976,5.73976e-05,-0.00116408,0.36,0.228,0.358,0.194
9671,0,0,0,0.3,0,0.0242447,8.44134,-0.0518486,-0.00169023,0.000778033,-0.000777086,0.999998,0.0304401,7.32268,-0.0650829,0.000612678,-0.000215236,-0.00134792,0.21,0.35,0.24,0.342
9672,0,0,0,0.3,0,0.0242752,8.44867,-0.0519137,-0.00169012,0.000778038,-0.000777843,0.999998,0.0304555,7.32536,-0.0651167,-6.31815e-05,0.000342019,-0.00159666,0.384,0.228,0.354,0.174
9673,0,0,0,0.3,0,0.0243056,8.45599,-0.0519789,-0.00169012,0.000778319,-0.00077864,0.999998,0.0304709,7.32804,-0.0651505,0.000108881,0.000531244,-0.00160538,0.23,0.318,0.274,0.316
9674,0,0,0,0.3,0,0.0243361,8.46333,-0.052044,-0.00169014,0.000778578,-0.000779502,0.999998,0.0304863,7.33071,-0.0651843,-0.000316465,0.0006919,-0.00182562,0.324,0.292,0.292,0.234
9675,0,0,0,0.3,0,0.0243666,8.47066,-0.0521093,-0.00169039,0.000779124,-0.000780437,0.999998,0.0305018,7.33338,-0.0652181,-0.000458708,0.00124853,-0.00188661,0.314,0.256,0.334,0.234
9676,0,0,0,0.3,0,0.0243971,8.47799,-0.0521745,-0.00169058,0.000779636,-0.000781428,0.999998,0.0305172,7.33605,-0.0652518,-0.00046538,0.000863919,-0.00209884,0.238,0.344,0.242,0.316
9677,0,0,0,0.3,0,0.0244277,8.48533,-0.0522398,-0.00169099,0.000780158,-0.000782521,0.999998,0.0305327,7.33872,-0.0652855,-0.000981046,0.00121595,-0.00218719,0.384,0.222,0.364,0.17
9678,0,0,0,0.3,0,0.0244582,8.49267,-0.0523051,-0.0016914,0.000780683,-0.000783571,0.999998,0.0305483,7.34139,-0.0653193,-0.000730941,0.000776711,-0.00205304,0.208,0.34,0.252,0.34
9679,0,0,0,0.3,0,0.0244888,8.50002,-0.0523705,-0.00169191,0.000781027,-0.00078458,0.999998,0.0305638,7.34405,-0.065353,-0.00131053,0.000810455,-0.00194768,0.368,0.25,0.332,0.19
9680,0,0,0,0.3,0,0.0245194,8.50737,-0.0524359,-0.00169259,0.000781492,-0.000785426,0.999998,0.0305793,7.34671,-0.0653867,-0.00123694,0.000803644,-0.001467,0.26,0.29,0.302,0.286
9681,0,0,0,0.3,0,0.0245499,8.51472,-0.0525013,-0.00169321,0.000781716,-0.000786064,0.999998,0.0305949,7.34937,-0.0654205,-0.00142965,0.000287707,-0.00115006,0.28,0.318,0.266,0.274
9682,0,0,0,0.3,0,0.0245806,8.52207,-0.0525667,-0.00169403,0.000781926,-0.000786527,0.999998,0.0306105,7.35203,-0.0654542,-0.00160552,0.000455932,-0.000705354,0.346,0.232,0.358,0.206
9683,0,0,0,0.3,0,0.0246112,8.52942,-0.0526322,-0.00169471,0.000781955,-0.000786764,0.999998,0.0306261,7.35469,-0.065488,-0.00127577,-0.000304017,-0.000340752,0.212,0.352,0.238,0.338
9684,0,0,0,0.3,0,0.0246418,8.53678,-0.0526977,-0.00169548,0.000781775,-0.000786869,0.999998,0.0306417,7.35734,-0.0655217,-0.00171036,-0.000268774,-6.17446e-05,0.388,0.228,0.356,0.168
9685,0,0,0,0.3,0,0.0246725,8.54414,-0.0527633,-0.00169626,0.000781571,-0.000786787,0.999998,0.0306572,7.35999,-0.0655555,-0.00137981,-0.000714641,0.000306948,0.222,0.324,0.27,0.324
9686,0,0,0,0.3,0,0.0247032,8.5515,-0.0528289,-0.00169703,0.000781052,-0.000786616,0.999998,0.0306728,7.36264,-0.0655893,-0.00182126,-0.00108636,0.000371115,0.334,0.28,0.302,0.224
9687,0,0,0,0.3,0,0.0247338,8.55887,-0.0528945,-0.00169803,0.000780553,-0.000786365,0.999998,0.0306884,7.36529,-0.0656231,-0.00195598,-0.00109329,0.000641419,0.304,0.262,0.33,0.244
9688,0,0,0,0.3,0,0.0247645,8.56624,-0.0529602,-0.001699,0.000779801,-0.000786008,0.999998,0.0307039,7.36793,-0.0656569,-0.00208495,-0.00172826,0.000734846,0.248,0.336,0.25,0.306
9689,0,0,0,0.3,0,0.0247953,8.57361,-0.0530259,-0.00170023,0.000779022,-0.000785622,0.999998,0.0307194,7.37058,-0.0656907,-0.00261982,-0.00139479,0.000863782,0.376,0.222,0.364,0.178
9690,0,0,0,0.3,0,0.024826,8.58098,-0.0530916,-0.00170147,0.000778238,-0.000785125,0.999998,0.0307349,7.37322,-0.0657245,-0.00238612,-0.00181444,0.00107383,0.206,0.344,0.248,0.342
9691,0,0,0,0.3,0,0.0248568,8.58836,-0.0531573,-0.00170279,0.000777318,-0.000784569,0.999998,0.0307504,7.37586,-0.0657584,-0.00288585,-0.00168593,0.00118945,0.374,0.242,0.34,0.184
9692,0,0,0,0.3,0,0.0248875,8.59573,-0.0532231,-0.0017042,0.00077651,-0.000783879,0.999998,0.0307658,7.37849,-0.0657923,-0.0026122,-0.00177568,0.00153616,0.25,0.298,0.296,0.298
9693,0,0,0,0.3,0,0.0249183,8.60312,-0.053289,-0.00170548,0.00077545,-0.000783084,0.999998,0.0307813,7.38113,-0.0658262,-0.0027019,-0.00221695,0.00161229,0.294,0.308,0.276,0.264
9694,0,0,0,0.3,0,0.0249491,8.6105,-0.0533548,-0.00170689,0.000774449,-0.000782246,0.999998,0.0307966,7.38376,-0.0658601,-0.00270892,-0.00190805,0.00176776,0.34,0.24,0.348,0.212
9695,0,0,0,0.3,0,0.0249799,8.61788,-0.0534207,-0.0017081,0.000773356,-0.000781355,0.999998,0.030812,7.38638,-0.065894,-0.0023318,-0.00239462,0.00174599,0.222,0.35,0.24,0.33
9696,0,0,0,0.3,0,0.0250107,8.62527,-0.0534866,-0.00170938,0.000772257,-0.000780536,0.999998,0.0308273,7.38901,-0.065928,-0.00265223,-0.0019163,0.00160552,0.392,0.22,0.364,0.166
9697,0,0,0,0.3,0,0.0250416,8.63267,-0.0535526,-0.00171058,0.000771331,-0.000779733,0.999998,0.0308426,7.39163,-0.0659619,-0.0021696,-0.00197123,0.00159702,0.216,0.33,0.262,0.33
9698,0,0,0,0.3,0,0.0250724,8.64006,-0.0536186,-0.00171171,0.00077033,-0.000778989,0.999998,0.0308579,7.39425,-0.0659959,-0.00242861,-0.00181359,0.00143268,0.344,0.272,0.31,0.214
9699,0,0,0,0.3,0,0.0251033,8.64746,-0.0536846,-0.0017129,0.000769587,-0.000778249,0.999998,0.0308731,7.39687,-0.0660299,-0.00214066,-0.0014097,0.00155698,0.286,0.27,0.32,0.262
9700,0,0,0,0.3,0,0.0251342,8.65486,-0.0537507,-0.00171384,0.000768762,-0.000777471,0.999998,0.0308884,7.39949,-0.0660639,-0.00185828,-0.00174193,0.00152985,0.254,0.328,0.256,0.3
9701,0,0,0,0.3,0,0.0251651,8.66226,-0.0538168,-0.00171482,0.000768045,-0.000776703,0.999998,0.0309035,7.40211,-0.066098,-0.00189764,-0.00117431,0.00160327,0.368,0.222,0.364,0.186
9702,0,0,0,0.3,0,0.025196,8.66966,-0.0538829,-0.0017156,0.000767419,-0.000775872,0.999998,0.0309187,7.40472,-0.066132,-0.0013526,-0.0014105,0.00165929,0.206,0.348,0.244,0.342
9703,0,0,0,0.3,0,0.025227,8.67707,-0.0539491,-0.00171636,0.000766772,-0.000775098,0.999998,0.0309338,7.40733,-0.066166,-0.00166792,-0.00102601,0.00148895,0.38,0.236,0.346,0.178
9704,0,0,0,0.3,0,0.0252579,8.68448,-0.0540153,-0.0017171,0.000766334,-0.000774373,0.999998,0.0309489,7.40994,-0.0662001,-0.00123773,-0.000967106,0.00140526,0.242,0.306,0.288,0.304
9705,0,0,0,0.3,0,0.0252889,8.69189,-0.0540815,-0.0017177,0.000765753,-0.00077378,0.999998,0.030964,7.41254,-0.0662341,-0.00131643,-0.00111446,0.000993389,0.306,0.302,0.28,0.25
9706,0,0,0,0.3,0,0.0253198,8.69931,-0.0541478,-0.00171839,0.000765351,-0.000773384,0.999998,0.030979,7.41515,-0.0662681,-0.00123758,-0.000679164,0.000669508,0.328,0.248,0.342,0.222
9707,0,0,0,0.3,0,0.0253508,8.70673,-0.0542141,-0.00171887,0.000764884,-0.000773173,0.999998,0.0309941,7.41775,-0.0663022,-0.000859356,-0.00112995,0.000188911,0.228,0.346,0.242,0.324
9708,0,0,0,0.3,0,0.0253819,8.71415,-0.0542804,-0.00171939,0.000764401,-0.000773223,0.999998,0.0310091,7.42035,-0.0663362,-0.00109719,-0.000758328,-0.000256996,0.386,0.22,0.364,0.17
9709,0,0,0,0.3,0,0.0254129,8.72157,-0.0543468,-0.0017198,0.000763982,-0.000773413,0.999998,0.0310241,7.42294,-0.0663702,-0.000586542,-0.00105905,-0.00048446,0.212,0.338,0.254,0.336
9710,0,0,0,0.3,0,0.0254439,8.72899,-0.0544132,-0.00172014,0.000763417,-0.000773757,0.999998,0.0310391,7.42554,-0.0664043,-0.000864676,-0.000978831,-0.000812851,0.356,0.262,0.318,0.204
9711,0,0,0,0.3,0,0.025475,8.73642,-0.0544796,-0.00172054,0.000763067,-0.000774186,0.999998,0.0310542,7.42813,-0.0664383,-0.000573648,-0.000663446,-0.000864953,0.276,0.278,0.312,0.272
9712,0,0,0,0.3,0,0.025506,8.74385,-0.0545461,-0.00172075,0.000762642,-0.000774667,0.999998,0.0310692,7.43072,-0.0664724,-0.000474388,-0.000882443,-0.00105878,0.264,0.322,0.262,0.29
9713,0,0,0,0.3,0,0.0255371,8.75129,-0.0546126,-0.00172107,0.000762375,-0.00077522,0.999998,0.0310842,7.43331,-0.0665064,-0.000604575,-0.00030714,-0.00108253,0.358,0.226,0.36,0.196
9714,0,0,0,0.3,0,0.0255682,8.75872,-0.0546792,-0.00172123,0.00076216,-0.000775753,0.999998,0.0310993,7.4359,-0.0665404,-0.000197238,-0.000600629,-0.00110431,0.21,0.35,0.24,0.338
9715,0,0,0,0.3,0,0.0255993,8.76616,-0.0547457,-0.00172145,0.000761926,-0.00077637,0.999998,0.0311143,7.43848,-0.0665744,-0.000622758,-0.000210837,-0.00131095,0.388,0.232,0.35,0.17
9716,0,0,0,0.3,0,0.0256305,8.7736,-0.0548123,-0.0017217,0.000761883,-0.000777054,0.999998,0.0311294,7.44106,-0.0666084,-0.000325475,-0.000185286,-0.00144104,0.232,0.316,0.276,0.314
9717,0,0,0,0.3,0,0.0256616,8.78105,-0.054879,-0.00172191,0.000761717,-0.000777886,0.999998,0.0311445,7.44364,-0.0666424,-0.000658479,-0.000267966,-0.00183868,0.32,0.294,0.29,0.238
9718,0,0,0,0.3,0,0.0256928,8.78849,-0.0549457,-0.00172231,0.000761729,-0.000778852,0.999998,0.0311595,7.44622,-0.0666763,-0.000723357,9.25136e-05,-0.00195168,0.318,0.254,0.338,0.232
9719,0,0,0,0.3,0,0.0257239,8.79594,-0.0550124,-0.00172259,0.000761616,-0.000779852,0.999998,0.0311747,7.44879,-0.0667103,-0.000620102,-0.000464894,-0.00206062,0.236,0.344,0.244,0.316
9720,0,0,0,0.3,0,0.0257551,8.80339,-0.0550791,-0.00172306,0.000761458,-0.000780889,0.999998,0.0311898,7.45136,-0.0667443,-0.00105083,-0.000132839,-0.0020074,0.384,0.22,0.364,0.172
9721,0,0,0,0.3,0,0.0257863,8.81085,-0.0551459,-0.00172348,0.00076132,-0.000781806,0.999998,0.031205,7.45393,-0.0667783,-0.000694892,-0.000541693,-0.00171698,0.208,0.34,0.252,0.34
9722,0,0,0,0.3,0,0.0258176,8.8183,-0.0552127,-0.00172392,0.000760995,-0.000782608,0.999998,0.0312201,7.4565,-0.0668122,-0.00111737,-0.000539298,-0.00147448,0.364,0.254,0.326,0.196
9723,0,0,0,0.3,0,0.0258488,8.82576,-0.0552796,-0.00172446,0.000760806,-0.000783196,0.999998,0.0312353,7.45907,-0.0668462,-0.000859352,-0.000451764,-0.000924332,0.266,0.286,0.306,0.28
9724,0,0,0,0.3,0,0.02588,8.83322,-0.0553464,-0.00172483,0.000760446,-0.000783552,0.999998,0.0312505,7.46163,-0.0668802,-0.000822881,-0.000787814,-0.000577975,0.282,0.316,0.268,0.274
9725,0,0,0,0.3,0,0.0259113,8.84069,-0.0554134,-0.0017253,0.000760198,-0.000783723,0.999998,0.0312657,7.4642,-0.0669142,-0.000873908,-0.000329632,-0.000106068,0.352,0.232,0.356,0.2
9726,0,0,0,0.3,0,0.0259426,8.84815,-0.0554803,-0.00172558,0.000759921,-0.000783642,0.999998,0.0312809,7.46676,-0.0669481,-0.000430956,-0.000773065,0.000325003,0.21,0.352,0.238,0.34
9727,0,0,0,0.3,0,0.0259739,8.85562,-0.0555473,-0.00172587,0.000759597,-0.000783389,0.999998,0.0312961,7.46931,-0.066982,-0.000646791,-0.000419431,0.000696743,0.384,0.228,0.354,0.174
9728,0,0,0,0.3,0,0.0260052,8.8631,-0.0556143,-0.00172603,0.000759415,-0.000782876,0.999998,0.0313112,7.47187,-0.0670159,2.78702e-05,-0.000508707,0.00126691,0.222,0.32,0.272,0.324
9729,0,0,0,0.3,0,0.0260365,8.87057,-0.0556813,-0.00172598,0.000759089,-0.000782145,0.999998,0.0313264,7.47442,-0.0670499,5.95266e-06,-0.000549693,0.00160598,0.33,0.28,0.3,0.228
9730,0,0,0,0.3,0,0.0260679,8.87805,-0.0557484,-0.00172596,0.000758987,-0.000781212,0.999998,0.0313415,7.47697,-0.0670838,0.000223809,-7.47857e-05,0.00208582,0.306,0.258,0.334,0.242
9731,0,0,0,0.3,0,0.0260992,8.88553,-0.0558156,-0.00172575,0.000758865,-0.00078009,0.999998,0.0313565,7.47952,-0.0671176,0.00040733,-0.000304283,0.00230519,0.244,0.336,0.25,0.308
9732,0,0,0,0.3,0,0.0261306,8.89301,-0.0558827,-0.00172566,0.000758871,-0.000778902,0.999998,0.0313716,7.48207,-0.0671515,0.00011155,0.000287434,0.00247033,0.378,0.22,0.366,0.176
9733,0,0,0,0.3,0,0.026162,8.90049,-0.0559499,-0.00172547,0.000758966,-0.000777609,0.999998,0.0313866,7.48461,-0.0671853,0.000580967,-2.54788e-05,0.00262555,0.204,0.344,0.248,0.344
9734,0,0,0,0.3,0,0.0261934,8.90798,-0.0560171,-0.00172524,0.000758927,-0.000776318,0.999998,0.0314015,7.48715,-0.0672191,0.000314696,6.41574e-05,0.00257034,0.37,0.246,0.336,0.188
9735,0,0,0,0.3,0,0.0262248,8.91547,-0.0560844,-0.00172499,0.000758983,-0.000774994,0.999998,0.0314164,7.4897,-0.0672529,0.000810904,-6.41403e-05,0.00269981,0.252,0.296,0.298,0.294
9736,0,0,0,0.3,0,0.0262562,8.92296,-0.0561516,-0.0017245,0.000758763,-0.000773684,0.999998,0.0314313,7.49223,-0.0672867,0.000940511,-0.000567066,0.00251753,0.288,0.31,0.274,0.268
9737,0,0,0,0.3,0,0.0262877,8.93046,-0.056219,-0.00172405,0.000758554,-0.000772471,0.999998,0.0314461,7.49477,-0.0673204,0.00104086,-0.000383579,0.00238931,0.338,0.236,0.352,0.212
9738,0,0,0,0.3,0,0.0263191,8.93795,-0.0562863,-0.00172337,0.000758156,-0.000771338,0.999998,0.0314609,7.49731,-0.0673542,0.00149918,-0.00113593,0.00210285,0.216,0.348,0.242,0.336
9739,0,0,0,0.3,0,0.0263506,8.94545,-0.0563537,-0.00172271,0.000757587,-0.000770424,0.999998,0.0314756,7.49984,-0.0673878,0.0012223,-0.00100168,0.00164745,0.384,0.222,0.36,0.172
9740,0,0,0,0.3,0,0.0263821,8.95296,-0.0564211,-0.00172198,0.000757042,-0.00076971,0.999998,0.0314903,7.50237,-0.0674215,0.00169682,-0.00133061,0.00121546,0.218,0.33,0.262,0.328
9741,0,0,0,0.3,0,0.0264136,8.96046,-0.0564886,-0.00172118,0.000756302,-0.000769321,0.999998,0.031505,7.5049,-0.0674551,0.001385,-0.00138234,0.000424738,0.342,0.276,0.304,0.216
9742,0,0,0,0.3,0,0.0264451,8.96797,-0.0565561,-0.00172052,0.00075576,-0.000769311,0.999998,0.0315197,7.50742,-0.0674886,0.00144967,-0.00102002,-0.00028444,0.296,0.268,0.322,0.254
9743,0,0,0,0.3,0,0.0264767,8.97548,-0.0566236,-0.00171976,0.000755158,-0.000769703,0.999998,0.0315343,7.50994,-0.0675221,0.00139337,-0.00125363,-0.00120363,0.256,0.334,0.252,0.298
9744,0,0,0,0.3,0,0.0265082,8.98299,-0.0566911,-0.00171923,0.000754739,-0.000770537,0.999998,0.031549,7.51246,-0.0675556,0.000935252,-0.00048887,-0.00195383,0.372,0.224,0.362,0.182
9745,0,0,0,0.3,0,0.0265398,8.99051,-0.0567587,-0.0017187,0.000754534,-0.000771665,0.999998,0.0315637,7.51498,-0.0675891,0.00112016,-0.000474374,-0.00251179,0.21,0.348,0.244,0.34
9746,0,0,0,0.3,0,0.0265714,8.99802,-0.0568264,-0.0017183,0.000754421,-0.000773084,0.999998,0.0315784,7.51749,-0.0676225,0.000515345,0.000125257,-0.00302955,0.38,0.242,0.34,0.176
9747,0,0,0,0.3,0,0.0266029,9.00554,-0.056894,-0.00171803,0.000754634,-0.000774644,0.999998,0.0315932,7.52001,-0.0676559,0.000676317,0.000438422,-0.00317466,0.244,0.306,0.288,0.302
9748,0,0,0,0.3,0,0.0266346,9.01307,-0.0569617,-0.00171773,0.000754793,-0.000776295,0.999998,0.031608,7.52252,-0.0676893,0.000394179,0.000350976,-0.003393,0.3,0.306,0.278,0.256
9749,0,0,0,0.3,0,0.0266662,9.02059,-0.0570294,-0.00171763,0.000755117,-0.000777971,0.999998,0.0316228,7.52502,-0.0677227,0.00025405,0.000735916,-0.00324997,0.33,0.244,0.346,0.22
9750,0,0,0,0.3,0,0.0266978,9.02812,-0.0570972,-0.00171742,0.000755323,-0.000779526,0.999998,0.0316377,7.52753,-0.067756,0.000401864,0.000132554,-0.00302776,0.224,0.348,0.24,0.326
9751,0,0,0,0.3,0,0.0267295,9.03565,-0.057165,-0.00171739,0.000755425,-0.00078097,0.999998,0.0316526,7.53003,-0.0677893,-0.000157295,0.00033695,-0.00271466,0.388,0.222,0.362,0.168
9752,0,0,0,0.3,0,0.0267611,9.04318,-0.0572328,-0.00171743,0.000755532,-0.000782184,0.999998,0.0316675,7.53253,-0.0678226,1.65853e-05,-4.68557e-05,-0.00223173,0.214,0.338,0.256,0.332
9753,0,0,0,0.3,0,0.0267928,9.05072,-0.0573006,-0.00171756,0.000755411,-0.000783221,0.999998,0.0316825,7.53503,-0.0678559,-0.00061007,-0.000218451,-0.00192968,0.35,0.268,0.314,0.206
9754,0,0,0,0.3,0,0.0268245,9.05825,-0.0573685,-0.00171795,0.00075534,-0.000784035,0.999998,0.0316975,7.53753,-0.0678892,-0.000730102,-0.000289364,-0.00136459,0.284,0.276,0.316,0.264
9755,0,0,0,0.3,0,0.0268562,9.06579,-0.0574365,-0.00171835,0.000754963,-0.000784592,0.999998,0.0317125,7.54002,-0.0679224,-0.00102867,-0.00101993,-0.000940834,0.266,0.326,0.26,0.288
9756,0,0,0,0.3,0,0.0268879,9.07334,-0.0575044,-0.00171907,0.000754488,-0.000784914,0.999998,0.0317274,7.54251,-0.0679557,-0.00161754,-0.000893031,-0.000341391,0.364,0.224,0.364,0.19
9757,0,0,0,0.3,0,0.0269197,9.08088,-0.0575724,-0.00171986,0.000753887,-0.000784884,0.999998,0.0317424,7.545,-0.0679889,-0.00160332,-0.00152589,0.000349576,0.208,0.346,0.244,0.34
9758,0,0,0,0.3,0,0.0269514,9.08843,-0.0576404,-0.00172086,0.000753108,-0.000784543,0.999998,0.0317574,7.54749,-0.0680222,-0.00229756,-0.0013939,0.000986817,0.382,0.23,0.352,0.174
9759,0,0,0,0.3,0,0.0269832,9.09598,-0.0577085,-0.00172199,0.000752434,-0.000783822,0.999998,0.0317724,7.54998,-0.0680555,-0.00210193,-0.00151054,0.00178052,0.238,0.308,0.286,0.308
9760,0,0,0,0.3,0,0.027015,9.10353,-0.0577766,-0.00172307,0.000751534,-0.000782798,0.999998,0.0317873,7.55246,-0.0680889,-0.00235144,-0.00184963,0.00223267,0.314,0.296,0.288,0.242
9761,0,0,0,0.3,0,0.0270468,9.11109,-0.0578447,-0.00172428,0.000750677,-0.000781549,0.999998,0.0318022,7.55495,-0.0681222,-0.00226182,-0.00172806,0.00272319,0.318,0.252,0.34,0.232
9762,0,0,0,0.3,0,0.0270786,9.11864,-0.0579128,-0.00172524,0.000749615,-0.000780109,0.999998,0.0318171,7.55743,-0.0681555,-0.00180237,-0.00238351,0.00294916,0.23,0.342,0.246,0.322
9763,0,0,0,0.3,0,0.0271105,9.1262,-0.057981,-0.00172617,0.000748489,-0.000778604,0.999998,0.0318319,7.55991,-0.0681889,-0.00179407,-0.00204225,0.0031114,0.378,0.22,0.364,0.178
9764,0,0,0,0.3,0,0.0271423,9.13377,-0.0580493,-0.00172685,0.000747412,-0.000776977,0.999998,0.0318466,7.56238,-0.0682223,-0.00102244,-0.00237547,0.00332751,0.208,0.338,0.254,0.34
9765,0,0,0,0.3,0,0.0271742,9.14133,-0.0581175,-0.00172735,0.000746179,-0.000775334,0.999998,0.0318613,7.56485,-0.0682557,-0.00107911,-0.00232984,0.0032655,0.362,0.254,0.326,0.198
9766,0,0,0,0.3,0,0.027206,9.1489,-0.0581858,-0.00172781,0.000745119,-0.0007737,0.999998,0.031876,7.56733,-0.068289,-0.00061952,-0.00212507,0.00326403,0.274,0.278,0.312,0.276
9767,0,0,0,0.3,0,0.0272379,9.15647,-0.0582541,-0.00172803,0.000743954,-0.000772158,0.999998,0.0318906,7.56979,-0.0683224,-0.000493496,-0.00233878,0.00290203,0.272,0.318,0.266,0.284
9768,0,0,0,0.3,0,0.0272698,9.16404,-0.0583225,-0.00172833,0.000742999,-0.000770819,0.999998,0.0319051,7.57226,-0.0683557,-0.000510027,-0.00158097,0.00254806,0.352,0.232,0.356,0.202
9769,0,0,0,0.3,0,0.0273018,9.17162,-0.0583909,-0.0017284,0.000742231,-0.000769664,0.999998,0.0319196,7.57472,-0.0683891,9.04868e-05,-0.00155179,0.00207054,0.212,0.352,0.238,0.338
9770,0,0,0,0.3,0,0.0273337,9.17919,-0.0584593,-0.00172839,0.000741618,-0.000768824,0.999998,0.0319341,7.57718,-0.0684224,8.40101e-06,-0.000847428,0.00140449,0.386,0.228,0.354,0.172
9771,0,0,0,0.3,0,0.0273656,9.18677,-0.0585277,-0.00172821,0.000741307,-0.000768281,0.999998,0.0319485,7.57964,-0.0684557,0.000675902,-0.000648344,0.00081293,0.228,0.318,0.274,0.318
9772,0,0,0,0.3,0,0.0273976,9.19435,-0.0585962,-0.00172785,0.000740966,-0.000768109,0.999998,0.0319629,7.5821,-0.068489,0.000632194,-0.000512273,-1.92443e-05,0.324,0.288,0.294,0.234
9773,0,0,0,0.3,0,0.0274296,9.20194,-0.0586648,-0.00172752,0.000740911,-0.000768297,0.999998,0.0319774,7.58456,-0.0685222,0.000850993,3.45358e-05,-0.000614065,0.308,0.256,0.334,0.242
9774,0,0,0,0.3,0,0.0274616,9.20953,-0.0587333,-0.00172697,0.000740842,-0.000768787,0.999998,0.0319918,7.58701,-0.0685555,0.00115102,-0.000231794,-0.00129561,0.24,0.34,0.248,0.312
9775,0,0,0,0.3,0,0.0274936,9.21712,-0.0588019,-0.00172649,0.000740885,-0.000769606,0.999998,0.0320062,7.58946,-0.0685887,0.000908669,0.000364971,-0.00184217,0.38,0.226,0.36,0.174
9776,0,0,0,0.3,0,0.0275256,9.22471,-0.0588705,-0.00172591,0.00074104,-0.000770638,0.999998,0.0320207,7.59191,-0.0686218,0.00132836,0.000105519,-0.00227667,0.208,0.346,0.248,0.338
9777,0,0,0,0.3,0,0.0275576,9.2323,-0.0589392,-0.00172535,0.000741069,-0.00077195,0.999998,0.0320351,7.59436,-0.068655,0.000901788,0.000185512,-0.00286188,0.368,0.252,0.332,0.188
9778,0,0,0,0.3,0,0.0275897,9.2399,-0.0590079,-0.00172488,0.000741201,-0.000773458,0.999998,0.0320496,7.5968,-0.068688,0.0010795,8.97456e-05,-0.00310358,0.26,0.29,0.302,0.286
9779,0,0,0,0.3,0,0.0276218,9.2475,-0.0590766,-0.00172436,0.000741021,-0.000775088,0.999998,0.0320642,7.59924,-0.0687211,0.000851849,-0.000602823,-0.00338242,0.286,0.316,0.268,0.27
9780,0,0,0,0.3,0,0.0276538,9.2551,-0.0591453,-0.00172407,0.000740741,-0.000776794,0.999998,0.0320788,7.60168,-0.0687542,0.000549872,-0.000601566,-0.00336584,0.346,0.238,0.35,0.204
9781,0,0,0,0.3,0,0.0276859,9.2627,-0.0592141,-0.00172371,0.000740223,-0.000778453,0.999998,0.0320934,7.60412,-0.0687872,0.00071834,-0.00140679,-0.00331324,0.218,0.35,0.24,0.332
9782,0,0,0,0.3,0,0.027718,9.27031,-0.0592829,-0.00172351,0.000739504,-0.000780107,0.999998,0.032108,7.60656,-0.0688202,0.000193054,-0.00134599,-0.00323331,0.386,0.228,0.354,0.17
9783,0,0,0,0.3,0,0.0277502,9.27792,-0.0593518,-0.00172336,0.000738754,-0.000781618,0.999998,0.0321227,7.60899,-0.0688532,0.000437186,-0.00181847,-0.00285468,0.22,0.328,0.266,0.326
9784,0,0,0,0.3,0,0.0277823,9.28553,-0.0594207,-0.00172324,0.000737702,-0.000782974,0.999998,0.0321375,7.61142,-0.0688861,-1.14587e-05,-0.00212746,-0.00257556,0.334,0.28,0.302,0.224
9785,0,0,0,0.3,0,0.0278144,9.29315,-0.0594896,-0.00172331,0.000736729,-0.000784108,0.999998,0.0321522,7.61385,-0.0689191,-7.24433e-05,-0.00196856,-0.00197775,0.3,0.262,0.328,0.248
9786,0,0,0,0.3,0,0.0278466,9.30076,-0.0595586,-0.00172332,0.000735582,-0.000784945,0.999998,0.032167,7.61628,-0.068952,-0.000175018,-0.00246944,-0.00145591,0.25,0.334,0.252,0.302
9787,0,0,0,0.3,0,0.0278788,9.30838,-0.0596275,-0.0017236,0.000734456,-0.000785511,0.999998,0.0321818,7.61871,-0.0689849,-0.000720915,-0.00205584,-0.000812102,0.374,0.224,0.36,0.182
9788,0,0,0,0.3,0,0.027911,9.316,-0.0596966,-0.00172391,0.000733371,-0.000785706,0.999998,0.0321966,7.62113,-0.0690178,-0.00056201,-0.00236455,-8.96106e-05,0.208,0.348,0.244,0.342
9789,0,0,0,0.3,0,0.0279432,9.32362,-0.0597656,-0.00172434,0.000732228,-0.000785597,0.999998,0.0322114,7.62355,-0.0690507,-0.00112477,-0.00202255,0.000498731,0.376,0.242,0.34,0.182
9790,0,0,0,0.3,0,0.0279754,9.33125,-0.0598347,-0.00172489,0.000731359,-0.000785121,0.999998,0.0322261,7.62597,-0.0690836,-0.000955977,-0.00171046,0.00131613,0.252,0.296,0.296,0.294
9791,0,0,0,0.3,0,0.0280077,9.33888,-0.0599038,-0.0017254,0.000730471,-0.000784286,0.999998,0.0322409,7.62839,-0.0691165,-0.00125164,-0.00166546,0.0019371,0.294,0.302,0.282,0.262
9792,0,0,0,0.3,0,0.0280399,9.34651,-0.059973,-0.00172615,0.000729858,-0.000783108,0.999998,0.0322556,7.6308,-0.0691494,-0.00147789,-0.00096562,0.00273021,0.332,0.238,0.352,0.218
9793,0,0,0,0.3,0,0.0280722,9.35414,-0.0600421,-0.00172679,0.000729321,-0.000781541,0.999998,0.0322703,7.63322,-0.0691823,-0.00124249,-0.00117422,0.00339488,0.22,0.344,0.244,0.332
9794,0,0,0,0.3,0,0.0281045,9.36178,-0.0601114,-0.00172752,0.00072886,-0.000779715,0.999998,0.0322849,7.63563,-0.0692152,-0.00153361,-0.00062637,0.0038791,0.384,0.22,0.362,0.172
9795,0,0,0,0.3,0,0.0281368,9.36942,-0.0601806,-0.00172814,0.000728555,-0.000777649,0.999998,0.0322994,7.63804,-0.0692481,-0.000949604,-0.000774416,0.00427035,0.214,0.33,0.262,0.334
9796,0,0,0,0.3,0,0.0281691,9.37706,-0.0602499,-0.00172862,0.000728121,-0.000775528,0.999998,0.0323139,7.64044,-0.069281,-0.00104103,-0.000723614,0.00420122,0.346,0.27,0.312,0.212
9797,0,0,0,0.3,0,0.0282014,9.3847,-0.0603192,-0.00172907,0.000727904,-0.000773449,0.999998,0.0323284,7.64285,-0.0693139,-0.000610342,-0.000367156,0.00411796,0.286,0.272,0.32,0.262
9798,0,0,0,0.3,0,0.0282338,9.39235,-0.0603885,-0.00172923,0.000727613,-0.000771504,0.999998,0.0323427,7.64525,-0.0693468,-0.000269227,-0.000652259,0.00365534,0.258,0.33,0.256,0.296
9799,0,0,0,0.3,0,0.0282661,9.39999,-0.0604579,-0.0017294,0.000727436,-0.000769826,0.999998,0.032357,7.64765,-0.0693797,-0.000243775,-0.000106677,0.00316592,0.368,0.22,0.366,0.186
9800,0,0,0,0.3,0,0.0282985,9.40764,-0.0605273,-0.00172933,0.000727338,-0.000768374,0.999998,0.0323713,7.65005,-0.0694126,0.00037868,-0.000355494,0.00265446,0.208,0.344,0.246,0.34
9801,0,0,0,0.3,0,0.0283309,9.4153,-0.0605968,-0.00172919,0.000727226,-0.00076724,0.999998,0.0323855,7.65244,-0.0694455,0.000185207,4.3829e-05,0.00199917,0.378,0.236,0.346,0.18
9802,0,0,0,0.3,0,0.0283633,9.42295,-0.0606663,-0.00172897,0.000727332,-0.000766381,0.999998,0.0323997,7.65484,-0.0694783,0.000776488,0.000151599,0.00147523,0.24,0.306,0.286,0.308
9803,0,0,0,0.3,0,0.0283957,9.43061,-0.0607358,-0.00172849,0.000727317,-0.000765873,0.999998,0.0324138,7.65723,-0.0695112,0.000937079,-1.24018e-05,0.000626502,0.306,0.3,0.282,0.25
9804,0,0,0,0.3,0,0.0284281,9.43827,-0.0608053,-0.00172798,0.000727438,-0.000765782,0.999998,0.032428,7.65962,-0.0695439,0.00128072,0.00031762,-0.000146092,0.326,0.25,0.34,0.224
9805,0,0,0,0.3,0,0.0284606,9.44593,-0.0608749,-0.00172713,0.000727443,-0.000766111,0.999998,0.0324421,7.66201,-0.0695767,0.00186734,-0.000221689,-0.00111834,0.23,0.35,0.238,0.322
9806,0,0,0,0.3,0,0.028493,9.45359,-0.0609445,-0.00172623,0.000727401,-0.000766964,0.999998,0.0324562,7.6644,-0.0696094,0.00180848,0.000107606,-0.00210678,0.384,0.222,0.362,0.172
9807,0,0,0,0.3,0,0.0285255,9.46126,-0.0610141,-0.00172515,0.000727407,-0.000768229,0.999998,0.0324704,7.66678,-0.0696421,0.00243927,-0.000239158,-0.00287346,0.214,0.336,0.256,0.334
9808,0,0,0,0.3,0,0.028558,9.46893,-0.0610838,-0.00172396,0.000727227,-0.000769893,0.999998,0.0324846,7.66916,-0.0696747,0.00220807,-0.0002652,-0.00363361,0.356,0.262,0.32,0.204
9809,0,0,0,0.3,0,0.0285905,9.4766,-0.0611535,-0.00172283,0.000727192,-0.000771821,0.999998,0.0324988,7.67154,-0.0697073,0.00246898,-0.000111308,-0.00399629,0.278,0.282,0.31,0.27
9810,0,0,0,0.3,0,0.028623,9.48428,-0.0612233,-0.00172154,0.000726991,-0.000773937,0.999998,0.0325131,7.67392,-0.0697398,0.00250722,-0.000548674,-0.00443338,0.272,0.328,0.256,0.282
9811,0,0,0,0.3,0,0.0286555,9.49195,-0.061293,-0.00172038,0.000726843,-0.000776239,0.999998,0.0325274,7.67629,-0.0697723,0.00233526,-0.000140851,-0.00467359,0.36,0.23,0.356,0.194
9812,0,0,0,0.3,0,0.0286881,9.49963,-0.0613628,-0.00171908,0.000726681,-0.000778608,0.999998,0.0325418,7.67867,-0.0698047,0.00269552,-0.000553879,-0.00481496,0.212,0.35,0.24,0.338
9813,0,0,0,0.3,0,0.0287206,9.50731,-0.0614327,-0.00171786,0.000726458,-0.000781049,0.999998,0.0325563,7.68104,-0.0698371,0.00225417,-0.000216925,-0.00486496,0.386,0.232,0.35,0.174
9814,0,0,0,0.3,0,0.0287532,9.515,-0.0615025,-0.00171667,0.000726427,-0.000783391,0.999998,0.0325708,7.68341,-0.0698694,0.00253985,-0.000145335,-0.00454074,0.234,0.316,0.276,0.314
9815,0,0,0,0.3,0,0.0287858,9.52268,-0.0615724,-0.00171545,0.000726314,-0.000785596,0.999998,0.0325854,7.68578,-0.0699017,0.00220365,-0.000119033,-0.00430421,0.316,0.294,0.29,0.242
9816,0,0,0,0.3,0,0.0288184,9.53037,-0.0616424,-0.00171442,0.000726444,-0.000787609,0.999998,0.0326,7.68814,-0.0699339,0.0021163,0.00041373,-0.0037675,0.316,0.252,0.338,0.234
9817,0,0,0,0.3,0,0.028851,9.53806,-0.0617123,-0.0017133,0.00072656,-0.000789342,0.999998,0.0326147,7.6905,-0.0699661,0.00217183,0.000104448,-0.00327186,0.236,0.344,0.244,0.316
9818,0,0,0,0.3,0,0.0288836,9.54575,-0.0617823,-0.00171239,0.000726736,-0.000790835,0.999998,0.0326294,7.69286,-0.0699983,0.00163265,0.000578761,-0.00271581,0.382,0.224,0.362,0.172
9819,0,0,0,0.3,0,0.0289163,9.55345,-0.0618524,-0.00171152,0.000726965,-0.000792,0.999998,0.0326441,7.69522,-0.0700304,0.00178081,0.000187542,-0.002073,0.212,0.34,0.252,0.334
9820,0,0,0,0.3,0,0.0289489,9.56115,-0.0619224,-0.0017108,0.000726978,-0.00079291,0.999998,0.0326589,7.69758,-0.0700624,0.0011045,7.41283e-05,-0.00160212,0.366,0.254,0.328,0.192
9821,0,0,0,0.3,0,0.0289816,9.56885,-0.0619925,-0.00171031,0.00072702,-0.000793506,0.999998,0.0326737,7.69994,-0.0700945,0.00102936,-0.000115917,-0.000858137,0.266,0.286,0.306,0.28
9822,0,0,0,0.3,0,0.0290143,9.57655,-0.0620627,-0.00170984,0.000726731,-0.000793755,0.999998,0.0326884,7.70229,-0.0701265,0.000717656,-0.000808988,-0.000234025,0.276,0.316,0.268,0.28
9823,0,0,0,0.3,0,0.029047,9.58425,-0.0621328,-0.00170962,0.000726383,-0.000793653,0.999998,0.0327032,7.70465,-0.0701585,0.000400663,-0.00064258,0.000598826,0.346,0.23,0.356,0.206
9824,0,0,0,0.3,0,0.0290797,9.59196,-0.062203,-0.00170932,0.000725908,-0.000793112,0.999998,0.032718,7.707,-0.0701904,0.000643774,-0.00122572,0.00140218,0.212,0.346,0.244,0.338
9825,0,0,0,0.3,0,0.0291124,9.59967,-0.0622732,-0.00170914,0.000725313,-0.000792242,0.999998,0.0327327,7.70935,-0.0702224,0.000171606,-0.00100957,0.00202487,0.382,0.228,0.352,0.176
9826,0,0,0,0.3,0,0.0291452,9.60738,-0.0623435,-0.00170899,0.00072483,-0.000791051,0.999998,0.0327474,7.71169,-0.0702543,0.000443486,-0.00110753,0.00260175,0.226,0.322,0.27,0.322
9827,0,0,0,0.3,0,0.0291779,9.61509,-0.0624138,-0.00170885,0.000724218,-0.000789712,0.999998,0.0327621,7.71404,-0.0702862,2.133e-05,-0.00109762,0.00270241,0.33,0.284,0.298,0.23
9828,0,0,0,0.3,0,0.0292107,9.62281,-0.0624841,-0.00170893,0.000723858,-0.000788336,0.999998,0.0327767,7.71638,-0.0703181,-0.000134332,-0.000540951,0.00279517,0.304,0.26,0.328,0.246
9829,0,0,0,0.3,0,0.0292435,9.63053,-0.0625544,-0.00170899,0.000723556,-0.000786971,0.999998,0.0327913,7.71872,-0.07035,-0.000313725,-0.000577799,0.00262897,0.248,0.338,0.248,0.306
9830,0,0,0,0.3,0,0.0292763,9.63825,-0.0626248,-0.00170938,0.000723484,-0.00078571,0.999998,0.0328058,7.72106,-0.0703819,-0.00099695,0.000238801,0.0024885,0.378,0.222,0.364,0.176
9831,0,0,0,0.3,0,0.0293091,9.64597,-0.0626952,-0.00170987,0.00072364,-0.000784475,0.999998,0.0328203,7.72339,-0.0704138,-0.00103702,0.000227863,0.00241979,0.212,0.344,0.248,0.336
9832,0,0,0,0.3,0,0.029342,9.6537,-0.0627657,-0.00171061,0.000723812,-0.00078332,0.999998,0.0328347,7.72573,-0.0704457,-0.00187253,0.000613431,0.00226173,0.37,0.246,0.334,0.188
9833,0,0,0,0.3,0,0.0293748,9.66143,-0.0628362,-0.00171161,0.000724239,-0.000782152,0.999998,0.0328491,7.72806,-0.0704776,-0.00195117,0.000861063,0.00240871,0.254,0.292,0.3,0.294
9834,0,0,0,0.3,0,0.0294077,9.66916,-0.0629067,-0.00171265,0.000724589,-0.000780936,0.999998,0.0328635,7.73039,-0.0705094,-0.00230772,0.000720647,0.0024357,0.29,0.306,0.276,0.266
9835,0,0,0,0.3,0,0.0294406,9.67689,-0.0629772,-0.00171393,0.000725108,-0.000779665,0.999998,0.0328778,7.73272,-0.0705413,-0.00258163,0.00120903,0.00266796,0.344,0.232,0.356,0.208
9836,0,0,0,0.3,0,0.0294734,9.68463,-0.0630478,-0.00171514,0.000725593,-0.000778285,0.999998,0.0328921,7.73504,-0.0705732,-0.00240943,0.000769517,0.00276282,0.222,0.344,0.246,0.33
9837,0,0,0,0.3,0,0.0295064,9.69236,-0.0631184,-0.00171649,0.000726048,-0.00077694,0.999998,0.0329063,7.73736,-0.0706052,-0.00284695,0.00113812,0.00265359,0.386,0.222,0.36,0.17
9838,0,0,0,0.3,0,0.0295393,9.7001,-0.063189,-0.00171779,0.000726612,-0.000775634,0.999998,0.0329205,7.73968,-0.0706371,-0.00233847,0.000951115,0.00253162,0.22,0.324,0.268,0.326
9839,0,0,0,0.3,0,0.0295722,9.70784,-0.0632597,-0.00171893,0.000727005,-0.000774494,0.999998,0.0329347,7.742,-0.0706691,-0.00232247,0.000877998,0.00206865,0.34,0.272,0.31,0.216
9840,0,0,0,0.3,0,0.0296052,9.71559,-0.0633304,-0.00171997,0.000727554,-0.000773559,0.999998,0.0329488,7.74432,-0.0707011,-0.00170392,0.00109724,0.00172484,0.294,0.268,0.324,0.254
9841,0,0,0,0.3,0,0.0296381,9.72334,-0.0634011,-0.00172058,0.000727917,-0.000772845,0.999998,0.0329629,7.74663,-0.0707331,-0.00097554,0.00051131,0.00114676,0.252,0.336,0.25,0.302
9842,0,0,0,0.3,0,0.0296711,9.73108,-0.0634719,-0.00172097,0.00072823,-0.000772438,0.999998,0.0329769,7.74894,-0.0707651,-0.000470317,0.000739024,0.000599721,0.366,0.228,0.358,0.188
9843,0,0,0,0.3,0,0.0297041,9.73884,-0.0635427,-0.00172084,0.000728472,-0.000772272,0.999998,0.032991,7.75125,-0.0707971,0.000745669,0.000166327,8.24297e-05,0.208,0.348,0.244,0.34
9844,0,0,0,0.3,0,0.0297371,9.74659,-0.0636135,-0.00172035,0.000728503,-0.000772412,0.999998,0.033005,7.75356,-0.0708291,0.00110351,0.000147282,-0.000523521,0.378,0.242,0.342,0.178
9845,0,0,0,0.3,0,0.0297701,9.75435,-0.0636844,-0.00171957,0.000728573,-0.000772771,0.999998,0.033019,7.75586,-0.070861,0.0019969,-6.8038e-05,-0.000875406,0.25,0.304,0.29,0.294
9846,0,0,0,0.3,0,0.0298031,9.7621,-0.0637553,-0.00171845,0.000728354,-0.000773357,0.999998,0.0330331,7.75817,-0.0708929,0.00226837,-0.000574818,-0.00141655,0.304,0.304,0.28,0.252
9847,0,0,0,0.3,0,0.0298362,9.76986,-0.0638262,-0.00171727,0.000728106,-0.00077416,0.999998,0.0330471,7.76047,-0.0709247,0.00258985,-0.000547657,-0.00169905,0.33,0.246,0.344,0.22
9848,0,0,0,0.3,0,0.0298693,9.77763,-0.0638972,-0.00171575,0.00072761,-0.000775064,0.999998,0.0330612,7.76277,-0.0709565,0.00325345,-0.00133805,-0.0019151,0.222,0.352,0.238,0.328
9849,0,0,0,0.3,0,0.0299023,9.78539,-0.0639681,-0.00171412,0.000726933,-0.000776058,0.999998,0.0330753,7.76506,-0.0709882,0.00336709,-0.00126819,-0.00197418,0.384,0.226,0.358,0.172
9850,0,0,0,0.3,0,0.0299354,9.79316,-0.0640392,-0.00171219,0.000726214,-0.000776982,0.999998,0.0330894,7.76736,-0.0710199,0.00424137,-0.00173405,-0.00176255,0.216,0.334,0.258,0.332
9851,0,0,0,0.3,0,0.0299685,9.80093,-0.0641102,-0.00171003,0.000725255,-0.000777831,0.999998,0.0331035,7.76965,-0.0710515,0.00422663,-0.00184999,-0.00161825,0.348,0.27,0.312,0.21
9852,0,0,0,0.3,0,0.0300016,9.8087,-0.0641813,-0.00170787,0.00072442,-0.000778508,0.999998,0.0331177,7.77194,-0.071083,0.00454876,-0.00170183,-0.00111801,0.282,0.276,0.316,0.266
9853,0,0,0,0.3,0,0.0300348,9.81647,-0.0642524,-0.00170552,0.00072345,-0.000778941,0.999998,0.0331318,7.77423,-0.0711145,0.0046213,-0.00202012,-0.000691652,0.262,0.328,0.256,0.292
9854,0,0,0,0.3,0,0.0300679,9.82425,-0.0643236,-0.00170332,0.000722604,-0.000779128,0.999998,0.033146,7.77651,-0.0711458,0.00433739,-0.00144472,-6.72992e-05,0.364,0.226,0.36,0.19
9855,0,0,0,0.3,0,0.0301011,9.83203,-0.0643947,-0.00170107,0.000721841,-0.000778957,0.999998,0.0331601,7.77879,-0.0711771,0.00455403,-0.0016831,0.000619237,0.208,0.348,0.242,0.342
9856,0,0,0,0.3,0,0.0301343,9.83981,-0.0644659,-0.00169896,0.000721091,-0.000778492,0.999998,0.0331743,7.78107,-0.0712083,0.00393324,-0.00118104,0.00120941,0.374,0.236,0.346,0.184
9857,0,0,0,0.3,0,0.0301674,9.84759,-0.0645372,-0.00169699,0.000720638,-0.000777663,0.999998,0.0331884,7.78335,-0.0712394,0.00404153,-0.000887624,0.00199649,0.236,0.31,0.282,0.312
9858,0,0,0,0.3,0,0.0302006,9.85538,-0.0646085,-0.00169506,0.000720197,-0.00077651,0.999998,0.0332024,7.78563,-0.0712705,0.00358937,-0.000685173,0.00252071,0.31,0.296,0.286,0.248
9859,0,0,0,0.3,0,0.0302339,9.86317,-0.0646798,-0.00169341,0.0007201,-0.000775089,0.999998,0.0332165,7.7879,-0.0713015,0.00323008,7.45742e-05,0.00309909,0.322,0.25,0.34,0.23
9860,0,0,0,0.3,0,0.0302671,9.87096,-0.0647511,-0.00169182,0.000720105,-0.000773439,0.999998,0.0332304,7.79017,-0.0713324,0.00296714,-2.88046e-05,0.00338601,0.232,0.342,0.246,0.322
9861,0,0,0,0.3,0,0.0303003,9.87875,-0.0648225,-0.00169062,0.000720271,-0.000771708,0.999998,0.0332444,7.79244,-0.0713633,0.00205435,0.000692425,0.00355483,0.38,0.218,0.364,0.176
9862,0,0,0,0.3,0,0.0303336,9.88655,-0.0648938,-0.00168965,0.000720667,-0.000769858,0.999998,0.0332582,7.79471,-0.0713941,0.00183404,0.000722483,0.00376329,0.212,0.336,0.256,0.336
9863,0,0,0,0.3,0,0.0303669,9.89434,-0.0649653,-0.00168899,0.000721085,-0.000767988,0.999998,0.033272,7.79697,-0.0714249,0.000849207,0.00113349,0.00372599,0.358,0.258,0.322,0.2
9864,0,0,0,0.3,0,0.0304001,9.90214,-0.0650367,-0.00168872,0.000721829,-0.000766102,0.999998,0.0332858,7.79924,-0.0714557,0.000484032,0.00157021,0.00379423,0.274,0.284,0.308,0.274
9865,0,0,0,0.3,0,0.0304334,9.90994,-0.0651082,-0.00168858,0.000722548,-0.000764262,0.999998,0.0332995,7.8015,-0.0714864,-4.48234e-05,0.00147703,0.00353822,0.276,0.32,0.262,0.28
9866,0,0,0,0.3,0,0.0304668,9.91775,-0.0651797,-0.00168882,0.000723479,-0.000762559,0.999998,0.0333131,7.80376,-0.0715172,-0.000662799,0.00212931,0.00334834,0.356,0.228,0.358,0.196
9867,0,0,0,0.3,0,0.0305001,9.92555,-0.0652513,-0.00168914,0.000724494,-0.000760921,0.999998,0.0333267,7.80602,-0.071548,-0.000702742,0.00189726,0.00317862,0.216,0.342,0.248,0.334
9868,0,0,0,0.3,0,0.0305334,9.93336,-0.0653229,-0.0016897,0.000725543,-0.000759393,0.999998,0.0333403,7.80827,-0.0715787,-0.00141691,0.002402,0.00300405,0.38,0.228,0.354,0.176
9869,0,0,0,0.3,0,0.0305668,9.94117,-0.0653945,-0.0016904,0.000726804,-0.000757872,0.999998,0.0333537,7.81053,-0.0716094,-0.00126626,0.00242333,0.0030495,0.232,0.316,0.276,0.314
9870,0,0,0,0.3,0,0.0306002,9.94898,-0.0654661,-0.00169108,0.000727927,-0.000756401,0.999998,0.0333672,7.81278,-0.0716402,-0.00154322,0.00228034,0.00283168,0.324,0.288,0.296,0.232
9871,0,0,0,0.3,0,0.0306335,9.9568,-0.0655378,-0.00169186,0.000729172,-0.000755024,0.999998,0.0333806,7.81503,-0.0716709,-0.00138111,0.0025341,0.00270136,0.312,0.254,0.336,0.238
9872,0,0,0,0.3,0,0.0306669,9.96462,-0.0656095,-0.00169241,0.00073026,-0.000753749,0.999998,0.0333939,7.81728,-0.0717017,-0.00100363,0.00192583,0.00238238,0.24,0.336,0.25,0.312
9873,0,0,0,0.3,0,0.0307003,9.97244,-0.0656812,-0.00169295,0.000731243,-0.000752647,0.999998,0.0334072,7.81953,-0.0717325,-0.00102707,0.00204741,0.00211857,0.376,0.222,0.362,0.178
9874,0,0,0,0.3,0,0.0307338,9.98026,-0.065753,-0.00169325,0.000732123,-0.000751621,0.999998,0.0334205,7.82177,-0.0717632,-0.000259579,0.00140065,0.00195958,0.21,0.342,0.25,0.336
9875,0,0,0,0.3,0,0.0307672,9.98808,-0.0658248,-0.00169334,0.000732717,-0.000750742,0.999998,0.0334337,7.82402,-0.071794,-0.000190338,0.00122698,0.00161395,0.364,0.252,0.328,0.194
9876,0,0,0,0.3,0,0.0308006,9.99591,-0.0658966,-0.00169327,0.000733355,-0.000749982,0.999998,0.033447,7.82626,-0.0718247,0.00054779,0.00113399,0.00144259,0.266,0.292,0.302,0.282
9877,0,0,0,0.3,0,0.0308341,10.0037,-0.0659684,-0.00169283,0.00073374,-0.000749363,0.999998,0.0334601,7.8285,-0.0718554,0.000962145,0.000644968,0.00104791,0.284,0.314,0.27,0.272
9878,0,0,0,0.3,0,0.0308676,10.0116,-0.0660403,-0.0016923,0.000734171,-0.000748922,0.999998,0.0334733,7.83074,-0.071886,0.00128095,0.00097958,0.00079756,0.346,0.238,0.35,0.206
9879,0,0,0,0.3,0,0.0309011,10.0194,-0.0661122,-0.00169142,0.000734543,-0.000748579,0.999998,0.0334865,7.83297,-0.0719167,0.00202155,0.000531961,0.000563119,0.218,0.35,0.238,0.332
9880,0,0,0,0.3,0,0.0309346,10.0272,-0.0661842,-0.00169041,0.000734869,-0.000748372,0.999998,0.0334996,7.8352,-0.0719473,0.00205022,0.000869827,0.000345715,0.382,0.23,0.352,0.174
9881,0,0,0,0.3,0,0.0309681,10.0351,-0.0662562,-0.00168919,0.000735332,-0.00074819,0.999998,0.0335127,7.83744,-0.0719778,0.00277937,0.000788317,0.000364832,0.224,0.324,0.27,0.322
9882,0,0,0,0.3,0,0.0310016,10.0429,-0.0663282,-0.00168777,0.000735654,-0.00074803,0.999998,0.0335258,7.83966,-0.0720083,0.00275076,0.000698819,0.000302396,0.33,0.28,0.302,0.228
9883,0,0,0,0.3,0,0.0310351,10.0508,-0.0664002,-0.00168638,0.000736103,-0.000747813,0.999998,0.0335389,7.84189,-0.0720388,0.00297096,0.000894524,0.000569178,0.298,0.262,0.33,0.25
9884,0,0,0,0.3,0,0.0310687,10.0586,-0.0664723,-0.0016848,0.000736361,-0.000747466,0.999998,0.033552,7.84412,-0.0720692,0.00311268,0.00026702,0.000750244,0.244,0.336,0.252,0.308
9885,0,0,0,0.3,0,0.0311022,10.0664,-0.0665444,-0.00168338,0.000736548,-0.000747037,0.999998,0.0335651,7.84634,-0.0720995,0.00276488,0.000483791,0.000979834,0.37,0.226,0.36,0.184
9886,0,0,0,0.3,0,0.0311358,10.0743,-0.0666165,-0.00168191,0.000736652,-0.000746474,0.999998,0.0335781,7.84856,-0.0721298,0.00301949,-0.0001232,0.00117946,0.21,0.344,0.248,0.338
9887,0,0,0,0.3,0,0.0311694,10.0821,-0.0666887,-0.00168056,0.000736515,-0.000745905,0.999998,0.0335911,7.85078,-0.07216,0.00240642,-0.000207792,0.00111282,0.372,0.246,0.336,0.186
9888,0,0,0,0.3,0,0.031203,10.09,-0.0667609,-0.0016794,0.000736414,-0.000745335,0.999998,0.0336041,7.853,-0.0721902,0.0023421,-0.000390981,0.00114575,0.256,0.296,0.296,0.292
9889,0,0,0,0.3,0,0.0312366,10.0979,-0.0668331,-0.00167834,0.000736048,-0.000744823,0.999998,0.0336171,7.85522,-0.0722203,0.00177694,-0.000822594,0.00090318,0.294,0.308,0.274,0.264
9890,0,0,0,0.3,0,0.0312703,10.1057,-0.0669053,-0.00167766,0.000735748,-0.000744416,0.999998,0.0336301,7.85743,-0.0722504,0.00121618,-0.000502583,0.000782169,0.336,0.242,0.346,0.216
9891,0,0,0,0.3,0,0.0313039,10.1136,-0.0669776,-0.00167706,0.000735366,-0.000744069,0.999998,0.033643,7.85965,-0.0722805,0.0010734,-0.000980136,0.000579752,0.224,0.348,0.24,0.326
9892,0,0,0,0.3,0,0.0313376,10.1214,-0.0670499,-0.00167675,0.000734956,-0.000743859,0.999998,0.033656,7.86186,-0.0723105,0.000311108,-0.000565717,0.000344409,0.388,0.228,0.356,0.168
9893,0,0,0,0.3,0,0.0313712,10.1293,-0.0671223,-0.00167662,0.000734708,-0.000743705,0.999998,0.0336689,7.86407,-0.0723406,0.000273329,-0.000618924,0.000260387,0.222,0.326,0.266,0.324
9894,0,0,0,0.3,0,0.0314049,10.1372,-0.0671946,-0.00167667,0.000734381,-0.000743636,0.999998,0.0336818,7.86627,-0.0723705,-0.000515322,-0.000493454,7.73356e-05,0.34,0.27,0.31,0.218
9895,0,0,0,0.3,0,0.0314386,10.145,-0.067267,-0.00167707,0.000734291,-0.000743553,0.999998,0.0336947,7.86848,-0.0724005,-0.000841052,-9.74764e-05,0.000286444,0.29,0.27,0.32,0.258
9896,0,0,0,0.3,0,0.0314723,10.1529,-0.0673395,-0.00167753,0.000734163,-0.000743352,0.999998,0.0337076,7.87068,-0.0724305,-0.00113752,-0.00027445,0.000469025,0.258,0.328,0.256,0.298
9897,0,0,0,0.3,0,0.031506,10.1608,-0.0674119,-0.0016783,0.000734234,-0.000743049,0.999998,0.0337205,7.87288,-0.0724605,-0.00167523,0.000482963,0.000766229,0.368,0.222,0.362,0.186
9898,0,0,0,0.3,0,0.0315398,10.1686,-0.0674844,-0.00167909,0.000734497,-0.000742565,0.999998,0.0337333,7.87508,-0.0724905,-0.00156647,0.000467503,0.00107713,0.212,0.344,0.248,0.336
9899,0,0,0,0.3,0,0.0315735,10.1765,-0.0675569,-0.00168005,0.000734856,-0.000741993,0.999998,0.0337462,7.87727,-0.0725204,-0.00220722,0.00109653,0.00122082,0.376,0.238,0.344,0.182
9900,0,0,0,0.3,0,0.0316073,10.1844,-0.0676295,-0.00168115,0.000735541,-0.000741301,0.999998,0.033759,7.87947,-0.0725505,-0.00207111,0.00136159,0.00149123,0.248,0.302,0.292,0.298
9901,0,0,0,0.3,0,0.0316411,10.1923,-0.0677021,-0.00168221,0.000736148,-0.000740554,0.999998,0.0337718,7.88166,-0.0725805,-0.00230977,0.00127199,0.00146954,0.304,0.302,0.282,0.25
9902,0,0,0,0.3,0,0.0316748,10.2002,-0.0677747,-0.00168342,0.00073695,-0.000739809,0.999998,0.0337845,7.88385,-0.0726105,-0.0023173,0.00174859,0.00152672,0.328,0.246,0.344,0.22
9903,0,0,0,0.3,0,0.0317086,10.2081,-0.0678473,-0.00168443,0.000737679,-0.000739065,0.999998,0.0337973,7.88604,-0.0726406,-0.00189694,0.00121609,0.00140586,0.228,0.344,0.246,0.322
9904,0,0,0,0.3,0,0.0317424,10.2159,-0.06792,-0.00168543,0.000738304,-0.000738413,0.999998,0.03381,7.88822,-0.0726707,-0.00197295,0.00135792,0.00127829,0.382,0.222,0.362,0.172
9905,0,0,0,0.3,0,0.0317763,10.2238,-0.0679927,-0.00168622,0.000738873,-0.000737754,0.999998,0.0338227,7.89041,-0.0727008,-0.00126256,0.000806993,0.00132223,0.216,0.332,0.262,0.33
9906,0,0,0,0.3,0,0.0318101,10.2317,-0.0680654,-0.00168683,0.000739131,-0.000737132,0.999998,0.0338353,7.89259,-0.0727309,-0.00125501,0.000485021,0.00119433,0.35,0.266,0.318,0.208
9907,0,0,0,0.3,0,0.0318439,10.2396,-0.0681382,-0.00168734,0.000739392,-0.000736522,0.999998,0.033848,7.89477,-0.072761,-0.000681193,0.000388382,0.00124925,0.282,0.276,0.316,0.264
9908,0,0,0,0.3,0,0.0318778,10.2475,-0.068211,-0.0016875,0.000739368,-0.000735936,0.999998,0.0338606,7.89695,-0.0727911,-0.000197216,-0.000281139,0.00107212,0.268,0.324,0.26,0.286
9909,0,0,0,0.3,0,0.0319117,10.2554,-0.0682838,-0.00168756,0.000739265,-0.000735442,0.999998,0.0338732,7.89912,-0.0728211,0.000102842,-0.000167227,0.000968817,0.36,0.23,0.358,0.192
9910,0,0,0,0.3,0,0.0319456,10.2633,-0.0683567,-0.00168722,0.000739011,-0.000734978,0.999998,0.0338857,7.90129,-0.0728512,0.00102786,-0.000835862,0.000852448,0.212,0.348,0.242,0.338
9911,0,0,0,0.3,0,0.0319795,10.2712,-0.0684295,-0.00168665,0.00073858,-0.000734621,0.999998,0.0338983,7.90346,-0.0728812,0.00125821,-0.000708276,0.000646885,0.374,0.238,0.344,0.184
9912,0,0,0,0.3,0,0.0320134,10.2791,-0.0685024,-0.00168577,0.000738242,-0.000734294,0.999998,0.0339108,7.90563,-0.0729112,0.00223901,-0.000831836,0.0006533,0.236,0.312,0.28,0.312
9913,0,0,0,0.3,0,0.0320473,10.287,-0.0685754,-0.00168449,0.000737731,-0.000734018,0.999998,0.0339233,7.9078,-0.0729411,0.00262939,-0.000983813,0.000459985,0.312,0.296,0.286,0.246
9914,0,0,0,0.3,0,0.0320812,10.2949,-0.0686484,-0.00168309,0.000737395,-0.000733806,0.999998,0.0339358,7.90996,-0.072971,0.00309432,-0.000539151,0.000420729,0.32,0.25,0.338,0.232
9915,0,0,0,0.3,0,0.0321152,10.3029,-0.0687214,-0.00168136,0.000737048,-0.000733639,0.999998,0.0339483,7.91212,-0.0730009,0.00357912,-0.000781573,0.000213976,0.234,0.34,0.246,0.32
9916,0,0,0,0.3,0,0.0321491,10.3108,-0.0687944,-0.00167965,0.000736811,-0.000733606,0.999998,0.0339608,7.91428,-0.0730306,0.00336126,-0.000172063,-2.64656e-06,0.378,0.224,0.36,0.178
9917,0,0,0,0.3,0,0.0321831,10.3187,-0.0688675,-0.00167785,0.000736761,-0.000733632,0.999998,0.0339733,7.91643,-0.0730603,0.00376317,-0.000194989,-0.000127505,0.214,0.336,0.254,0.336
9918,0,0,0,0.3,0,0.0322171,10.3266,-0.0689405,-0.00167607,0.00073673,-0.00073379,0.999998,0.0339858,7.91859,-0.07309,0.0033412,0.000215438,-0.000450565,0.356,0.258,0.322,0.202
9919,0,0,0,0.3,0,0.0322511,10.3345,-0.0690137,-0.00167441,0.000737023,-0.000734057,0.999998,0.0339982,7.92074,-0.0731196,0.00342862,0.000690369,-0.000591903,0.27,0.286,0.306,0.278
9920,0,0,0,0.3,0,0.0322851,10.3425,-0.0690868,-0.00167271,0.000737352,-0.000734443,0.999998,0.0340107,7.92288,-0.0731491,0.00323622,0.000748986,-0.000951091,0.276,0.318,0.264,0.28
9921,0,0,0,0.3,0,0.0323191,10.3504,-0.06916,-0.00167124,0.000737978,-0.000735002,0.999998,0.0340232,7.92503,-0.0731785,0.00285591,0.00157011,-0.00120466,0.354,0.23,0.356,0.2
9922,0,0,0,0.3,0,0.0323532,10.3583,-0.0692332,-0.00166977,0.000738778,-0.000735667,0.999998,0.0340357,7.92718,-0.0732079,0.00290402,0.00156286,-0.00147576,0.214,0.346,0.244,0.336
9923,0,0,0,0.3,0,0.0323872,10.3662,-0.0693064,-0.00166852,0.000739723,-0.000736509,0.999998,0.0340482,7.92932,-0.0732373,0.00220303,0.0022496,-0.001811,0.38,0.236,0.346,0.178
9924,0,0,0,0.3,0,0.0324213,10.3742,-0.0693797,-0.00166743,0.000740954,-0.000737454,0.999998,0.0340607,7.93146,-0.0732666,0.00227124,0.00240437,-0.00197663,0.232,0.322,0.272,0.314
9925,0,0,0,0.3,0,0.0324554,10.3821,-0.069453,-0.0016664,0.000742117,-0.000738552,0.999998,0.0340733,7.9336,-0.0732958,0.00174908,0.00242286,-0.002378,0.322,0.288,0.294,0.234
9926,0,0,0,0.3,0,0.0324894,10.39,-0.0695263,-0.00166566,0.000743492,-0.000739798,0.999998,0.0340858,7.93574,-0.0733251,0.0014595,0.0028513,-0.00254569,0.31,0.258,0.332,0.238
9927,0,0,0,0.3,0,0.0325235,10.398,-0.0695997,-0.00166496,0.000744807,-0.000741112,0.999998,0.0340984,7.93788,-0.0733543,0.00119173,0.00249447,-0.0027172,0.242,0.338,0.25,0.31
9928,0,0,0,0.3,0,0.0325576,10.4059,-0.0696731,-0.00166462,0.000746168,-0.000742487,0.999998,0.0341111,7.94001,-0.0733834,0.000382716,0.00292395,-0.00271272,0.378,0.224,0.36,0.178
9929,0,0,0,0.3,0,0.0325918,10.4139,-0.0697465,-0.00166446,0.000747564,-0.000743782,0.999998,0.0341237,7.94215,-0.0734125,0.000236853,0.00253755,-0.00252448,0.214,0.338,0.254,0.332
9930,0,0,0,0.3,0,0.0326259,10.4218,-0.0698199,-0.00166458,0.000748781,-0.000745024,0.999998,0.0341364,7.94428,-0.0734417,-0.000659301,0.00253559,-0.00242642,0.364,0.25,0.332,0.192
9931,0,0,0,0.3,0,0.0326601,10.4297,-0.0698934,-0.00166502,0.000750111,-0.000746138,0.999998,0.0341491,7.94641,-0.0734708,-0.000883535,0.00254861,-0.0020623,0.264,0.292,0.3,0.282
9932,0,0,0,0.3,0,0.0326942,10.4377,-0.0699669,-0.00166554,0.000751224,-0.000747103,0.999998,0.0341619,7.94854,-0.0735,-0.00130685,0.00207963,-0.00184779,0.286,0.314,0.27,0.268
9933,0,0,0,0.3,0,0.0327284,10.4456,-0.0700404,-0.00166634,0.00075232,-0.000747931,0.999998,0.0341746,7.95066,-0.0735291,-0.00163989,0.00220812,-0.00146074,0.346,0.236,0.352,0.204
9934,0,0,0,0.3,0,0.0327626,10.4536,-0.070114,-0.00166708,0.00075323,-0.00074854,0.999998,0.0341874,7.95279,-0.0735583,-0.00143468,0.00147608,-0.00106614,0.22,0.344,0.246,0.33
9935,0,0,0,0.3,0,0.0327968,10.4615,-0.0701876,-0.00166792,0.000753951,-0.00074897,0.999998,0.0342002,7.95491,-0.0735874,-0.00183135,0.00154734,-0.00064416,0.382,0.226,0.356,0.174
9936,0,0,0,0.3,0,0.032831,10.4695,-0.0702612,-0.00166873,0.000754672,-0.000749104,0.999998,0.034213,7.95703,-0.0736166,-0.0013915,0.00118745,7.5485e-06,0.226,0.32,0.274,0.322
9937,0,0,0,0.3,0,0.0328652,10.4775,-0.0703348,-0.00166943,0.000755139,-0.000748969,0.999998,0.0342257,7.95914,-0.0736457,-0.00151009,0.000937603,0.000470373,0.328,0.28,0.304,0.23
9938,0,0,0,0.3,0,0.0328995,10.4854,-0.0704085,-0.00167015,0.000755692,-0.000748566,0.999998,0.0342385,7.96126,-0.0736749,-0.00117447,0.00109223,0.00108243,0.298,0.262,0.33,0.252
9939,0,0,0,0.3,0,0.0329337,10.4934,-0.0704822,-0.00167057,0.000756072,-0.000747908,0.999998,0.0342512,7.96338,-0.073704,-0.000743753,0.000562642,0.00143885,0.252,0.332,0.256,0.3
9940,0,0,0,0.3,0,0.032968,10.5014,-0.0705559,-0.00167096,0.000756419,-0.000747119,0.999998,0.034264,7.96549,-0.0737332,-0.000707418,0.000829067,0.00171044,0.374,0.224,0.362,0.18
9941,0,0,0,0.3,0,0.0330022,10.5093,-0.0706297,-0.00167112,0.000756715,-0.000746205,0.999998,0.0342766,7.9676,-0.0737623,-4.35323e-05,0.000292859,0.00185404,0.212,0.344,0.248,0.336
9942,0,0,0,0.3,0,0.0330365,10.5173,-0.0707035,-0.00167115,0.000756787,-0.000745314,0.999998,0.0342893,7.96971,-0.0737915,-9.0514e-05,0.000209485,0.00174619,0.37,0.246,0.336,0.188
9943,0,0,0,0.3,0,0.0330708,10.5253,-0.0707773,-0.00167103,0.000756895,-0.000744418,0.999998,0.0343019,7.97182,-0.0738206,0.000623646,3.61345e-05,0.00182517,0.254,0.298,0.294,0.292
9944,0,0,0,0.3,0,0.0331052,10.5332,-0.0708512,-0.00167058,0.000756744,-0.000743531,0.999998,0.0343145,7.97392,-0.0738497,0.000975902,-0.000402399,0.00172274,0.29,0.308,0.276,0.266
9945,0,0,0,0.3,0,0.0331395,10.5412,-0.070925,-0.00167003,0.000756642,-0.000742656,0.999998,0.0343271,7.97603,-0.0738788,0.0013673,-0.000128603,0.00181352,0.334,0.238,0.35,0.216
9946,0,0,0,0.3,0,0.0331738,10.5492,-0.070999,-0.0016691,0.000756438,-0.000741725,0.999998,0.0343396,7.97813,-0.0739078,0.002101,-0.00062113,0.00185518,0.222,0.346,0.244,0.328
9947,0,0,0,0.3,0,0.0332082,10.5572,-0.0710729,-0.00166806,0.000756186,-0.000740818,0.999998,0.0343521,7.98023,-0.0739368,0.00210602,-0.000307259,0.00181005,0.38,0.228,0.356,0.176
9948,0,0,0,0.3,0,0.0332425,10.5652,-0.0711469,-0.00166683,0.000756005,-0.000739914,0.999998,0.0343646,7.98233,-0.0739658,0.00277301,-0.000590871,0.00176198,0.216,0.328,0.266,0.33
9949,0,0,0,0.3,0,0.0332769,10.5731,-0.0712209,-0.00166544,0.000755611,-0.000739132,0.999998,0.034377,7.98442,-0.0739947,0.00268838,-0.000745958,0.00140493,0.338,0.272,0.31,0.22
9950,0,0,0,0.3,0,0.0333113,10.5811,-0.0712949,-0.00166406,0.000755314,-0.000738495,0.999998,0.0343894,7.98652,-0.0740235,0.0029613,-0.000639052,0.00118068,0.292,0.27,0.322,0.256
9951,0,0,0,0.3,0,0.0333457,10.5891,-0.0713689,-0.00166251,0.000754824,-0.000738031,0.999998,0.0344018,7.98861,-0.0740523,0.00304211,-0.00115328,0.000679272,0.258,0.328,0.256,0.298
9952,0,0,0,0.3,0,0.0333801,10.5971,-0.071443,-0.00166112,0.00075436,-0.000737853,0.999998,0.0344142,7.9907,-0.0740811,0.00268735,-0.000756837,0.000145482,0.362,0.228,0.358,0.192
9953,0,0,0,0.3,0,0.0334145,10.6051,-0.0715171,-0.0016597,0.000753902,-0.000737923,0.999998,0.0344266,7.99279,-0.0741098,0.00290032,-0.00112551,-0.000406131,0.21,0.346,0.244,0.34
9954,0,0,0,0.3,0,0.033449,10.6131,-0.0715913,-0.0016584,0.000753398,-0.000738331,0.999998,0.0344389,7.99488,-0.0741384,0.00235724,-0.000746317,-0.0011051,0.374,0.244,0.336,0.184
9955,0,0,0,0.3,0,0.0334834,10.6211,-0.0716654,-0.00165722,0.000753158,-0.000739034,0.999998,0.0344513,7.99696,-0.074167,0.00245111,-0.000453373,-0.0016521,0.248,0.304,0.29,0.3
9956,0,0,0,0.3,0,0.0335179,10.6291,-0.0717396,-0.00165609,0.000752937,-0.000740079,0.999998,0.0344637,7.99904,-0.0741955,0.00194984,-0.000282519,-0.00244156,0.306,0.304,0.28,0.25
9957,0,0,0,0.3,0,0.0335524,10.6371,-0.0718138,-0.00165531,0.00075303,-0.000741474,0.999998,0.0344761,8.00113,-0.074224,0.00143442,0.000418719,-0.00301175,0.33,0.248,0.342,0.22
9958,0,0,0,0.3,0,0.0335869,10.6451,-0.0718881,-0.00165464,0.000753163,-0.000743134,0.999998,0.0344886,8.00321,-0.0742525,0.00113789,9.95975e-05,-0.00358845,0.23,0.344,0.244,0.322
9959,0,0,0,0.3,0,0.0336214,10.6531,-0.0719624,-0.00165434,0.000753296,-0.000745076,0.999998,0.0345011,8.00528,-0.074281,0.000234949,0.000469114,-0.00403892,0.384,0.228,0.356,0.174
9960,0,0,0,0.3,0,0.0336559,10.6611,-0.0720367,-0.00165427,0.000753495,-0.00074714,0.999998,0.0345136,8.00736,-0.0743094,7.87413e-05,0.000167494,-0.00420209,0.22,0.334,0.258,0.328
9961,0,0,0,0.3,0,0.0336904,10.6691,-0.072111,-0.00165445,0.000753532,-0.000749307,0.999998,0.0345262,8.00943,-0.0743378,-0.000769338,0.000184464,-0.00439793,0.35,0.27,0.312,0.208
9962,0,0,0,0.3,0,0.0337249,10.6771,-0.0721854,-0.00165497,0.000753733,-0.000751464,0.999998,0.0345389,8.01151,-0.0743662,-0.00110196,0.000387248,-0.00420637,0.282,0.278,0.314,0.264
9963,0,0,0,0.3,0,0.0337595,10.6851,-0.0722598,-0.00165561,0.000753793,-0.000753515,0.999998,0.0345516,8.01358,-0.0743947,-0.00156771,-2.21502e-05,-0.00402313,0.264,0.324,0.262,0.288
9964,0,0,0,0.3,0,0.0337941,10.6932,-0.0723342,-0.00165663,0.000753868,-0.000755419,0.999998,0.0345643,8.01565,-0.0744231,-0.00227675,0.000238705,-0.0035643,0.362,0.228,0.36,0.19
9965,0,0,0,0.3,0,0.0338286,10.7012,-0.0724087,-0.0016578,0.000753824,-0.000757023,0.999998,0.0345771,8.01772,-0.0744515,-0.00244035,-0.000446689,-0.00295309,0.218,0.344,0.246,0.332
9966,0,0,0,0.3,0,0.0338632,10.7092,-0.0724831,-0.00165927,0.000753528,-0.000758352,0.999998,0.03459,8.01978,-0.07448,-0.00332456,-0.000557862,-0.00238334,0.374,0.236,0.346,0.182
9967,0,0,0,0.3,0,0.0338978,10.7172,-0.0725577,-0.00166098,0.000753201,-0.000759333,0.999998,0.0346028,8.02185,-0.0745085,-0.0033931,-0.00088452,-0.00163784,0.238,0.308,0.284,0.308
9968,0,0,0,0.3,0,0.0339324,10.7252,-0.0726322,-0.00166276,0.000752623,-0.000759998,0.999998,0.0346157,8.02391,-0.074537,-0.00383031,-0.00118006,-0.00109493,0.314,0.294,0.29,0.242
9969,0,0,0,0.3,0,0.0339671,10.7333,-0.0727068,-0.00166477,0.000752146,-0.000760363,0.999998,0.0346286,8.02597,-0.0745656,-0.00396282,-0.000890991,-0.000418735,0.324,0.252,0.338,0.226
9970,0,0,0,0.3,0,0.0340017,10.7413,-0.0727813,-0.00166668,0.000751573,-0.000760432,0.999998,0.0346414,8.02803,-0.0745942,-0.00383862,-0.00130725,2.56623e-05,0.24,0.338,0.25,0.312
9971,0,0,0,0.3,0,0.0340364,10.7493,-0.072856,-0.00166872,0.000751003,-0.000760327,0.999998,0.0346543,8.03009,-0.0746228,-0.0041786,-0.000926755,0.00040678,0.38,0.22,0.364,0.176
9972,0,0,0,0.3,0,0.034071,10.7574,-0.0729306,-0.00167068,0.000750523,-0.000759976,0.999998,0.0346672,8.03214,-0.0746515,-0.00370203,-0.00110016,0.000911845,0.216,0.334,0.258,0.332
9973,0,0,0,0.3,0,0.0341057,10.7654,-0.0730053,-0.00167254,0.000749975,-0.000759421,0.999998,0.03468,8.03419,-0.0746802,-0.00378005,-0.000890322,0.00129295,0.354,0.262,0.32,0.204
9974,0,0,0,0.3,0,0.0341404,10.7734,-0.07308,-0.00167428,0.000749672,-0.000758617,0.999998,0.0346928,8.03625,-0.074709,-0.00308138,-0.0005407,0.00185607,0.272,0.28,0.31,0.278
9975,0,0,0,0.3,0,0.0341751,10.7815,-0.0731547,-0.00167561,0.000749349,-0.000757594,0.999998,0.0347056,8.0383,-0.0747378,-0.00245097,-0.000585864,0.00215966,0.274,0.316,0.266,0.282
9976,0,0,0,0.3,0,0.0342098,10.7895,-0.0732295,-0.00167673,0.00074928,-0.00075642,0.999998,0.0347184,8.04034,-0.0747666,-0.00193254,0.000189727,0.0025367,0.354,0.234,0.352,0.2
9977,0,0,0,0.3,0,0.0342446,10.7975,-0.0733043,-0.00167739,0.00074939,-0.000755058,0.999998,0.0347311,8.04239,-0.0747954,-0.000925588,0.000191714,0.00280587,0.218,0.346,0.244,0.334
9978,0,0,0,0.3,0,0.0342793,10.8056,-0.0733791,-0.00167777,0.000749653,-0.000753644,0.999998,0.0347438,8.04443,-0.0748241,-0.000624162,0.000939231,0.00286805,0.376,0.232,0.35,0.182
9979,0,0,0,0.3,0,0.0343141,10.8136,-0.073454,-0.00167782,0.000750279,-0.000752152,0.999998,0.0347564,8.04647,-0.0748529,0.000386294,0.00132231,0.00305602,0.232,0.312,0.28,0.314
9980,0,0,0,0.3,0,0.0343488,10.8217,-0.0735289,-0.00167748,0.00075097,-0.000750626,0.999998,0.034769,8.04851,-0.0748817,0.000779848,0.00158514,0.00303666,0.32,0.286,0.294,0.236
9981,0,0,0,0.3,0,0.0343836,10.8297,-0.0736038,-0.00167696,0.000751955,-0.000749079,0.999998,0.0347815,8.05055,-0.0749105,0.00140013,0.00213074,0.00314396,0.306,0.26,0.33,0.244
9982,0,0,0,0.3,0,0.0344184,10.8378,-0.0736787,-0.00167602,0.000752934,-0.000747532,0.999998,0.034794,8.05258,-0.0749392,0.00210752,0.00186249,0.00298776,0.238,0.34,0.248,0.314
9983,0,0,0,0.3,0,0.0344532,10.8458,-0.0737537,-0.00167494,0.000754006,-0.000746111,0.999998,0.0348064,8.05461,-0.0749679,0.00232151,0.00242506,0.00275303,0.372,0.226,0.36,0.182
9984,0,0,0,0.3,0,0.034488,10.8539,-0.0738287,-0.00167355,0.000755202,-0.000744788,0.999998,0.0348188,8.05664,-0.0749965,0.00308378,0.00220874,0.00250621,0.212,0.34,0.252,0.336
9985,0,0,0,0.3,0,0.0345229,10.862,-0.0739037,-0.00167204,0.000756271,-0.000743669,0.999998,0.0348311,8.05867,-0.0750251,0.00290036,0.00224272,0.00203099,0.36,0.256,0.326,0.198
9986,0,0,0,0.3,0,0.0345577,10.87,-0.0739788,-0.00167055,0.000757409,-0.000742745,0.999998,0.0348434,8.0607,-0.0750537,0.00315911,0.00209666,0.00169057,0.262,0.292,0.302,0.286
9987,0,0,0,0.3,0,0.0345926,10.8781,-0.0740538,-0.00166897,0.000758253,-0.000742055,0.999998,0.0348557,8.06273,-0.0750821,0.00298106,0.00150237,0.00109754,0.284,0.314,0.272,0.272
9988,0,0,0,0.3,0,0.0346274,10.8861,-0.074129,-0.00166762,0.000759068,-0.000741649,0.999998,0.034868,8.06475,-0.0751106,0.00261481,0.00168305,0.000622399,0.344,0.238,0.352,0.206
9989,0,0,0,0.3,0,0.0346623,10.8942,-0.0742041,-0.0016663,0.000759742,-0.000741472,0.999998,0.0348802,8.06678,-0.0751389,0.00255961,0.00103674,9.30703e-05,0.22,0.348,0.242,0.328
9990,0,0,0,0.3,0,0.0346972,10.9023,-0.0742793,-0.00166525,0.000760247,-0.000741605,0.999998,0.0348925,8.0688,-0.0751673,0.00176789,0.00110498,-0.000504985,0.382,0.234,0.348,0.176
9991,0,0,0,0.3,0,0.0347321,10.9104,-0.0743545,-0.00166441,0.000760732,-0.000741974,0.999998,0.0349047,8.07082,-0.0751955,0.0016984,0.000685649,-0.000936079,0.228,0.32,0.272,0.32
9992,0,0,0,0.3,0,0.034767,10.9184,-0.0744297,-0.00166372,0.000760943,-0.0007426,0.999998,0.034917,8.07284,-0.0752238,0.000987991,0.000419421,-0.00147676,0.33,0.28,0.302,0.226
9993,0,0,0,0.3,0,0.034802,10.9265,-0.0745049,-0.00166339,0.000761262,-0.000743404,0.999998,0.0349292,8.07485,-0.075252,0.000602735,0.000662677,-0.00165879,0.302,0.262,0.328,0.246
9994,0,0,0,0.3,0,0.0348369,10.9346,-0.0745802,-0.00166314,0.000761468,-0.000744285,0.999998,0.0349415,8.07687,-0.0752802,0.000249633,0.000259263,-0.00187024,0.254,0.334,0.254,0.3
9995,0,0,0,0.3,0,0.0348719,10.9427,-0.0746555,-0.00166326,0.000761696,-0.000745265,0.999998,0.0349538,8.07888,-0.0753084,-0.000466544,0.000616954,-0.00197295,0.374,0.224,0.362,0.18
9996,0,0,0,0.3,0,0.0349068,10.9507,-0.0747309,-0.00166349,0.000761921,-0.000746245,0.999998,0.0349661,8.08088,-0.0753366,-0.00048122,0.000190835,-0.00197679,0.218,0.34,0.252,0.33
9997,0,0,0,0.3,0,0.0349418,10.9588,-0.0748062,-0.0016639,0.000762004,-0.000747262,0.999998,0.0349784,8.08289,-0.0753648,-0.0011342,0.000320607,-0.0020401,0.368,0.248,0.334,0.19
9998,0,0,0,0.3,0,0.0349768,10.9669,-0.0748816,-0.00166447,0.000762233,-0.000748225,0.999998,0.0349908,8.0849,-0.075393,-0.00097153,0.00038324,-0.00182289,0.258,0.294,0.298,0.29
9999,0,0,0,0.3,0,0.0350118,10.975,-0.074957,-0.00166492,0.000762319,-0.000749105,0.999998,0.0350032,8.0869,-0.0754212,-0.000979662,0.000164974,-0.00171808,0.296,0.306,0.276,0.26
10000,2,1,0,0.3,0,0.0350468,10.9831,-0.0750325,-0.00166541,0.000762561,-0.000749882,0.999998,0.0350155,8.0889,-0.0754493,-0.000813829,0.000653815,-0.00137249,0.072,-0.024,0.612,0.48
10001,2,1,0,0.3,0,0.0350818,10.9912,-0.075108,-0.00166561,0.000762787,-0.00075046,0.999998,0.035028,8.09091,-0.0754775,-0.000161554,0.000246006,-0.00102494,-0.93,-0.816,0.92,1
10002,2,1,0,0.3,0,0.0351169,10.9993,-0.0751835,-0.00166567,0.000762969,-0.000750885,0.999998,0.0350404,8.09293,-0.0755057,-2.06479e-05,0.000528512,-0.000705165,-0.794,-0.93,1,0.836
10003,2,1,0,0.3,0,0.0351519,11.0074,-0.075259,-0.00166541,0.000762744,-0.000753029,0.999998,0.0350529,8.09494,-0.0755339,0.00097082,-0.00185579,-0.0111058,-0.93,-0.83,0.942,1
10004,2,1,0,0.3,0,0.035187,11.0155,-0.0753346,-0.00166475,0.000760573,-0.000771346,0.999998,0.0350653,8.09684,-0.0755617,0.0014736,-0.00645768,-0.0645878,-0.872,-0.93,1,0.916
10005,2,1,0,0.3,0,0.0352221,11.0236,-0.0754102,-0.00166373,0.000756014,-0.000833278,0.999998,0.0350784,8.09855,-0.0755889,0.00245837,-0.0117792,-0.179595,-0.906,-0.93,1,0.934
10006,2,1,0,0.3,0,0.0352572,11.0317,-0.0754858,-0.00166207,0.000748668,-0.00097175,0.999998,0.0350937,8.10009,-0.0756154,0.00346352,-0.0176997,-0.3627,-0.93,-0.86,0.958,1
10007,2,1,0,0.3,0,0.0352923,11.0398,-0.0755614,-0.00165996,0.000738832,-0.00122113,0.999998,0.0351136,8.10147,-0.0756413,0.00422118,-0.0226054,-0.614305,-0.832,-0.93,1,0.876
10008,2,1,0,0.3,0,0.0353274,11.0479,-0.0756371,-0.00165715,0.000726786,-0.0016149,0.999997,0.0351412,8.10276,-0.0756669,0.00560751,-0.0275304,-0.931567,-0.93,-0.88,0.978,1
10009,2,1,0,0.3,0,0.0353626,11.056,-0.0757128,-0.00165368,0.000712843,-0.00218495,0.999996,0.0351808,8.10398,-0.0756922,0.00636114,-0.0313097,-1.31101,-0.924,-0.93,1,0.968
10010,2,1,0,0.3,0,0.0353978,11.0641,-0.0757885,-0.00164963,0.00069763,-0.00296119,0.999994,0.0352372,8.10518,-0.0757173,0.00741993,-0.0343242,-1.74834,-0.914,-0.93,1,0.966
10011,2,1,0,0.3,0,0.0354332,11.0722,-0.0758642,-0.00164487,0.000681405,-0.00397148,0.999991,0.0353162,8.10638,-0.0757424,0.00841027,-0.0368591,-2.23994,-0.856,-0.93,1,0.904
10012,2,1,0,0.3,0,0.0354686,11.0803,-0.07594,-0.00163956,0.000664544,-0.00524201,0.999985,0.0354244,8.10761,-0.0757673,0.00891087,-0.0386275,-2.78234,-0.93,-0.826,0.914,1
10013,2,1,0,0.3,0,0.0355041,11.0884,-0.0760158,-0.00163392,0.000647615,-0.00679708,0.999975,0.0355693,8.10891,-0.0757923,0.00914163,-0.03911,-3.37153,-0.572,-0.65,1,0.912
10014,2,1,0,0.3,0,0.0355399,11.0965,-0.0760916,-0.00162782,0.000631103,-0.00865863,0.999961,0.035759,8.11025,-0.0758174,0.00979565,-0.0392068,-4.00232,-0.292,-0.314,0.89,0.856
10015,2,1,0,0.3,0,0.0355759,11.1046,-0.0761674,-0.00162139,0.000615244,-0.0108462,0.99994,0.0360022,8.11166,-0.0758424,0.00955602,-0.0384888,-4.67043,-0.08,-0.12,0.7,0.64
10016,2,1,0,0.3,0,0.0356122,11.1127,-0.0762433,-0.00161506,0.000600648,-0.013377,0.999909,0.0363094,8.11318,-0.0758676,0.00878648,-0.0365939,-5.37045,0.096,0.168,0.41,0.466
10017,2,1,0,0.3,0,0.0356489,11.1208,-0.0763192,-0.00160892,0.00058792,-0.0162646,0.999866,0.0366921,8.11483,-0.0758931,0.00804098,-0.0333525,-6.09363,0.35,0.32,0.256,0.214
10018,2,1,0,0.3,0,0.0356861,11.129,-0.0763951,-0.00160287,0.000577652,-0.0195171,0.999808,0.0371604,8.11659,-0.0759187,0.00746847,-0.0292778,-6.82717,0.552,0.488,0.084,0.0140001
10019,2,1,0,0.3,0,0.0357238,11.1371,-0.0764711,-0.00159719,0.00057042,-0.0231353,0.999731,0.0377221,8.11837,-0.0759441,0.0058554,-0.0234735,-7.55547,0.672,0.654,-0.072,-0.116
10020,2,1,0,0.3,0,0.0357622,11.1452,-0.076547,-0.00159242,0.00056714,-0.0271117,0.999631,0.0383827,8.12006,-0.0759691,0.00342033,-0.0159422,-8.26187,0.814,0.824,-0.242,-0.256
10021,2,1,0,0.3,0,0.0358013,11.1533,-0.076623,-0.00158886,0.000568571,-0.0314308,0.999505,0.0391458,8.12159,-0.0759935,0.000796286,-0.00697349,-8.93097,0.894,0.966,-0.38,-0.34
10022,2,1,0,0.3,0,0.0358413,11.1614,-0.0766991,-0.0015864,0.000574921,-0.0360698,0.999348,0.040014,8.1229,-0.076017,-0.00146283,0.00178763,-9.5492,1,0.902,-0.516,-0.636
10023,2,1,0,0.3,0,0.0358823,11.1696,-0.0767751,-0.00158514,0.000586031,-0.0409999,0.999158,0.0409898,8.12395,-0.0760397,-0.00413424,0.0104647,-10.1049,1,0.996,-0.568,-0.612
10024,2,1,0,0.3,0,0.0359244,11.1777,-0.0768512,-0.0015854,0.00060174,-0.0461865,0.998931,0.042076,8.12475,-0.0760615,-0.00766888,0.019026,-10.5884,1,0.992,-0.634,-0.688
10025,2,1,0,0.3,0,0.0359677,11.1858,-0.0769272,-0.00158755,0.000622107,-0.051591,0.998667,0.0432731,8.12529,-0.0760825,-0.0112038,0.027871,-10.9912,0.928,1,-0.678,-0.664
10026,2,1,0,0.3,0,0.0360123,11.1939,-0.0770033,-0.00159127,0.00064663,-0.0571711,0.998363,0.0445813,8.12557,-0.0761027,-0.0139885,0.0349931,-11.3087,1,0.886,-0.582,-0.746
10027,2,1,0,0.3,0,0.0360583,11.2021,-0.0770795,-0.00159634,0.000674314,-0.0628836,0.998019,0.0460036,8.12562,-0.0761224,-0.016569,0.0402346,-11.5398,0.96,1,-0.408,-0.446
10028,2,1,0,0.3,0,0.0361058,11.2102,-0.0771556,-0.00160281,0.000704109,-0.0686856,0.997637,0.0475436,8.12548,-0.0761416,-0.0195293,0.0437248,-11.6868,0.89,0.948,-0.342,-0.356
10029,2,1,0,0.3,0,0.036155,11.2183,-0.0772318,-0.00161066,0.000735234,-0.0745361,0.997217,0.049207,8.12521,-0.0761606,-0.0219048,0.0455739,-11.7543,0.864,0.746,-0.138,-0.332
10030,2,1,0,0.3,0,0.036206,11.2264,-0.077308,-0.00161941,0.000766148,-0.0803972,0.996761,0.0510062,8.1249,-0.0761798,-0.0238305,0.0436492,-11.7502,0.594,0.72,-0.102,-0.072
10031,2,1,0,0.3,0,0.036259,11.2346,-0.0773842,-0.00162916,0.000795355,-0.0862355,0.996273,0.0529555,8.12463,-0.0761994,-0.0263813,0.0398799,-11.6836,0.594,0.528,0.082,-0.064
10032,2,1,0,0.3,0,0.036314,11.2427,-0.0774604,-0.0016398,0.000821859,-0.0920228,0.995755,0.0550647,8.12445,-0.0762196,-0.0283598,0.0335422,-11.5651,0.4,0.392,0.226,0.122
10033,2,1,0,0.3,0,0.0363714,11.2508,-0.0775366,-0.00165116,0.000844124,-0.0977364,0.995211,0.0573378,8.12438,-0.0762407,-0.0309137,0.0245849,-11.4072,0.228,0.326,0.29,0.296
10034,2,1,0,0.3,0,0.0364311,11.2589,-0.0776129,-0.00166349,0.00086139,-0.10336,0.994642,0.0597746,8.12439,-0.0762624,-0.0337151,0.0147248,-11.2221,0.22,0.104,0.506,0.31
10035,2,1,0,0.3,0,0.0364935,11.2671,-0.0776892,-0.00167655,0.000872827,-0.108884,0.994053,0.0623713,8.12449,-0.0762849,-0.0362952,0.00264262,-11.0229,-0.03,0.082,0.534,0.552
10036,2,1,0,0.3,0,0.0365586,11.2752,-0.0777655,-0.00169051,0.000877697,-0.114305,0.993444,0.065122,8.12463,-0.076308,-0.0397014,-0.00973783,-10.8224,-0.012,-0.064,0.67,0.546
10037,2,1,0,0.3,0,0.0366267,11.2833,-0.0778418,-0.00170539,0.000876078,-0.119625,0.992817,0.06802,8.12478,-0.0763316,-0.0426574,-0.022302,-10.6322,-0.132,-0.136,0.744,0.666
10038,2,1,0,0.3,0,0.0366977,11.2914,-0.0779182,-0.00172102,0.000867643,-0.124853,0.992173,0.0710589,8.12494,-0.0763557,-0.0459118,-0.0353315,-10.4634,-0.182,-0.17,0.772,0.72
10039,2,1,0,0.3,0,0.0367719,11.2996,-0.0779945,-0.00173755,0.00085274,-0.130003,0.991512,0.0742342,8.12509,-0.0763803,-0.0490301,-0.0470892,-10.3249,-0.204,-0.214,0.812,0.746
10040,2,1,0,0.3,0,0.0368495,11.3077,-0.0780709,-0.00175466,0.000831889,-0.13509,0.990831,0.0775434,8.12522,-0.0764052,-0.0514031,-0.0582158,-10.2239,-0.198,-0.214,0.808,0.746
10041,2,1,0,0.3,0,0.0369305,11.3158,-0.0781474,-0.0017721,0.000805648,-0.140135,0.99013,0.0809865,8.12534,-0.0764306,-0.0532614,-0.0679476,-10.1659,-0.186,-0.202,0.794,0.736
10042,2,1,0,0.3,0,0.037015,11.3239,-0.0782238,-0.00178959,0.000774884,-0.145161,0.989406,0.0845661,8.12545,-0.0764565,-0.0543502,-0.0760904,-10.1535,-0.152,-0.156,0.742,0.706
10043,2,1,0,0.3,0,0.0371033,11.3321,-0.0783003,-0.00180682,0.000740553,-0.15019,0.988655,0.0882867,8.12557,-0.0764828,-0.0545066,-0.0823713,-10.1875,-0.066,-0.132,0.714,0.624
10044,2,1,0,0.3,0,0.0371955,11.3402,-0.0783768,-0.00182334,0.000703645,-0.155244,0.987874,0.0921535,8.12571,-0.0765096,-0.0536188,-0.0870225,-10.2664,-0.044,-0.028,0.608,0.604
10045,2,1,0,0.3,0,0.0372917,11.3483,-0.0784534,-0.00183882,0.00066517,-0.160345,0.987059,0.0961713,8.12587,-0.076537,-0.0517815,-0.0896238,-10.3867,0.068,0.024,0.552,0.496
10046,2,1,0,0.3,0,0.037392,11.3564,-0.0785299,-0.0018528,0.000626225,-0.165511,0.986206,0.100344,8.12607,-0.0765648,-0.0485959,-0.0906109,-10.5433,0.132,0.114,0.46,0.434
10047,2,1,0,0.3,0,0.0374967,11.3646,-0.0786065,-0.00186483,0.000587627,-0.170759,0.985311,0.104675,8.12628,-0.076593,-0.0445689,-0.0900913,-10.7299,0.212,0.202,0.37,0.354
10048,2,1,0,0.3,0,0.0376058,11.3727,-0.0786831,-0.00187467,0.000550341,-0.1761,0.98437,0.109166,8.12651,-0.0766216,-0.0397048,-0.0878158,-10.939,0.3,0.296,0.276,0.268
10049,2,1,0,0.3,0,0.0377197,11.3808,-0.0787598,-0.00188206,0.0005152,-0.181542,0.983381,0.113816,8.12675,-0.0766504,-0.0341543,-0.0842455,-11.163,0.41,0.332,0.238,0.16
10050,2,1,0,0.3,0,0.0378383,11.389,-0.0788365,-0.0018869,0.000482854,-0.187092,0.98234,0.118624,8.12697,-0.0766793,-0.0283774,-0.079524,-11.3936,0.39,0.47,0.106,0.174
10051,2,1,0,0.3,0,0.0379619,11.3971,-0.0789132,-0.0018893,0.000453925,-0.192749,0.981246,0.123588,8.12716,-0.0767082,-0.0225397,-0.0734991,-11.6228,0.568,0.47,0.098,0.00399995
10052,2,1,0,0.3,0,0.0380906,11.4052,-0.0789899,-0.00188922,0.000428897,-0.198509,0.980097,0.128706,8.1273,-0.076737,-0.0163624,-0.0671269,-11.8431,0.532,0.556,0.022,0.03
10053,2,1,0,0.3,0,0.0382246,11.4133,-0.0790667,-0.0018868,0.000407732,-0.204367,0.978893,0.133977,8.12739,-0.0767656,-0.0109023,-0.0606042,-12.0481,0.6,0.634,-0.058,-0.036
10054,2,1,0,0.3,0,0.038364,11.4215,-0.0791435,-0.00188238,0.000390752,-0.210312,0.977633,0.139401,8.12742,-0.076794,-0.00545525,-0.0533181,-12.2317,0.69,0.586,-0.00999999,-0.126
10055,2,1,0,0.3,0,0.0385089,11.4296,-0.0792203,-0.00187596,0.000377715,-0.216331,0.976318,0.144979,8.12737,-0.076822,-0.000585541,-0.0472353,-12.3893,0.592,0.718,-0.13,-0.04
10056,2,1,0,0.3,0,0.0386596,11.4377,-0.0792971,-0.00186808,0.000368257,-0.222411,0.974951,0.150714,8.12726,-0.0768497,0.00327555,-0.0407935,-12.5169,0.742,0.64,-0.062,-0.18
10057,2,1,0,0.3,0,0.0388163,11.4458,-0.079374,-0.0018589,0.000362285,-0.228536,0.973534,0.156609,8.12708,-0.0768771,0.00696044,-0.0353922,-12.6117,0.626,0.684,-0.092,-0.078
10058,2,1,0,0.3,0,0.0389789,11.454,-0.0794509,-0.00184879,0.000358944,-0.234688,0.972069,0.162667,8.12684,-0.0769042,0.0091098,-0.030966,-12.6725,0.658,0.668,-0.08,-0.106
10059,2,1,0,0.3,0,0.0391478,11.4621,-0.0795279,-0.00183824,0.000358019,-0.240852,0.97056,0.168894,8.12654,-0.076931,0.0107691,-0.0267302,-12.6984,0.642,0.586,0.00399995,-0.092
10060,2,1,0,0.3,0,0.0393231,11.4702,-0.0796048,-0.00182747,0.000358764,-0.247008,0.969012,0.175293,8.1262,-0.0769575,0.0112299,-0.0242966,-12.6906,0.526,0.624,-0.026,0.016
10061,2,1,0,0.3,0,0.039505,11.4783,-0.0796818,-0.00181703,0.000360519,-0.253142,0.967427,0.181867,8.1258,-0.0769839,0.0106019,-0.0220906,-12.6511,0.592,0.488,0.102,-0.042
10062,2,1,0,0.3,0,0.0396936,11.4865,-0.0797588,-0.00180715,0.000362846,-0.259239,0.965811,0.188617,8.12535,-0.07701,0.00937857,-0.0213439,-12.5831,0.41,0.498,0.106,0.126
10063,2,1,0,0.3,0,0.0398891,11.4946,-0.0798359,-0.00179823,0.000364836,-0.265287,0.964168,0.195543,8.12486,-0.077036,0.00670519,-0.0214816,-12.4913,0.446,0.41,0.184,0.1
10064,2,1,0,0.3,0,0.0400918,11.5027,-0.0799129,-0.00179059,0.000366203,-0.271274,0.9625,0.202642,8.12432,-0.0770619,0.00376781,-0.0222084,-12.3802,0.348,0.332,0.268,0.192
10065,2,1,0,0.3,0,0.0403017,11.5108,-0.07999,-0.00178439,0.000366117,-0.277194,0.960812,0.20991,8.12371,-0.0770876,-0.000452702,-0.0245199,-12.256,0.262,0.344,0.256,0.276
10066,2,1,0,0.3,0,0.040519,11.519,-0.0800671,-0.00178004,0.000364278,-0.283042,0.959106,0.21734,8.12304,-0.0771133,-0.0049698,-0.0263847,-12.1244,0.308,0.192,0.4,0.238
10067,2,1,0,0.3,0,0.040744,11.5271,-0.0801443,-0.0017775,0.000360459,-0.288815,0.957383,0.224926,8.12229,-0.0771388,-0.00990058,-0.029565,-11.9912,0.144,0.248,0.356,0.392
10068,2,1,0,0.3,0,0.0409766,11.5352,-0.0802214,-0.00177708,0.000354171,-0.294515,0.955645,0.232661,8.12147,-0.0771641,-0.0155761,-0.0324252,-11.8621,0.218,0.148,0.444,0.33
10069,2,1,0,0.3,0,0.0412172,11.5433,-0.0802986,-0.00177877,0.000345698,-0.300146,0.953892,0.240539,8.12055,-0.0771894,-0.020668,-0.035365,-11.742,0.122,0.14,0.458,0.42
10070,2,1,0,0.3,0,0.0414657,11.5515,-0.0803758,-0.00178247,0.000334688,-0.305712,0.952122,0.248554,8.11954,-0.0772146,-0.0262893,-0.0387637,-11.6355,0.128,0.128,0.466,0.418
10071,2,1,0,0.3,0,0.0417224,11.5596,-0.0804531,-0.00178825,0.000321415,-0.311222,0.950336,0.256702,8.11843,-0.0772397,-0.0313067,-0.0412661,-11.5456,0.124,0.094,0.498,0.424
10072,2,1,0,0.3,0,0.0419874,11.5677,-0.0805303,-0.00179586,0.000306057,-0.316683,0.94853,0.26498,8.11723,-0.0772648,-0.0361105,-0.0440296,-11.4752,0.108,0.108,0.482,0.442
10073,2,1,0,0.3,0,0.0422608,11.5758,-0.0806076,-0.00180524,0.000288731,-0.322106,0.946702,0.273389,8.11593,-0.0772899,-0.0404996,-0.0461431,-11.426,0.12,0.104,0.484,0.432
10074,2,1,0,0.3,0,0.0425427,11.5839,-0.0806849,-0.00181611,0.000269858,-0.327501,0.944849,0.281927,8.11453,-0.077315,-0.0440409,-0.0478709,-11.3989,0.142,0.116,0.47,0.412
10075,2,1,0,0.3,0,0.0428333,11.592,-0.0807623,-0.00182816,0.000249746,-0.332879,0.942968,0.290596,8.11304,-0.0773402,-0.0468163,-0.0491403,-11.394,0.16,0.126,0.458,0.394
10076,2,1,0,0.3,0,0.0431327,11.6001,-0.0808396,-0.00184106,0.000228778,-0.338249,0.941055,0.299397,8.11146,-0.0773655,-0.0487452,-0.0499416,-11.4105,0.18,0.174,0.41,0.376
10077,2,1,0,0.3,0,0.043441,11.6083,-0.080917,-0.00185446,0.000207373,-0.343622,0.939106,0.30833,8.10978,-0.0773909,-0.0496006,-0.0501894,-11.4469,0.236,0.176,0.402,0.324
10078,2,1,0,0.3,0,0.0437584,11.6164,-0.0809944,-0.00186789,0.000185883,-0.349005,0.937119,0.317399,8.10802,-0.0774163,-0.0494884,-0.0503205,-11.5009,0.232,0.246,0.336,0.326
10079,2,1,0,0.3,0,0.044085,11.6245,-0.0810719,-0.00188098,0.000164588,-0.354405,0.93509,0.326603,8.10617,-0.0774419,-0.048408,-0.0500109,-11.5699,0.308,0.26,0.318,0.254
10080,2,1,0,0.3,0,0.044421,11.6326,-0.0811494,-0.00189325,0.000143914,-0.35983,0.933016,0.335945,8.10422,-0.0774676,-0.0461126,-0.0494679,-11.6504,0.32,0.304,0.276,0.24
10081,2,1,0,0.3,0,0.0447664,11.6407,-0.0812269,-0.00190432,0.000124062,-0.365282,0.930895,0.345423,8.10218,-0.0774934,-0.0432162,-0.0487502,-11.7391,0.364,0.346,0.232,0.196
10082,2,1,0,0.3,0,0.0451214,11.6488,-0.0813044,-0.00191393,0.000105401,-0.370764,0.928725,0.355037,8.10004,-0.0775192,-0.0394121,-0.047516,-11.8321,0.4,0.362,0.216,0.162
10083,2,1,0,0.3,0,0.0454862,11.6569,-0.0813819,-0.00192178,8.81296e-05,-0.376276,0.926506,0.364788,8.09781,-0.077545,-0.0351778,-0.046429,-11.9259,0.41,0.412,0.168,0.148
10084,2,1,0,0.3,0,0.0458609,11.665,-0.0814595,-0.00192773,7.23101e-05,-0.381818,0.924235,0.374674,8.09547,-0.0775708,-0.0305901,-0.0451801,-12.0169,0.454,0.424,0.156,0.106
10085,2,1,0,0.3,0,0.0462456,11.6731,-0.0815371,-0.00193163,5.80288e-05,-0.387387,0.921915,0.384695,8.09302,-0.0775964,-0.0257593,-0.0441499,-12.1019,0.462,0.45,0.13,0.096
10086,2,1,0,0.3,0,0.0466405,11.6812,-0.0816147,-0.00193345,4.51383e-05,-0.392979,0.919546,0.394852,8.09047,-0.077622,-0.0211302,-0.043337,-12.1782,0.478,0.472,0.112,0.0779999
10087,2,1,0,0.3,0,0.0470456,11.6892,-0.0816924,-0.00193324,3.35759e-05,-0.398588,0.917128,0.405144,8.08781,-0.0776474,-0.0165469,-0.0426121,-12.2435,0.488,0.478,0.106,0.0700001
10088,2,1,0,0.3,0,0.0474612,11.6973,-0.08177,-0.00193102,2.32097e-05,-0.40421,0.914664,0.415572,8.08504,-0.0776725,-0.0122492,-0.0422091,-12.2959,0.484,0.486,0.1,0.0700001
10089,2,1,0,0.3,0,0.0478873,11.7054,-0.0818477,-0.00192694,1.38175e-05,-0.409836,0.912157,0.426137,8.08216,-0.0776975,-0.00842978,-0.0420343,-12.3342,0.49,0.482,0.106,0.062
10090,2,1,0,0.3,0,0.0483241,11.7135,-0.0819254,-0.00192119,5.20587e-06,-0.41546,0.909609,0.436839,8.07917,-0.0777221,-0.00519296,-0.0420704,-12.3575,0.472,0.482,0.108,0.0779999
10091,2,1,0,0.3,0,0.0487718,11.7216,-0.0820032,-0.00191406,-2.88842e-06,-0.421076,0.907023,0.447678,8.07606,-0.0777465,-0.00274466,-0.0423089,-12.3658,0.468,0.468,0.12,0.082
10092,2,1,0,0.3,0,0.0492305,11.7296,-0.082081,-0.00190587,-1.06923e-05,-0.426675,0.904403,0.458655,8.07284,-0.0777705,-0.00100321,-0.0426979,-12.3595,0.442,0.448,0.144,0.106
10093,2,1,0,0.3,0,0.0497002,11.7377,-0.0821588,-0.00189693,-1.848e-05,-0.432252,0.901751,0.469768,8.0695,-0.0777942,-0.000180971,-0.0432818,-12.3394,0.428,0.444,0.148,0.12
10094,2,1,0,0.3,0,0.0501813,11.7458,-0.0822366,-0.00188762,-2.64473e-05,-0.437799,0.899071,0.481017,8.06605,-0.0778175,-5.59374e-05,-0.0437876,-12.3069,0.426,0.39,0.2,0.124
10095,2,1,0,0.3,0,0.0506737,11.7538,-0.0823144,-0.00187828,-3.48052e-05,-0.443313,0.896365,0.492397,8.06248,-0.0778404,-0.000911419,-0.0444755,-12.2638,0.362,0.416,0.18,0.182
10096,2,1,0,0.3,0,0.0511776,11.7619,-0.0823923,-0.00186931,-4.37361e-05,-0.448789,0.893636,0.503909,8.05879,-0.077863,-0.00233706,-0.0448472,-12.2122,0.402,0.342,0.244,0.152
10097,2,1,0,0.3,0,0.0516931,11.7699,-0.0824702,-0.00186089,-5.32506e-05,-0.454223,0.890886,0.515549,8.05499,-0.0778851,-0.00420302,-0.0454185,-12.1541,0.31,0.352,0.246,0.232
10098,2,1,0,0.3,0,0.0522204,11.778,-0.0825481,-0.00185333,-6.36525e-05,-0.459613,0.888117,0.527312,8.05105,-0.0779069,-0.00686957,-0.0458965,-12.0921,0.336,0.33,0.26,0.214
10099,2,1,0,0.3,0,0.0527596,11.786,-0.082626,-0.00184675,-7.47387e-05,-0.464959,0.88533,0.539195,8.04699,-0.0779283,-0.00917183,-0.0460008,-12.0281,0.312,0.27,0.32,0.238
10100,2,1,0,0.3,0,0.0533108,11.7941,-0.0827039,-0.00184122,-8.67258e-05,-0.470259,0.882527,0.551194,8.0428,-0.0779493,-0.012415,-0.0465942,-11.965,0.254,0.334,0.262,0.29
10101,2,1,0,0.3,0,0.0538741,11.8021,-0.0827819,-0.00183699,-9.95704e-05,-0.475515,0.879705,0.563304,8.03848,-0.0779699,-0.0151958,-0.0463417,-11.9046,0.326,0.222,0.36,0.232
10102,2,1,0,0.3,0,0.0544496,11.8102,-0.0828599,-0.00183385,-0.000113039,-0.480729,0.876867,0.575522,8.03403,-0.0779901,-0.0180098,-0.0465572,-11.849,0.212,0.29,0.308,0.33
10103,2,1,0,0.3,0,0.0550375,11.8182,-0.0829379,-0.001832,-0.000127341,-0.485904,0.874011,0.587845,8.02945,-0.07801,-0.021015,-0.0461965,-11.7997,0.296,0.24,0.342,0.262
10104,2,1,0,0.3,0,0.0556378,11.8262,-0.0830159,-0.00183127,-0.000141942,-0.491041,0.871134,0.600271,8.02473,-0.0780296,-0.0230785,-0.0456432,-11.7579,0.242,0.228,0.362,0.308
10105,2,1,0,0.3,0,0.0562506,11.8342,-0.083094,-0.00183162,-0.000157136,-0.496146,0.868237,0.612797,8.01988,-0.0780489,-0.0259496,-0.0455051,-11.7248,0.242,0.274,0.314,0.308
10106,2,1,0,0.3,0,0.056876,11.8422,-0.0831721,-0.00183307,-0.000172591,-0.501222,0.865317,0.625421,8.0149,-0.0780678,-0.0275134,-0.044456,-11.7007,0.288,0.202,0.378,0.272
10107,2,1,0,0.3,0,0.0575141,11.8503,-0.0832502,-0.00183526,-0.00018814,-0.506272,0.862372,0.638143,8.00978,-0.0780865,-0.0292963,-0.0441483,-11.6863,0.226,0.278,0.314,0.322
10108,2,1,0,0.3,0,0.0581651,11.8583,-0.0833283,-0.00183826,-0.000203909,-0.511301,0.859399,0.650961,8.00452,-0.078105,-0.0305645,-0.0432704,-11.6813,0.304,0.236,0.342,0.256
10109,2,1,0,0.3,0,0.058829,11.8663,-0.0834064,-0.00184168,-0.000219432,-0.516313,0.856398,0.663876,7.99913,-0.0781232,-0.0309568,-0.0426536,-11.6853,0.262,0.268,0.32,0.29
10110,2,1,0,0.3,0,0.0595058,11.8743,-0.0834845,-0.00184539,-0.000234954,-0.521311,0.853365,0.676886,7.9936,-0.0781412,-0.0315216,-0.0422766,-11.698,0.302,0.292,0.29,0.256
10111,2,1,0,0.3,0,0.0601958,11.8822,-0.0835627,-0.00184914,-0.000250145,-0.526299,0.850298,0.689989,7.98793,-0.0781589,-0.0308746,-0.0416354,-11.718,0.32,0.274,0.306,0.238
10112,2,1,0,0.3,0,0.060899,11.8902,-0.0836409,-0.00185263,-0.000265031,-0.531278,0.847195,0.703186,7.98213,-0.0781764,-0.0303876,-0.0415991,-11.7444,0.306,0.332,0.254,0.248
10113,2,1,0,0.3,0,0.0616155,11.8982,-0.0837191,-0.00185577,-0.000279579,-0.536251,0.844056,0.716476,7.97618,-0.0781937,-0.0291102,-0.0412218,-11.7756,0.358,0.306,0.272,0.202
10114,2,1,0,0.3,0,0.0623453,11.9062,-0.0837973,-0.00185823,-0.000293555,-0.54122,0.840879,0.72986,7.9701,-0.0782107,-0.0274837,-0.041225,-11.8101,0.338,0.346,0.24,0.214
10115,2,1,0,0.3,0,0.0630887,11.9141,-0.0838755,-0.00185997,-0.000307126,-0.546185,0.837662,0.743335,7.96387,-0.0782275,-0.0259247,-0.0412522,-11.8466,0.376,0.352,0.23,0.182
10116,2,1,0,0.3,0,0.0638456,11.9221,-0.0839537,-0.00186087,-0.000320115,-0.551146,0.834407,0.756901,7.9575,-0.078244,-0.0238661,-0.0413047,-11.8832,0.378,0.356,0.23,0.178
10117,2,1,0,0.3,0,0.0646162,11.93,-0.084032,-0.00186086,-0.00033268,-0.556103,0.831111,0.770558,7.95099,-0.0782603,-0.0221996,-0.0417287,-11.9187,0.384,0.39,0.198,0.17
10118,2,1,0,0.3,0,0.0654005,11.938,-0.0841103,-0.00185994,-0.00034487,-0.561054,0.827777,0.784305,7.94433,-0.0782762,-0.0202842,-0.0421131,-11.9516,0.402,0.376,0.208,0.154
10119,2,1,0,0.3,0,0.0661986,11.9459,-0.0841886,-0.00185804,-0.000356755,-0.565999,0.824404,0.798141,7.93752,-0.0782918,-0.0186719,-0.0428988,-11.9808,0.392,0.396,0.19,0.16
10120,2,1,0,0.3,0,0.0670107,11.9539,-0.0842669,-0.00185526,-0.000368538,-0.570933,0.820994,0.812064,7.93057,-0.0783071,-0.0172551,-0.0436726,-12.0052,0.412,0.392,0.194,0.144
10121,2,1,0,0.3,0,0.0678367,11.9618,-0.0843452,-0.00185159,-0.000380172,-0.575856,0.817549,0.826073,7.92347,-0.078322,-0.015825,-0.0444476,-12.024,0.402,0.394,0.192,0.152
10122,2,1,0,0.3,0,0.0686769,11.9697,-0.0844235,-0.00184712,-0.000391754,-0.580765,0.814069,0.840168,7.91621,-0.0783365,-0.0146883,-0.0452433,-12.0368,0.404,0.39,0.194,0.152
10123,2,1,0,0.3,0,0.0695312,11.9776,-0.0845019,-0.0018419,-0.000403279,-0.585655,0.810558,0.854347,7.90881,-0.0783506,-0.0135327,-0.0459648,-12.0431,0.396,0.398,0.188,0.156
10124,2,1,0,0.3,0,0.0703999,11.9855,-0.0845802,-0.00183597,-0.000414776,-0.590526,0.807016,0.868607,7.90125,-0.0783642,-0.0125371,-0.0467094,-12.0431,0.398,0.386,0.198,0.156
10125,2,1,0,0.3,0,0.0712828,11.9934,-0.0846586,-0.00182938,-0.000426273,-0.595374,0.803446,0.882946,7.89354,-0.0783774,-0.011676,-0.0474082,-12.0369,0.376,0.388,0.2,0.174
10126,2,1,0,0.3,0,0.0721802,12.0013,-0.084737,-0.00182226,-0.000437833,-0.600196,0.799851,0.897364,7.88567,-0.0783902,-0.011147,-0.0480033,-12.025,0.384,0.378,0.206,0.172
10127,2,1,0,0.3,0,0.073092,12.0092,-0.0848154,-0.00181474,-0.000449438,-0.604991,0.79623,0.911857,7.87765,-0.0784024,-0.0107548,-0.0484128,-12.0077,0.368,0.352,0.236,0.184
10128,2,1,0,0.3,0,0.0740184,12.017,-0.0848938,-0.00180701,-0.000461152,-0.609756,0.792587,0.926423,7.86947,-0.0784142,-0.0109101,-0.048617,-11.9859,0.348,0.38,0.21,0.202
10129,2,1,0,0.3,0,0.0749595,12.0249,-0.0849723,-0.00179929,-0.000472873,-0.61449,0.788922,0.941061,7.86113,-0.0784254,-0.0109307,-0.0483419,-11.9603,0.37,0.322,0.262,0.186
10130,2,1,0,0.3,0,0.0759153,12.0327,-0.0850507,-0.00179171,-0.000484582,-0.619191,0.785238,0.955766,7.85264,-0.0784362,-0.0116275,-0.0480814,-11.932,0.316,0.36,0.236,0.228
10131,2,1,0,0.3,0,0.0768858,12.0406,-0.0851291,-0.00178457,-0.000496388,-0.623859,0.781534,0.970537,7.84398,-0.0784464,-0.0124222,-0.047296,-11.9021,0.356,0.32,0.26,0.202
10132,2,1,0,0.3,0,0.0778712,12.0484,-0.0852076,-0.00177787,-0.000508022,-0.628493,0.777813,0.985369,7.83517,-0.0784562,-0.0131342,-0.0464208,-11.8713,0.316,0.3,0.292,0.232
10133,2,1,0,0.3,0,0.0788714,12.0563,-0.0852861,-0.00177189,-0.000519755,-0.633092,0.774074,1.00026,7.8262,-0.0784654,-0.014733,-0.0454285,-11.8408,0.31,0.344,0.244,0.242
10134,2,1,0,0.3,0,0.0798866,12.0641,-0.0853645,-0.00176666,-0.000531318,-0.637658,0.770318,1.01521,7.81706,-0.0784742,-0.0153502,-0.0439997,-11.8112,0.336,0.26,0.322,0.222
10135,2,1,0,0.3,0,0.0809168,12.0719,-0.085443,-0.00176212,-0.000542768,-0.64219,0.766544,1.03021,7.80777,-0.0784825,-0.0168976,-0.0430508,-11.7836,0.272,0.334,0.262,0.27
10136,2,1,0,0.3,0,0.0819621,12.0797,-0.0855215,-0.00175844,-0.000554248,-0.64669,0.762751,1.04526,7.79831,-0.0784904,-0.0178552,-0.0416525,-11.7587,0.334,0.272,0.306,0.228
10137,2,1,0,0.3,0,0.0830225,12.0875,-0.0856,-0.00175534,-0.000565449,-0.651158,0.75894,1.06036,7.78869,-0.0784978,-0.0187577,-0.0406688,-11.7369,0.278,0.288,0.306,0.268
10138,2,1,0,0.3,0,0.084098,12.0952,-0.0856785,-0.00175305,-0.000576829,-0.655597,0.755109,1.07551,7.77891,-0.0785049,-0.0203699,-0.0396827,-11.7188,0.302,0.316,0.268,0.254
10139,2,1,0,0.3,0,0.0851887,12.103,-0.085757,-0.00175138,-0.000588022,-0.660007,0.751257,1.0907,7.76897,-0.0785115,-0.0207622,-0.0385564,-11.7047,0.312,0.248,0.338,0.242
10140,2,1,0,0.3,0,0.0862946,12.1108,-0.0858355,-0.00175029,-0.000599235,-0.66439,0.747384,1.10593,7.75887,-0.0785178,-0.0223166,-0.0378682,-11.6949,0.276,0.33,0.264,0.27
10141,2,1,0,0.3,0,0.0874158,12.1185,-0.0859141,-0.00174989,-0.000610444,-0.668748,0.743487,1.1212,7.7486,-0.0785236,-0.0227676,-0.0366855,-11.6891,0.334,0.26,0.316,0.228
10142,2,1,0,0.3,0,0.0885523,12.1263,-0.0859926,-0.00174987,-0.000621379,-0.673082,0.739566,1.13651,7.73817,-0.0785292,-0.0234506,-0.0359908,-11.6874,0.29,0.302,0.29,0.258
10143,2,1,0,0.3,0,0.0897042,12.134,-0.0860711,-0.00175038,-0.000632386,-0.677393,0.735619,1.15186,7.72757,-0.0785343,-0.0242015,-0.0351925,-11.6896,0.328,0.312,0.268,0.23
10144,2,1,0,0.3,0,0.0908714,12.1417,-0.0861497,-0.00175107,-0.000643039,-0.681682,0.731647,1.16724,7.71681,-0.0785392,-0.0237976,-0.0345821,-11.6951,0.324,0.278,0.306,0.23
10145,2,1,0,0.3,0,0.0920541,12.1494,-0.0862282,-0.00175182,-0.000653599,-0.68595,0.727646,1.18266,7.70589,-0.0785436,-0.0241946,-0.0344495,-11.7036,0.312,0.342,0.246,0.24
10146,2,1,0,0.3,0,0.0932522,12.1571,-0.0863068,-0.00175253,-0.000664,-0.690199,0.723617,1.19811,7.6948,-0.0785478,-0.0234129,-0.0342827,-11.7142,0.352,0.292,0.288,0.208
10147,2,1,0,0.3,0,0.0944658,12.1648,-0.0863853,-0.00175284,-0.000674169,-0.694428,0.719559,1.21359,7.68354,-0.0785516,-0.0230284,-0.0347189,-11.7265,0.318,0.338,0.252,0.232
10148,2,1,0,0.3,0,0.0956949,12.1725,-0.0864639,-0.00175284,-0.000684385,-0.698638,0.715473,1.22909,7.67212,-0.0785551,-0.0224927,-0.0351493,-11.7397,0.35,0.332,0.248,0.21
10149,2,1,0,0.3,0,0.0969395,12.1801,-0.0865424,-0.00175226,-0.00069443,-0.702829,0.711356,1.24463,7.66053,-0.0785582,-0.0215505,-0.0358861,-11.7531,0.346,0.322,0.264,0.208
10150,2,1,0,0.3,0,0.0981997,12.1878,-0.086621,-0.00175112,-0.000704581,-0.707,0.707211,1.26019,7.64877,-0.078561,-0.0211989,-0.0367839,-11.7663,0.348,0.358,0.228,0.208
10151,2,1,0,0.3,0,0.0994754,12.1954,-0.0866996,-0.00174936,-0.000714678,-0.711151,0.703036,1.27577,7.63684,-0.0785633,-0.0200062,-0.0375278,-11.7785,0.364,0.322,0.26,0.194
10152,2,1,0,0.3,0,0.100767,12.203,-0.0867781,-0.0017469,-0.000724692,-0.715282,0.698833,1.29137,7.62475,-0.0785653,-0.019361,-0.0384395,-11.7892,0.346,0.358,0.23,0.206
10153,2,1,0,0.3,0,0.102074,12.2106,-0.0868567,-0.00174386,-0.000734746,-0.719391,0.694603,1.307,7.61248,-0.0785668,-0.0185421,-0.0392128,-11.7978,0.364,0.342,0.24,0.192
10154,2,1,0,0.3,0,0.103396,12.2182,-0.0869353,-0.00174014,-0.000744713,-0.723477,0.690345,1.32264,7.60005,-0.0785679,-0.0177106,-0.0401319,-11.8042,0.354,0.342,0.244,0.198
10155,2,1,0,0.3,0,0.104735,12.2258,-0.0870138,-0.00173584,-0.000754783,-0.727541,0.686062,1.33829,7.58744,-0.0785685,-0.0172645,-0.041027,-11.8081,0.356,0.354,0.232,0.198
10156,2,1,0,0.3,0,0.106089,12.2334,-0.0870924,-0.00173097,-0.000764898,-0.731579,0.681754,1.35396,7.57466,-0.0785686,-0.0166249,-0.041864,-11.8091,0.36,0.344,0.24,0.194
10157,2,1,0,0.3,0,0.107458,12.241,-0.087171,-0.00172557,-0.000775137,-0.735592,0.677422,1.36963,7.56171,-0.0785683,-0.0164266,-0.042744,-11.8075,0.354,0.348,0.238,0.2
10158,2,1,0,0.3,0,0.108844,12.2485,-0.0872495,-0.00171977,-0.000785577,-0.739578,0.673068,1.38532,7.54859,-0.0785675,-0.0162625,-0.0435184,-11.8031,0.346,0.34,0.246,0.206
10159,2,1,0,0.3,0,0.110245,12.256,-0.0873281,-0.00171358,-0.000796183,-0.743536,0.668693,1.40101,7.5353,-0.0785661,-0.0161378,-0.0442343,-11.796,0.346,0.342,0.244,0.208
10160,2,1,0,0.3,0,0.111661,12.2636,-0.0874067,-0.00170705,-0.000806971,-0.747466,0.664297,1.4167,7.52184,-0.0785642,-0.0161195,-0.044865,-11.7865,0.342,0.326,0.26,0.212
10161,2,1,0,0.3,0,0.113094,12.2711,-0.0874852,-0.00170028,-0.000817957,-0.751366,0.659883,1.4324,7.5082,-0.0785617,-0.0162808,-0.045362,-11.7748,0.33,0.346,0.242,0.224
10162,2,1,0,0.3,0,0.114542,12.2786,-0.0875638,-0.00169334,-0.000829111,-0.755235,0.655451,1.44809,7.49439,-0.0785587,-0.0163826,-0.0456964,-11.7613,0.34,0.31,0.274,0.216
10163,2,1,0,0.3,0,0.116006,12.2861,-0.0876423,-0.00168631,-0.000840428,-0.759074,0.651001,1.46378,7.48041,-0.0785551,-0.0168044,-0.0459098,-11.7467,0.316,0.332,0.258,0.232
10164,2,1,0,0.3,0,0.117485,12.2935,-0.0877209,-0.00167934,-0.000851907,-0.762882,0.646535,1.47946,7.46626,-0.078551,-0.0170589,-0.0458305,-11.7311,0.33,0.316,0.266,0.228
10165,2,1,0,0.3,0,0.11898,12.301,-0.0877994,-0.00167238,-0.000863352,-0.766658,0.642052,1.49513,7.45194,-0.0785462,-0.0172237,-0.0456414,-11.7151,0.322,0.296,0.294,0.228
10166,2,1,0,0.3,0,0.120491,12.3084,-0.087878,-0.00166565,-0.000874878,-0.770404,0.637554,1.51079,7.43745,-0.0785409,-0.0178232,-0.0451987,-11.6993,0.308,0.336,0.25,0.244
10167,2,1,0,0.3,0,0.122017,12.3158,-0.0879565,-0.00165911,-0.000886268,-0.774117,0.633039,1.52643,7.42278,-0.078535,-0.0176726,-0.0446424,-11.6837,0.328,0.268,0.314,0.23
10168,2,1,0,0.3,0,0.123559,12.3232,-0.088035,-0.00165276,-0.000897558,-0.7778,0.628509,1.54205,7.40794,-0.0785285,-0.0182516,-0.0441443,-11.6693,0.29,0.33,0.264,0.258
10169,2,1,0,0.3,0,0.125117,12.3306,-0.0881135,-0.0016467,-0.000908803,-0.781452,0.623963,1.55762,7.39291,-0.078521,-0.0182255,-0.0435347,-11.6568,0.316,0.288,0.29,0.246
10170,2,1,0,0.3,0,0.12669,12.338,-0.0881921,-0.00164071,-0.000919804,-0.785075,0.619399,1.57314,7.37769,-0.0785127,-0.0183206,-0.0431653,-11.6468,0.302,0.28,0.314,0.244
10171,2,1,0,0.3,0,0.128279,12.3454,-0.0882706,-0.001635,-0.000930879,-0.788667,0.614817,1.5886,7.36228,-0.0785036,-0.0189028,-0.0426297,-11.6394,0.296,0.328,0.256,0.26
10172,2,1,0,0.3,0,0.129883,12.3527,-0.0883491,-0.00162945,-0.000941717,-0.792232,0.610218,1.604,7.34667,-0.0784935,-0.0185486,-0.0420823,-11.6349,0.326,0.25,0.336,0.228
10173,2,1,0,0.3,0,0.131502,12.3601,-0.0884275,-0.00162414,-0.000952493,-0.795768,0.605599,1.61934,7.33088,-0.0784826,-0.0194112,-0.0415266,-11.6335,0.286,0.34,0.252,0.26
10174,2,1,0,0.3,0,0.133137,12.3674,-0.088506,-0.00161917,-0.000963235,-0.799278,0.600959,1.63462,7.3149,-0.0784709,-0.0193035,-0.0409146,-11.635,0.326,0.278,0.3,0.236
10175,2,1,0,0.3,0,0.134787,12.3747,-0.0885845,-0.00161428,-0.00097378,-0.802761,0.596297,1.64984,7.29874,-0.0784583,-0.0196867,-0.0406301,-11.6395,0.308,0.296,0.3,0.236
10176,2,1,0,0.3,0,0.136452,12.3819,-0.0886629,-0.00160971,-0.000984516,-0.80622,0.591614,1.66499,7.28238,-0.0784449,-0.0202941,-0.0402673,-11.6464,0.308,0.34,0.24,0.25
10177,2,1,0,0.3,0,0.138132,12.3892,-0.0887413,-0.00160515,-0.000995071,-0.809653,0.586906,1.68007,7.26584,-0.0784306,-0.0199408,-0.0401141,-11.6555,0.342,0.266,0.32,0.212
10178,2,1,0,0.3,0,0.139827,12.3965,-0.0888198,-0.0016007,-0.00100572,-0.813062,0.582174,1.69508,7.24912,-0.0784156,-0.0207829,-0.0400024,-11.6667,0.31,0.366,0.224,0.24
10179,2,1,0,0.3,0,0.141537,12.4037,-0.0888982,-0.0015963,-0.00101636,-0.816446,0.577418,1.71003,7.23221,-0.0783997,-0.0202563,-0.0399421,-11.6792,0.354,0.29,0.286,0.208
10180,2,1,0,0.3,0,0.143262,12.4109,-0.0889765,-0.00159169,-0.0010268,-0.819808,0.572636,1.7249,7.21512,-0.0783829,-0.0203121,-0.0401182,-11.6928,0.328,0.336,0.258,0.216
10181,2,1,0,0.3,0,0.145001,12.4181,-0.0890549,-0.00158702,-0.00103733,-0.823144,0.567829,1.7397,7.19785,-0.0783654,-0.0201072,-0.0402903,-11.7066,0.334,0.358,0.22,0.226
10182,2,1,0,0.3,0,0.146756,12.4253,-0.0891333,-0.00158193,-0.00104756,-0.826457,0.562997,1.75442,7.1804,-0.0783471,-0.0192636,-0.0407703,-11.7201,0.366,0.292,0.296,0.186
10183,2,1,0,0.3,0,0.148525,12.4324,-0.0892116,-0.00157659,-0.00105786,-0.829744,0.558141,1.76906,7.16276,-0.0783279,-0.0196114,-0.0411149,-11.7329,0.326,0.388,0.2,0.224
10184,2,1,0,0.3,0,0.150309,12.4396,-0.0892899,-0.00157099,-0.00106804,-0.833007,0.55326,1.78363,7.14495,-0.0783079,-0.0186585,-0.0414291,-11.7444,0.37,0.302,0.278,0.19
10185,2,1,0,0.3,0,0.152107,12.4467,-0.0893682,-0.00156503,-0.00107805,-0.836243,0.548356,1.79811,7.12696,-0.0782871,-0.0187209,-0.0417655,-11.7546,0.342,0.36,0.236,0.204
10186,2,1,0,0.3,0,0.153919,12.4538,-0.0894465,-0.00155897,-0.00108813,-0.839453,0.543429,1.81251,7.10879,-0.0782654,-0.0184421,-0.0419871,-11.7628,0.354,0.354,0.224,0.208
10187,2,1,0,0.3,0,0.155746,12.4609,-0.0895247,-0.00155253,-0.00109797,-0.842637,0.53848,1.82683,7.09044,-0.078243,-0.0179085,-0.0423494,-11.769,0.368,0.31,0.28,0.182
10188,2,1,0,0.3,0,0.157587,12.468,-0.0896029,-0.00154597,-0.0011079,-0.845792,0.53351,1.84106,7.07192,-0.0782197,-0.0182713,-0.0425279,-11.7732,0.334,0.392,0.194,0.22
10189,2,1,0,0.3,0,0.159442,12.475,-0.0896811,-0.00153916,-0.00111771,-0.848918,0.528521,1.8552,7.05322,-0.0781956,-0.0174482,-0.0428669,-11.7749,0.37,0.302,0.278,0.188
10190,2,1,0,0.3,0,0.161311,12.4821,-0.0897593,-0.00153206,-0.00112743,-0.852015,0.523514,1.86925,7.03435,-0.0781707,-0.0176977,-0.043181,-11.7746,0.338,0.362,0.23,0.208
10191,2,1,0,0.3,0,0.163195,12.4891,-0.0898374,-0.00152486,-0.00113726,-0.855083,0.518489,1.88321,7.01531,-0.078145,-0.0174421,-0.0433872,-11.7719,0.348,0.336,0.242,0.212
10192,2,1,0,0.3,0,0.165092,12.4961,-0.0899155,-0.00151735,-0.00114689,-0.858119,0.513447,1.89707,6.9961,-0.0781184,-0.0171505,-0.0436594,-11.767,0.354,0.314,0.276,0.196
10193,2,1,0,0.3,0,0.167003,12.5031,-0.0899936,-0.0015098,-0.00115664,-0.861125,0.50839,1.91084,6.97672,-0.078091,-0.0175249,-0.043699,-11.7603,0.326,0.366,0.218,0.228
10194,2,1,0,0.3,0,0.168927,12.51,-0.0900717,-0.00150209,-0.00116629,-0.864098,0.50332,1.9245,6.95718,-0.0780628,-0.0170182,-0.0439042,-11.7518,0.348,0.298,0.286,0.208
10195,2,1,0,0.3,0,0.170865,12.517,-0.0901497,0.00149424,0.00117596,0.86704,-0.498235,1.93806,6.93747,-0.0780338,-0.0174601,-0.0440354,-11.7423,0.322,0.344,0.244,0.228
10196,2,1,0,0.3,0,0.172817,12.5239,-0.0902277,0.00148638,0.00118575,0.869949,-0.493138,1.95152,6.9176,-0.0780041,-0.0174451,-0.0440946,-11.7319,0.334,0.32,0.262,0.224
10197,2,1,0,0.3,0,0.174782,12.5308,-0.0903057,0.00147842,0.00119547,0.872826,-0.488029,1.96486,6.89757,-0.0779735,-0.0175596,-0.0440821,-11.7211,0.33,0.312,0.276,0.222
10198,2,1,0,0.3,0,0.17676,12.5377,-0.0903836,0.00147054,0.00120528,0.875669,-0.482908,1.97809,6.87738,-0.0779421,-0.0178401,-0.0438815,-11.7103,0.318,0.324,0.26,0.236
10199,2,1,0,0.3,0,0.178751,12.5445,-0.0904616,0.00146269,0.00121498,0.87848,-0.477775,1.99121,6.85704,-0.0779099,-0.0176548,-0.0436551,-11.6997,0.326,0.298,0.288,0.226
10200,2,1,0,0.3,0,0.180755,12.5513,-0.0905394,0.00145493,0.0012246,0.881259,-0.47263,2.00421,6.83655,-0.0778769,-0.017946,-0.0432771,-11.6897,0.314,0.316,0.27,0.238
10201,2,1,0,0.3,0,0.182772,12.5582,-0.0906173,0.00144733,0.00123421,0.884005,-0.467474,2.0171,6.81591,-0.0778432,-0.0180549,-0.042997,-11.6801,0.318,0.304,0.282,0.236
10202,2,1,0,0.3,0,0.184802,12.565,-0.0906951,0.00143981,0.00124379,0.886719,-0.462306,2.02985,6.79513,-0.0778087,-0.0182893,-0.0427403,-11.6711,0.316,0.312,0.274,0.238
10203,2,1,0,0.3,0,0.186844,12.5717,-0.0907729,0.00143242,0.00125339,0.8894,-0.457125,2.04248,6.77421,-0.0777734,-0.0185396,-0.0424878,-11.6629,0.318,0.302,0.284,0.234
10204,2,1,0,0.3,0,0.188899,12.5785,-0.0908506,0.00142512,0.00126301,0.89205,-0.451933,2.05497,6.75314,-0.0777375,-0.0187906,-0.0423314,-11.6558,0.308,0.316,0.27,0.246
10205,2,1,0,0.3,0,0.190967,12.5852,-0.0909283,0.00141787,0.00127267,0.894668,-0.446728,2.06733,6.73195,-0.0777008,-0.0189784,-0.042258,-11.6506,0.318,0.292,0.294,0.238
10206,2,1,0,0.3,0,0.193046,12.5919,-0.091006,0.00141066,0.00128237,0.897255,-0.44151,2.07954,6.71063,-0.0776634,-0.0192636,-0.042085,-11.6472,0.308,0.312,0.278,0.242
10207,2,1,0,0.3,0,0.195138,12.5986,-0.0910836,0.00140356,0.00129207,0.89981,-0.436277,2.09161,6.68919,-0.0776253,-0.0193642,-0.0418351,-11.6456,0.312,0.312,0.27,0.246
10208,2,1,0,0.3,0,0.197241,12.6053,-0.0911612,0.00139651,0.00130168,0.902335,-0.43103,2.10354,6.66762,-0.0775864,-0.0193963,-0.04159,-11.6459,0.33,0.294,0.294,0.222
10209,2,1,0,0.3,0,0.199357,12.6119,-0.0912387,0.0013896,0.00131124,0.90483,-0.425768,2.11532,6.64593,-0.0775469,-0.0194979,-0.0412442,-11.6479,0.306,0.34,0.244,0.25
10210,2,1,0,0.3,0,0.201484,12.6186,-0.0913162,0.0013827,0.0013206,0.907295,-0.420491,2.12696,6.62412,-0.0775067,-0.0191078,-0.0411345,-11.6512,0.338,0.278,0.304,0.22
10211,2,1,0,0.3,0,0.203622,12.6252,-0.0913937,0.0013757,0.0013299,0.909729,-0.415197,2.13843,6.6022,-0.0774659,-0.0192891,-0.0412747,-11.6541,0.312,0.334,0.254,0.24
10212,2,1,0,0.3,0,0.205772,12.6317,-0.0914711,0.00136858,0.00133913,0.912134,-0.409889,2.14974,6.58019,-0.0774244,-0.0188137,-0.0414701,-11.6556,0.326,0.31,0.27,0.236
10213,2,1,0,0.3,0,0.207933,12.6383,-0.0915485,0.00136115,0.00134809,0.914507,-0.404566,2.16088,6.55808,-0.0773823,-0.0183454,-0.041789,-11.656,0.34,0.298,0.29,0.212
10214,2,1,0,0.3,0,0.210105,12.6448,-0.0916258,0.00135345,0.00135708,0.916849,-0.399229,2.17183,6.5359,-0.0773397,-0.0183571,-0.0423962,-11.6569,0.306,0.356,0.226,0.252
10215,2,1,0,0.3,0,0.212287,12.6513,-0.0917031,0.00134529,0.00136594,0.919161,-0.393878,2.18259,6.51365,-0.0772965,-0.017674,-0.0431529,-11.6593,0.352,0.27,0.314,0.204
10216,2,1,0,0.3,0,0.21448,12.6578,-0.0917804,0.00133674,0.00137475,0.921442,-0.388512,2.19317,6.49133,-0.0772527,-0.0176817,-0.0436336,-11.6629,0.308,0.36,0.232,0.24
10217,2,1,0,0.3,0,0.216684,12.6643,-0.0918576,0.00132788,0.00138346,0.923692,-0.383131,2.20355,6.46894,-0.0772084,-0.0170007,-0.0441577,-11.6671,0.332,0.304,0.278,0.228
10218,2,1,0,0.3,0,0.218898,12.6708,-0.0919348,0.00131864,0.00139194,0.925912,-0.377735,2.21375,6.44648,-0.0771636,-0.0168042,-0.0444885,-11.6719,0.338,0.308,0.284,0.208
10219,2,1,0,0.3,0,0.221121,12.6772,-0.0920119,0.00130936,0.00140045,0.928101,-0.372324,2.22378,6.42396,-0.0771182,-0.016867,-0.0444411,-11.6769,0.306,0.362,0.22,0.252
10220,2,1,0,0.3,0,0.223355,12.6836,-0.092089,0.00129999,0.00140867,0.930259,-0.366897,2.23363,6.40136,-0.0770723,-0.015954,-0.0440387,-11.6826,0.364,0.268,0.318,0.19
10221,2,1,0,0.3,0,0.225598,12.69,-0.092166,0.00129101,0.00141603,0.932388,-0.361455,2.24337,6.37863,-0.0770257,-0.0147692,-0.0421724,-11.6943,0.306,0.378,0.212,0.244
10222,2,1,0,0.3,0,0.227851,12.6963,-0.092243,0.00128247,0.00142236,0.934487,-0.355992,2.253,6.35574,-0.0769784,-0.0129284,-0.0409166,-11.7136,0.35,0.296,0.284,0.21
10223,2,1,0,0.3,0,0.230114,12.7026,-0.0923199,0.0012742,0.00142747,0.936559,-0.350506,2.26255,6.33269,-0.0769305,-0.0109054,-0.0389362,-11.7372,0.356,0.332,0.262,0.19
10224,2,1,0,0.3,0,0.232386,12.709,-0.0923968,0.00126668,0.00143105,0.938601,-0.344999,2.27206,6.30941,-0.0768818,-0.00848002,-0.0365841,-11.7563,0.336,0.376,0.206,0.222
10225,2,1,0,0.3,0,0.234668,12.7152,-0.0924736,0.00125955,0.00143299,0.940614,-0.339472,2.28153,6.28591,-0.0768324,-0.00601924,-0.0349234,-11.7702,0.404,0.286,0.302,0.148
10226,2,1,0,0.3,0,0.236959,12.7215,-0.0925504,0.0012529,0.00143385,0.942597,-0.333927,2.29092,6.2622,-0.0767823,-0.00491535,-0.0332769,-11.7796,0.336,0.408,0.18,0.214
10227,2,1,0,0.3,0,0.239259,12.7277,-0.0926271,0.00124659,0.0014338,0.944548,-0.328369,2.30023,6.23832,-0.0767318,-0.00329209,-0.0323685,-11.784,0.388,0.304,0.276,0.172
10228,2,1,0,0.3,0,0.241568,12.734,-0.0927038,0.00124037,0.00143309,0.946466,-0.322798,2.30943,6.21427,-0.0766807,-0.0029924,-0.0317939,-11.7838,0.366,0.36,0.232,0.18
10229,2,1,0,0.3,0,0.243887,12.7401,-0.0927804,0.0012343,0.00143231,0.948351,-0.317217,2.31852,6.19007,-0.0766293,-0.00292624,-0.0316747,-11.7787,0.34,0.366,0.214,0.218
10230,2,1,0,0.3,0,0.246214,12.7463,-0.092857,0.001228,0.00143157,0.950202,-0.311629,2.32747,6.16574,-0.0765775,-0.00392569,-0.0327007,-11.7678,0.388,0.284,0.306,0.162
10231,2,1,0,0.3,0,0.24855,12.7525,-0.0929335,0.00122119,0.00143269,0.952017,-0.306039,2.3362,6.1414,-0.0765256,-0.00824497,-0.035139,-11.7426,0.31,0.392,0.194,0.242
10232,2,1,0,0.3,0,0.250895,12.7586,-0.09301,0.0012137,0.00143589,0.953794,-0.300455,2.34468,6.1171,-0.0764736,-0.0116214,-0.0378421,-11.7008,0.358,0.268,0.314,0.2
10233,2,1,0,0.3,0,0.253248,12.7647,-0.0930864,0.00120519,0.00144214,0.955532,-0.294882,2.35285,6.09293,-0.0764218,-0.0183464,-0.0419121,-11.6559,0.3,0.33,0.262,0.248
10234,2,1,0,0.3,0,0.255609,12.7707,-0.0931628,0.00119578,0.00145193,0.957231,-0.289319,2.36066,6.06897,-0.0763701,-0.023957,-0.0454102,-11.6161,0.272,0.296,0.284,0.286
10235,2,1,0,0.3,0,0.257977,12.7768,-0.0932391,0.00118544,0.00146456,0.958892,-0.283764,2.36817,6.04517,-0.0763185,-0.0288542,-0.0484202,-11.5813,0.296,0.238,0.35,0.256
10236,2,1,0,0.3,0,0.260352,12.7828,-0.0933154,0.00117459,0.0014799,0.960517,-0.278215,2.3754,6.02148,-0.0762666,-0.0336505,-0.0504778,-11.5515,0.226,0.322,0.264,0.328
10237,2,1,0,0.3,0,0.262735,12.7888,-0.0933916,0.0011633,0.00149735,0.962106,-0.27267,2.38238,5.9979,-0.0762145,-0.0369554,-0.0523253,-11.5268,0.278,0.218,0.366,0.278
10238,2,1,0,0.3,0,0.265124,12.7948,-0.0934677,0.00115171,0.00151652,0.96366,-0.267126,2.38912,5.97439,-0.076162,-0.0402163,-0.0533377,-11.5083,0.242,0.292,0.298,0.308
10239,2,1,0,0.3,0,0.267519,12.8007,-0.0935439,0.0011401,0.00153703,0.96518,-0.26158,2.39564,5.95094,-0.076109,-0.0422121,-0.0538799,-11.4957,0.25,0.262,0.32,0.308
10240,2,1,0,0.3,0,0.269921,12.8066,-0.0936199,0.00112845,0.00155824,0.966667,-0.25603,2.40195,5.92755,-0.0760556,-0.0436103,-0.0541164,-11.4892,0.274,0.252,0.336,0.276
10241,2,1,0,0.3,0,0.272329,12.8126,-0.0936959,0.00111693,0.00158015,0.968122,-0.250473,2.40804,5.90422,-0.0760017,-0.044921,-0.0540356,-11.4867,0.244,0.308,0.278,0.312
10242,2,1,0,0.3,0,0.274743,12.8184,-0.0937719,0.00110548,0.0016023,0.969544,-0.244908,2.41392,5.88096,-0.0759474,-0.0452141,-0.05406,-11.4876,0.292,0.242,0.342,0.264
10243,2,1,0,0.3,0,0.277163,12.8243,-0.0938478,0.0010941,0.0016245,0.970935,-0.239334,2.41958,5.8578,-0.0758927,-0.0453554,-0.0536496,-11.4944,0.266,0.306,0.28,0.286
10244,2,1,0,0.3,0,0.279588,12.8301,-0.0939236,0.00108291,0.00164634,0.972296,-0.233747,2.42503,5.83472,-0.0758376,-0.0442634,-0.0531017,-11.5062,0.29,0.282,0.302,0.268
10245,2,1,0,0.3,0,0.282018,12.8359,-0.0939994,0.00107176,0.00166729,0.973625,-0.228145,2.43027,5.81172,-0.0757822,-0.0425289,-0.0524836,-11.5222,0.302,0.292,0.296,0.25
10246,2,1,0,0.3,0,0.284453,12.8417,-0.0940751,0.00106076,0.00168715,0.974925,-0.222527,2.43533,5.78877,-0.0757263,-0.040316,-0.051665,-11.5414,0.29,0.324,0.262,0.264
10247,2,1,0,0.3,0,0.286894,12.8475,-0.0941508,0.00104981,0.00170558,0.976194,-0.216891,2.44019,5.76589,-0.0756702,-0.0374655,-0.050907,-11.5628,0.33,0.288,0.298,0.224
10248,2,1,0,0.3,0,0.289338,12.8532,-0.0942264,0.00103901,0.00172245,0.977433,-0.211237,2.44488,5.74305,-0.0756137,-0.0346469,-0.0498013,-11.5857,0.316,0.338,0.248,0.238
10249,2,1,0,0.3,0,0.291788,12.859,-0.0943019,0.00102838,0.00173762,0.978641,-0.205565,2.44939,5.72026,-0.075557,-0.0312772,-0.0488655,-11.6091,0.338,0.312,0.272,0.218
10250,2,1,0,0.3,0,0.294242,12.8647,-0.0943774,0.00101784,0.00175072,0.979819,-0.199875,2.45373,5.69749,-0.0754999,-0.0264134,-0.047398,-11.6342,0.342,0.332,0.254,0.21
10251,2,1,0,0.3,0,0.2967,12.8703,-0.0944529,0.00100767,0.00176042,0.980967,-0.194162,2.45797,5.67461,-0.0754422,-0.019517,-0.0452642,-11.6694,0.342,0.344,0.24,0.214
10252,2,1,0,0.3,0,0.299162,12.876,-0.0945283,0.000997915,0.00176574,0.982086,-0.188424,2.46215,5.6515,-0.0753836,-0.0100795,-0.0423435,-11.7086,0.374,0.326,0.258,0.182
10253,2,1,0,0.3,0,0.301628,12.8816,-0.0946036,0.000988713,0.00176628,0.983174,-0.182662,2.46628,5.62812,-0.0753239,-0.00167774,-0.0397032,-11.7414,0.366,0.366,0.22,0.188
10254,2,1,0,0.3,0,0.304098,12.8872,-0.0946789,0.000979882,0.00176271,0.98423,-0.17688,2.47034,5.6045,-0.0752634,0.00568486,-0.0378332,-11.7675,0.39,0.346,0.24,0.164
10255,2,1,0,0.3,0,0.306573,12.8928,-0.0947541,0.000971202,0.00175565,0.985255,-0.17108,2.4743,5.58071,-0.0752025,0.0117668,-0.0364772,-11.7871,0.392,0.36,0.226,0.16
10256,2,1,0,0.3,0,0.309051,12.8983,-0.0948292,0.000962619,0.00174575,0.986247,-0.165266,2.47816,5.55678,-0.0751414,0.0167189,-0.0354723,-11.8004,0.392,0.354,0.232,0.162
10257,2,1,0,0.3,0,0.311533,12.9039,-0.0949043,0.000954028,0.00173359,0.987205,-0.159442,2.48188,5.53274,-0.0750801,0.0205275,-0.0348591,-11.8071,0.394,0.348,0.24,0.158
10258,2,1,0,0.3,0,0.314018,12.9094,-0.0949793,0.000945401,0.00171981,0.988129,-0.153611,2.48547,5.50862,-0.075019,0.0230173,-0.0344834,-11.8075,0.384,0.348,0.24,0.17
10259,2,1,0,0.3,0,0.316507,12.9149,-0.0950543,0.000936706,0.00170507,0.989019,-0.147776,2.48892,5.48444,-0.074958,0.0242846,-0.0343751,-11.8017,0.376,0.336,0.252,0.178
10260,2,1,0,0.3,0,0.318999,12.9203,-0.0951292,0.000928014,0.00168954,0.989873,-0.14194,2.49223,5.46017,-0.0748971,0.0268943,-0.033614,-11.7936,0.362,0.332,0.254,0.192
10261,2,1,0,0.3,0,0.321495,12.9258,-0.095204,0.000919643,0.00167169,0.990693,-0.136101,2.49545,5.43564,-0.0748358,0.032242,-0.0319835,-11.7932,0.362,0.318,0.27,0.19
10262,2,1,0,0.3,0,0.323993,12.9312,-0.0952788,0.000911783,0.00165038,0.991478,-0.130258,2.49863,5.41065,-0.0747736,0.03887,-0.0299317,-11.7893,0.346,0.332,0.254,0.206
10263,2,1,0,0.3,0,0.326495,12.9366,-0.0953535,0.000904337,0.00162652,0.992229,-0.124415,2.50176,5.38522,-0.0747106,0.0423578,-0.0287445,-11.7756,0.368,0.298,0.288,0.186
10264,2,1,0,0.3,0,0.329,12.9419,-0.0954281,0.000897177,0.0016016,0.992943,-0.118576,2.50481,5.35943,-0.0746472,0.0431417,-0.027996,-11.7545,0.34,0.33,0.256,0.212
10265,2,1,0,0.3,0,0.331508,12.9473,-0.0955027,0.000890232,0.0015768,0.993622,-0.112745,2.50774,5.33337,-0.0745837,0.041929,-0.0277429,-11.7275,0.342,0.294,0.292,0.212
10266,2,1,0,0.3,0,0.334018,12.9526,-0.0955772,0.000883343,0.0015531,0.994265,-0.106926,2.51054,5.30709,-0.0745202,0.0387639,-0.0279462,-11.6963,0.34,0.286,0.304,0.212
10267,2,1,0,0.3,0,0.336531,12.9578,-0.0956517,0.000876467,0.00153144,0.994873,-0.101119,2.5132,5.28063,-0.074457,0.0339906,-0.0283468,-11.6619,0.292,0.306,0.28,0.262
10268,2,1,0,0.3,0,0.339047,12.9631,-0.0957261,0.000869527,0.00151248,0.995445,-0.0953263,2.5157,5.25404,-0.0743939,0.0279418,-0.0290046,-11.6254,0.33,0.232,0.354,0.224
10269,2,1,0,0.3,0,0.341565,12.9683,-0.0958004,0.000862585,0.00149699,0.995981,-0.0895489,2.51805,5.22735,-0.0743311,0.0203294,-0.0294472,-11.5881,0.258,0.312,0.276,0.294
10270,2,1,0,0.3,0,0.344085,12.9735,-0.0958747,0.000855655,0.00148577,0.996482,-0.0837874,2.52022,5.20061,-0.0742685,0.0100189,-0.0304873,-11.5487,0.286,0.226,0.356,0.272
10271,2,1,0,0.3,0,0.346608,12.9787,-0.0959489,0.000848416,0.00148202,0.996948,-0.0780445,2.52216,5.17415,-0.074207,-0.00744798,-0.0324595,-11.5049,0.266,0.258,0.33,0.286
10272,2,1,0,0.3,0,0.349131,12.9838,-0.096023,0.00084107,0.00148498,0.99738,-0.0723176,2.52388,5.14796,-0.0741462,-0.0161226,-0.0329399,-11.4736,0.212,0.28,0.304,0.344
10273,2,1,0,0.3,0,0.351657,12.989,-0.0960971,0.000833685,0.00149109,0.997778,-0.0666019,2.52545,5.1216,-0.0740848,-0.0224272,-0.0334968,-11.4483,0.274,0.198,0.386,0.28
10274,2,1,0,0.3,0,0.354184,12.9941,-0.0961711,0.000826308,0.00150063,0.998143,-0.0608955,2.52687,5.09508,-0.0740227,-0.0296265,-0.0336523,-11.427,0.19,0.318,0.272,0.362
10275,2,1,0,0.3,0,0.356712,12.9991,-0.0962451,0.000818971,0.00151353,0.998474,-0.0551965,2.52813,5.06843,-0.0739597,-0.0360018,-0.0340991,-11.4105,0.26,0.194,0.386,0.298
10276,2,1,0,0.3,0,0.359241,13.0042,-0.096319,0.000811559,0.00152951,0.998773,-0.0495023,2.52923,5.04168,-0.073896,-0.0422242,-0.0342911,-11.3997,0.232,0.272,0.318,0.318
10277,2,1,0,0.3,0,0.361771,13.0092,-0.0963928,0.000804296,0.00154824,0.999038,-0.0438104,2.53015,5.01485,-0.0738315,-0.0470449,-0.0342351,-11.3945,0.21,0.272,0.31,0.348
10278,2,1,0,0.3,0,0.364302,13.0142,-0.0964666,0.000796951,0.0015689,0.999272,-0.0381179,2.5309,4.98797,-0.0737662,-0.0506482,-0.034648,-11.3952,0.292,0.204,0.38,0.264
10279,2,1,0,0.3,0,0.366834,13.0191,-0.0965403,0.000789577,0.00159119,0.999473,-0.0324222,2.53148,4.96105,-0.0737,-0.0535417,-0.0345847,-11.4016,0.202,0.338,0.248,0.352
10280,2,1,0,0.3,0,0.369366,13.0241,-0.0966139,0.000782099,0.0016143,0.999641,-0.0267209,2.53188,4.9341,-0.073633,-0.0545147,-0.0351923,-11.413,0.298,0.204,0.374,0.262
10281,2,1,0,0.3,0,0.371898,13.029,-0.0966875,0.000774274,0.00163791,0.999778,-0.0210118,2.5321,4.90717,-0.0735652,-0.0571119,-0.03577,-11.4275,0.258,0.318,0.27,0.294
10282,2,1,0,0.3,0,0.37443,13.0339,-0.096761,0.00076615,0.00166661,0.999881,-0.0152959,2.53211,4.88088,-0.0734987,-0.0718293,-0.0368699,-11.4384,0.262,0.292,0.288,0.296
10283,2,1,0,0.3,0,0.376962,13.0387,-0.0968344,0.000757405,0.00170162,0.999952,-0.00957311,2.53193,4.8556,-0.0734345,-0.0828294,-0.0383225,-11.4531,0.324,0.258,0.326,0.23
10284,2,1,0,0.3,0,0.379493,13.0435,-0.0969078,0.000748206,0.00174116,0.999991,-0.00384171,2.53158,4.83111,-0.073372,-0.090501,-0.0389874,-11.4709,0.226,0.38,0.206,0.328
10285,2,1,0,0.3,0,0.382024,13.0484,-0.0969811,0.000738545,0.00178347,0.999996,0.00189925,2.53107,4.80724,-0.0733104,-0.0948318,-0.0402339,-11.4905,0.326,0.246,0.334,0.234
10286,2,1,0,0.3,0,0.384555,13.0531,-0.0970544,0.000728293,0.00182739,0.999969,0.00765019,2.53042,4.78385,-0.0732495,-0.0974819,-0.0411261,-11.5108,0.262,0.372,0.216,0.288
10287,2,1,0,0.3,0,0.387084,13.0579,-0.0971275,0.000717637,0.0018719,0.999908,0.013411,2.52964,4.76083,-0.0731888,-0.0976234,-0.0420978,-11.5309,0.282,0.312,0.27,0.276
10288,2,1,0,0.3,0,0.389613,13.0626,-0.0972007,0.000706354,0.00191586,0.999814,0.0191813,2.52873,4.73812,-0.0731281,-0.0961149,-0.0433462,-11.5506,0.332,0.296,0.29,0.22
10289,2,1,0,0.3,0,0.392141,13.0674,-0.0972737,0.000694655,0.00195859,0.999686,0.0249606,2.5277,4.71565,-0.0730673,-0.0930165,-0.0440386,-11.5693,0.254,0.386,0.2,0.298
10290,2,1,0,0.3,0,0.394667,13.072,-0.0973468,0.000682479,0.00199912,0.999525,0.030748,2.52654,4.69338,-0.0730064,-0.0880653,-0.0454171,-11.5865,0.36,0.26,0.324,0.198
10291,2,1,0,0.3,0,0.397193,13.0767,-0.0974197,0.000669747,0.00203665,0.99933,0.0365427,2.52527,4.67124,-0.072945,-0.0806388,-0.0464966,-11.6032,0.288,0.386,0.204,0.262
10292,2,1,0,0.3,0,0.399717,13.0814,-0.0974926,0.000656602,0.00206854,0.999101,0.0423445,2.52386,4.64902,-0.0728824,-0.0677365,-0.048017,-11.6197,0.324,0.296,0.286,0.234
10293,2,1,0,0.3,0,0.402239,13.086,-0.0975654,0.000642841,0.00209401,0.998838,0.0481525,2.5223,4.62663,-0.0728184,-0.0555276,-0.0497039,-11.6336,0.352,0.308,0.28,0.2
10294,2,1,0,0.3,0,0.404759,13.0906,-0.0976382,0.000628724,0.00211344,0.99854,0.0539649,2.5206,4.60412,-0.0727534,-0.0437052,-0.0508053,-11.6445,0.29,0.364,0.222,0.264
10295,2,1,0,0.3,0,0.407278,13.0952,-0.0977108,0.000614172,0.00212688,0.998209,0.0597801,2.51875,4.58155,-0.0726876,-0.0321445,-0.0526086,-11.6526,0.384,0.248,0.336,0.172
10296,2,1,0,0.3,0,0.409795,13.0997,-0.0977835,0.000599115,0.00213473,0.997844,0.0655966,2.51676,4.55893,-0.0726214,-0.0216228,-0.0539571,-11.658,0.308,0.366,0.226,0.24
10297,2,1,0,0.3,0,0.41231,13.1043,-0.097856,0.000583717,0.0021373,0.997444,0.0714128,2.51463,4.53629,-0.0725549,-0.0113943,-0.0554863,-11.6605,0.354,0.27,0.314,0.202
10298,2,1,0,0.3,0,0.414822,13.1088,-0.0979285,0.000567819,0.00213496,0.997011,0.077227,2.51237,4.51365,-0.0724883,-0.00247886,-0.0569685,-11.6606,0.358,0.3,0.29,0.192
10299,2,1,0,0.3,0,0.417332,13.1133,-0.0980009,0.000551732,0.00212839,0.996544,0.083038,2.50996,4.49102,-0.0724219,0.00547314,-0.0577347,-11.6581,0.3,0.328,0.258,0.252
10300,2,1,0,0.3,0,0.419839,13.1177,-0.0980733,0.000535435,0.002118,0.996043,0.0888443,2.50742,4.46842,-0.0723557,0.0122713,-0.0588638,-11.6535,0.376,0.234,0.35,0.18
10301,2,1,0,0.3,0,0.422344,13.1222,-0.0981456,0.000518839,0.00210294,0.995509,0.0946455,2.5047,4.44567,-0.0722891,0.0267438,-0.0609711,-11.6503,0.29,0.344,0.248,0.258
10302,2,1,0,0.3,0,0.424846,13.1266,-0.0982178,0.000501561,0.00207758,0.994941,0.100442,2.50171,4.42224,-0.07222,0.0473944,-0.0645849,-11.6458,0.348,0.234,0.348,0.21
10303,2,1,0,0.3,0,0.427344,13.131,-0.0982899,0.000483516,0.0020433,0.994339,0.106231,2.49843,4.39813,-0.0721488,0.0624569,-0.0673114,-11.6376,0.34,0.284,0.306,0.21
10304,2,1,0,0.3,0,0.429839,13.1354,-0.098362,0.000465145,0.00200255,0.993705,0.112013,2.49487,4.37351,-0.0720763,0.0735166,-0.0688985,-11.6266,0.308,0.28,0.306,0.244
10305,2,1,0,0.3,0,0.43233,13.1397,-0.098434,0.000446478,0.00195716,0.993037,0.117784,2.49106,4.34854,-0.0720036,0.0808355,-0.0703313,-11.6136,0.378,0.204,0.38,0.176
10306,2,1,0,0.3,0,0.434817,13.1441,-0.0985059,0.000427725,0.00190913,0.992337,0.123544,2.48701,4.3233,-0.0719311,0.0844257,-0.0704178,-11.5994,0.286,0.308,0.284,0.262
10307,2,1,0,0.3,0,0.4373,13.1484,-0.0985778,0.000409184,0.00186006,0.991605,0.129293,2.48274,4.29789,-0.0718593,0.0851027,-0.0701062,-11.5842,0.35,0.2,0.384,0.208
10308,2,1,0,0.3,0,0.439778,13.1526,-0.0986496,0.00039088,0.00181171,0.99084,0.13503,2.47825,4.27235,-0.0717886,0.0819655,-0.0687867,-11.569,0.31,0.276,0.314,0.24
10309,2,1,0,0.3,0,0.442252,13.1569,-0.0987213,0.000373279,0.00176578,0.990043,0.140756,2.47355,4.24675,-0.071719,0.0761922,-0.0662935,-11.5539,0.276,0.258,0.328,0.278
10310,2,1,0,0.3,0,0.44472,13.1611,-0.098793,0.00035642,0.0017236,0.989214,0.146469,2.46866,4.2211,-0.0716505,0.0675039,-0.0634947,-11.5397,0.334,0.212,0.374,0.22
10311,2,1,0,0.3,0,0.447184,13.1653,-0.0988645,0.000340573,0.00168661,0.988353,0.15217,2.46358,4.19544,-0.0715833,0.0567151,-0.0593035,-11.5266,0.238,0.316,0.274,0.31
10312,2,1,0,0.3,0,0.449642,13.1695,-0.0989361,0.000325986,0.00165555,0.98746,0.157861,2.4583,4.16977,-0.071517,0.0446424,-0.0550008,-11.5151,0.31,0.2,0.382,0.248
10313,2,1,0,0.3,0,0.452095,13.1736,-0.0990075,0.000312619,0.00163129,0.986535,0.163541,2.45283,4.14411,-0.0714516,0.0307967,-0.0498981,-11.5057,0.254,0.302,0.288,0.294
10314,2,1,0,0.3,0,0.454542,13.1777,-0.0990789,0.000300834,0.00161433,0.985578,0.169211,2.44718,4.11848,-0.071387,0.0168506,-0.0442857,-11.4983,0.25,0.262,0.322,0.306
10315,2,1,0,0.3,0,0.456984,13.1818,-0.0991502,0.000290452,0.00160474,0.98459,0.174873,2.44135,4.09289,-0.0713229,0.00242369,-0.0390441,-11.4936,0.298,0.242,0.34,0.258
10316,2,1,0,0.3,0,0.459419,13.1859,-0.0992215,0.000281583,0.00160268,0.983569,0.180528,2.43535,4.06735,-0.0712591,-0.0116197,-0.0331754,-11.4913,0.206,0.34,0.25,0.346
10317,2,1,0,0.3,0,0.461848,13.1899,-0.0992927,0.000274134,0.00160761,0.982515,0.186176,2.42917,4.04187,-0.0711954,-0.0245966,-0.0283614,-11.4915,0.3,0.216,0.362,0.26
10318,2,1,0,0.3,0,0.464271,13.1939,-0.0993638,0.000267771,0.00161917,0.981429,0.191819,2.42282,4.01645,-0.0711316,-0.0369397,-0.0236072,-11.4943,0.234,0.342,0.248,0.316
10319,2,1,0,0.3,0,0.466687,13.1979,-0.0994349,0.00026259,0.00163659,0.98031,0.197457,2.4163,3.99111,-0.0710675,-0.0470847,-0.019499,-11.499,0.254,0.272,0.31,0.302
10320,2,1,0,0.3,0,0.469097,13.2019,-0.0995059,0.000258088,0.00165888,0.979158,0.203092,2.40961,3.96585,-0.071003,-0.0561788,-0.0164986,-11.506,0.292,0.278,0.308,0.262
10321,2,1,0,0.3,0,0.4715,13.2058,-0.0995768,0.000254445,0.00168613,0.977973,0.208725,2.4028,3.94078,-0.0709383,-0.0655198,-0.0124127,-11.5151,0.208,0.354,0.236,0.342
10322,2,1,0,0.3,0,0.473895,13.2098,-0.0996477,0.000251526,0.00171742,0.976754,0.214355,2.3959,3.91595,-0.0708735,-0.0721521,-0.0101499,-11.5252,0.32,0.232,0.348,0.24
10323,2,1,0,0.3,0,0.476284,13.2136,-0.0997185,0.000248934,0.00175156,0.975502,0.219983,2.38891,3.89135,-0.0708083,-0.0766775,-0.00831712,-11.5361,0.236,0.372,0.22,0.312
10324,2,1,0,0.3,0,0.478666,13.2175,-0.0997892,0.000246696,0.00178714,0.974216,0.225609,2.3818,3.86693,-0.0707427,-0.0782035,-0.0077112,-11.5471,0.28,0.274,0.308,0.278
10325,2,1,0,0.3,0,0.481041,13.2214,-0.0998599,0.000244196,0.00182296,0.972897,0.231233,2.37457,3.84267,-0.0706765,-0.0783632,-0.00850199,-11.5585,0.308,0.306,0.28,0.246
10326,2,1,0,0.3,0,0.483408,13.2252,-0.0999305,0.000241414,0.00185813,0.971543,0.236854,2.36721,3.81855,-0.0706096,-0.0762831,-0.00957286,-11.5694,0.238,0.352,0.236,0.314
10327,2,1,0,0.3,0,0.485768,13.229,-0.100001,0.000237975,0.00189147,0.970156,0.242473,2.35972,3.79456,-0.070542,-0.0726404,-0.0124774,-11.5797,0.346,0.242,0.338,0.214
10328,2,1,0,0.3,0,0.48812,13.2327,-0.100072,0.000233555,0.00192236,0.968735,0.248089,2.3521,3.7707,-0.0704738,-0.0678757,-0.0154378,-11.5891,0.254,0.374,0.218,0.292
10329,2,1,0,0.3,0,0.490464,13.2365,-0.100142,0.000228223,0.00194993,0.967281,0.2537,2.34433,3.74695,-0.0704051,-0.0614003,-0.0195034,-11.5973,0.314,0.26,0.32,0.244
10330,2,1,0,0.3,0,0.492801,13.2402,-0.100212,0.000221458,0.00197375,0.965793,0.259307,2.33643,3.72333,-0.0703359,-0.0554782,-0.0239507,-11.604,0.322,0.312,0.276,0.23
10331,2,1,0,0.3,0,0.495129,13.2439,-0.100283,0.000213732,0.0019946,0.964272,0.264908,2.32845,3.69993,-0.0702669,-0.0503647,-0.0269993,-11.609,0.266,0.326,0.264,0.286
10332,2,1,0,0.3,0,0.497449,13.2476,-0.100353,0.000204869,0.00201213,0.962718,0.270501,2.32041,3.67677,-0.0701983,-0.044622,-0.0314389,-11.6125,0.356,0.238,0.344,0.202
10333,2,1,0,0.3,0,0.499762,13.2512,-0.100423,0.000194753,0.00202623,0.96113,0.276087,2.31229,3.65381,-0.0701299,-0.0385191,-0.0353356,-11.6146,0.262,0.354,0.24,0.284
10334,2,1,0,0.3,0,0.502066,13.2549,-0.100493,0.000183607,0.00203654,0.959511,0.281664,2.30407,3.63103,-0.0700619,-0.0318354,-0.0397331,-11.6152,0.33,0.238,0.344,0.228
10335,2,1,0,0.3,0,0.504361,13.2585,-0.100563,0.000171153,0.00204315,0.957859,0.287232,2.29575,3.6084,-0.069994,-0.0258879,-0.0440108,-11.6147,0.312,0.306,0.284,0.238
10336,2,1,0,0.3,0,0.506649,13.2621,-0.100633,0.000157795,0.00204622,0.956175,0.29279,2.28731,3.5859,-0.0699263,-0.0195589,-0.047539,-11.613,0.276,0.298,0.292,0.276
10337,2,1,0,0.3,0,0.508928,13.2656,-0.100703,0.000143471,0.0020458,0.954459,0.298337,2.27874,3.56352,-0.0698588,-0.0140831,-0.0514899,-11.6105,0.356,0.232,0.352,0.202
10338,2,1,0,0.3,0,0.511198,13.2692,-0.100773,0.000128302,0.0020424,0.952711,0.303872,2.27004,3.54125,-0.0697916,-0.00908598,-0.0542732,-11.6073,0.264,0.334,0.26,0.284
10339,2,1,0,0.3,0,0.513459,13.2727,-0.100842,0.000112574,0.00203616,0.950932,0.309395,2.26122,3.51909,-0.0697248,-0.00444019,-0.0571943,-11.6034,0.332,0.222,0.36,0.226
10340,2,1,0,0.3,0,0.515711,13.2762,-0.100912,9.61149e-05,0.00202752,0.949121,0.314906,2.25225,3.49704,-0.0696584,-0.000676059,-0.0597093,-11.5993,0.296,0.302,0.288,0.252
10341,2,1,0,0.3,0,0.517954,13.2797,-0.100981,7.92833e-05,0.00201662,0.947279,0.320404,2.24312,3.47505,-0.0695923,0.00320478,-0.0616012,-11.5946,0.278,0.272,0.314,0.274
10342,2,1,0,0.3,0,0.520188,13.2831,-0.101051,6.20228e-05,0.00200387,0.945406,0.325889,2.23384,3.45314,-0.0695267,0.00555463,-0.0634192,-11.5901,0.34,0.236,0.348,0.214
10343,2,1,0,0.3,0,0.522412,13.2865,-0.10112,4.45701e-05,0.00199002,0.943502,0.331361,2.2244,3.43131,-0.0694615,0.0072678,-0.0638143,-11.5856,0.254,0.32,0.272,0.292
10344,2,1,0,0.3,0,0.524627,13.29,-0.10119,2.72036e-05,0.00197536,0.941567,0.33682,2.21481,3.40957,-0.0693969,0.00827951,-0.0642597,-11.5814,0.328,0.214,0.366,0.23
10345,2,1,0,0.3,0,0.526832,13.2933,-0.101259,9.82287e-06,0.0019605,0.939601,0.342266,2.20507,3.38792,-0.0693328,0.0081143,-0.0638082,-11.5778,0.28,0.302,0.29,0.266
10346,2,1,0,0.3,0,0.529027,13.2967,-0.101328,-7.10557e-06,0.00194584,0.937605,0.347698,2.19519,3.36636,-0.0692694,0.00789174,-0.062638,-11.5744,0.276,0.258,0.328,0.276
10347,2,1,0,0.3,0,0.531213,13.3001,-0.101398,-2.36937e-05,0.0019317,0.935577,0.353118,2.18517,3.34491,-0.0692066,0.00644435,-0.0614372,-11.5718,0.326,0.246,0.338,0.228
10348,2,1,0,0.3,0,0.533388,13.3034,-0.101467,-3.96495e-05,0.00191859,0.933518,0.358525,2.175,3.32355,-0.0691443,0.00496205,-0.0589906,-11.5698,0.244,0.314,0.28,0.302
10349,2,1,0,0.3,0,0.535552,13.3067,-0.101536,-5.48106e-05,0.00190658,0.931429,0.363919,2.1647,3.30231,-0.0690827,0.00297255,-0.0568925,-11.5685,0.322,0.214,0.366,0.238
10350,2,1,0,0.3,0,0.537706,13.31,-0.101605,-6.96919e-05,0.00189515,0.929308,0.3693,2.1542,3.28109,-0.0690212,0.00361875,-0.0570652,-11.5679,0.266,0.314,0.278,0.282
10351,2,1,0,0.3,0,0.53985,13.3132,-0.101674,-8.44853e-05,0.00188289,0.927157,0.374669,2.14338,3.2598,-0.0689594,0.00483162,-0.0572946,-11.5676,0.278,0.258,0.326,0.278
10352,2,1,0,0.3,0,0.541982,13.3165,-0.101743,-9.92712e-05,0.00187053,0.924974,0.380025,2.13228,3.23847,-0.0688975,0.00412289,-0.0569375,-11.5686,0.316,0.264,0.32,0.238
10353,2,1,0,0.3,0,0.544103,13.3197,-0.101812,-0.000113665,0.00185877,0.92276,0.38537,2.12093,3.21715,-0.0688357,0.00320844,-0.055223,-11.5704,0.244,0.312,0.28,0.304
10354,2,1,0,0.3,0,0.546212,13.3229,-0.10188,-0.000127583,0.0018478,0.920515,0.390702,2.10936,3.19588,-0.0687741,0.00152163,-0.0539203,-11.5731,0.332,0.222,0.358,0.228
10355,2,1,0,0.3,0,0.54831,13.326,-0.101949,-0.000141148,0.00183807,0.918239,0.396023,2.0976,3.17467,-0.0687128,-0.000589914,-0.0517805,-11.5765,0.266,0.322,0.27,0.282
10356,2,1,0,0.3,0,0.550396,13.3292,-0.102018,-0.000153969,0.00182955,0.915931,0.401333,2.08567,3.15355,-0.0686519,-0.00229954,-0.0495713,-11.5802,0.288,0.252,0.33,0.27
10357,2,1,0,0.3,0,0.552469,13.3323,-0.102086,-0.000166311,0.00182241,0.913591,0.406631,2.07357,3.13253,-0.0685914,-0.00491251,-0.0474184,-11.5845,0.31,0.284,0.302,0.244
10358,2,1,0,0.3,0,0.554531,13.3354,-0.102155,-0.000177912,0.00181683,0.91122,0.411917,2.06132,3.11163,-0.0685312,-0.00697956,-0.0445732,-11.5888,0.25,0.314,0.276,0.298
10359,2,1,0,0.3,0,0.55658,13.3385,-0.102223,-0.000188871,0.00181271,0.908817,0.417191,2.04894,3.09086,-0.0684715,-0.00969851,-0.0424173,-11.5933,0.334,0.234,0.344,0.226
10360,2,1,0,0.3,0,0.558616,13.3416,-0.102292,-0.000199023,0.00181094,0.906383,0.422453,2.03648,3.07027,-0.0684123,-0.0138036,-0.0378037,-11.5974,0.256,0.338,0.254,0.29
10361,2,1,0,0.3,0,0.56064,13.3447,-0.10236,-0.000207919,0.00181161,0.903917,0.427703,2.02401,3.04991,-0.068354,-0.0169553,-0.0340806,-11.6012,0.298,0.256,0.324,0.26
10362,2,1,0,0.3,0,0.562651,13.3477,-0.102428,-0.000216105,0.00181438,0.901421,0.43294,2.01151,3.02977,-0.0682962,-0.0202684,-0.031085,-11.605,0.306,0.302,0.284,0.246
10363,2,1,0,0.3,0,0.56465,13.3507,-0.102497,-0.000223445,0.00181892,0.898893,0.438165,1.99895,3.00981,-0.0682388,-0.0222244,-0.0281796,-11.6082,0.25,0.312,0.276,0.302
10364,2,1,0,0.3,0,0.566637,13.3537,-0.102565,-0.000230261,0.00182473,0.896334,0.443375,1.98632,2.99004,-0.0681817,-0.0243809,-0.0266365,-11.611,0.334,0.25,0.33,0.226
10365,2,1,0,0.3,0,0.56861,13.3567,-0.102633,-0.000236788,0.00183169,0.893745,0.448572,1.97361,2.97043,-0.0681249,-0.0257873,-0.0249389,-11.6133,0.25,0.344,0.25,0.294
10366,2,1,0,0.3,0,0.570571,13.3596,-0.102701,-0.000242944,0.00183923,0.891125,0.453755,1.96082,2.95098,-0.0680682,-0.0265021,-0.024342,-11.615,0.302,0.252,0.328,0.258
10367,2,1,0,0.3,0,0.572519,13.3625,-0.102769,-0.000249239,0.00184715,0.888474,0.458923,1.94793,2.9317,-0.0680116,-0.0273358,-0.0242208,-11.6163,0.294,0.312,0.278,0.256
10368,2,1,0,0.3,0,0.574454,13.3655,-0.102837,-0.000255418,0.00185505,0.885794,0.464075,1.93494,2.91256,-0.0679552,-0.0267299,-0.0241955,-11.6168,0.252,0.3,0.288,0.3
10369,2,1,0,0.3,0,0.576376,13.3683,-0.102905,-0.000261798,0.00186252,0.883083,0.469213,1.92186,2.89358,-0.0678988,-0.026567,-0.0252915,-11.617,0.328,0.252,0.328,0.232
10370,2,1,0,0.3,0,0.578285,13.3712,-0.102973,-0.000268439,0.00186957,0.880343,0.474334,1.9087,2.87477,-0.0678426,-0.0256896,-0.0259117,-11.6167,0.242,0.336,0.26,0.302
10371,2,1,0,0.3,0,0.58018,13.3741,-0.103041,-0.000275285,0.00187571,0.877573,0.479439,1.89544,2.85611,-0.0677866,-0.0244792,-0.0277222,-11.6161,0.31,0.242,0.338,0.25
10372,2,1,0,0.3,0,0.582062,13.3769,-0.103108,-0.000282843,0.00188087,0.874774,0.484528,1.8821,2.83761,-0.0677308,-0.0234721,-0.0297976,-11.6154,0.294,0.304,0.288,0.254
10373,2,1,0,0.3,0,0.583931,13.3797,-0.103176,-0.000290844,0.00188472,0.871945,0.4896,1.86867,2.81927,-0.0676752,-0.0213095,-0.0320474,-11.6146,0.266,0.28,0.308,0.286
10374,2,1,0,0.3,0,0.585786,13.3825,-0.103244,-0.00029965,0.00188702,0.869087,0.494655,1.85514,2.80109,-0.0676199,-0.0199248,-0.0351638,-11.6139,0.332,0.252,0.33,0.226
10375,2,1,0,0.3,0,0.587628,13.3853,-0.103311,-0.000309228,0.00188788,0.866201,0.499693,1.84152,2.78305,-0.0675649,-0.0178067,-0.0375883,-11.6131,0.248,0.32,0.276,0.298
10376,2,1,0,0.3,0,0.589455,13.3881,-0.103379,-0.000319382,0.00188705,0.863286,0.504713,1.8278,2.76518,-0.0675102,-0.015932,-0.0405008,-11.6123,0.316,0.234,0.346,0.246
10377,2,1,0,0.3,0,0.591269,13.3908,-0.103446,-0.000330365,0.00188486,0.860342,0.509714,1.81399,2.74746,-0.067456,-0.014518,-0.042885,-11.6117,0.286,0.306,0.286,0.26
10378,2,1,0,0.3,0,0.593069,13.3936,-0.103513,-0.000341747,0.00188127,0.857369,0.514699,1.80009,2.7299,-0.0674023,-0.0125122,-0.0450049,-11.6111,0.272,0.268,0.316,0.282
10379,2,1,0,0.3,0,0.594855,13.3963,-0.103581,-0.000353677,0.0018766,0.854367,0.519667,1.78612,2.7125,-0.0673492,-0.0122664,-0.0461571,-11.6103,0.328,0.254,0.328,0.228
10380,2,1,0,0.3,0,0.596628,13.399,-0.103648,-0.000365447,0.00187198,0.851337,0.524616,1.77218,2.69533,-0.0672969,-0.0120176,-0.0453061,-11.6092,0.25,0.31,0.284,0.296
10381,2,1,0,0.3,0,0.598386,13.4016,-0.103715,-0.000377015,0.00186728,0.848278,0.529548,1.75827,2.67838,-0.0672457,-0.012158,-0.0454664,-11.6085,0.32,0.232,0.346,0.242
10382,2,1,0,0.3,0,0.60013,13.4043,-0.103783,-0.000388738,0.00186267,0.84519,0.534463,1.74436,2.66162,-0.0671952,-0.0124361,-0.0453249,-11.6082,0.28,0.304,0.288,0.266
10383,2,1,0,0.3,0,0.601861,13.407,-0.10385,-0.000400278,0.00185797,0.842074,0.539359,1.73042,2.64505,-0.0671454,-0.0121243,-0.0452319,-11.6082,0.276,0.264,0.32,0.28
10384,2,1,0,0.3,0,0.603577,13.4096,-0.103917,-0.000411963,0.00185329,0.83893,0.544236,1.71644,2.62865,-0.0670963,-0.0128023,-0.0453653,-11.6087,0.318,0.266,0.318,0.236
10385,2,1,0,0.3,0,0.60528,13.4122,-0.103984,-0.000423553,0.00184872,0.835757,0.549096,1.7024,2.61242,-0.0670478,-0.0125167,-0.0448103,-11.6094,0.248,0.306,0.286,0.3
10386,2,1,0,0.3,0,0.606968,13.4148,-0.104051,-0.000434988,0.00184413,0.832556,0.553937,1.6883,2.59636,-0.067,-0.0128939,-0.0447807,-11.6105,0.322,0.238,0.34,0.24
10387,2,1,0,0.3,0,0.608642,13.4174,-0.104118,-0.000446459,0.00183978,0.829327,0.558761,1.67413,2.58046,-0.0669526,-0.0131807,-0.0442286,-11.6119,0.276,0.31,0.284,0.27
10388,2,1,0,0.3,0,0.610302,13.4199,-0.104185,-0.000457636,0.00183546,0.826069,0.563566,1.65989,2.56472,-0.0669059,-0.0130698,-0.0438779,-11.6134,0.282,0.258,0.324,0.276
10389,2,1,0,0.3,0,0.611947,13.4225,-0.104252,-0.000469252,0.00183081,0.822782,0.568354,1.6455,2.54912,-0.0668595,-0.0128192,-0.0464798,-11.6168,0.316,0.27,0.316,0.238
10390,2,1,0,0.3,0,0.613578,13.425,-0.104318,-0.00048183,0.00182476,0.819467,0.573123,1.63084,2.53361,-0.0668132,-0.0113971,-0.0493419,-11.6206,0.25,0.302,0.288,0.298
10391,2,1,0,0.3,0,0.615194,13.4275,-0.104385,-0.000495224,0.00181756,0.816123,0.577876,1.61595,2.5182,-0.0667671,-0.0112559,-0.0517758,-11.6244,0.326,0.248,0.33,0.234
10392,2,1,0,0.3,0,0.616795,13.43,-0.104452,-0.000509316,0.00180984,0.81275,0.58261,1.60086,2.50292,-0.0667215,-0.0110265,-0.0528425,-11.628,0.276,0.314,0.28,0.27
10393,2,1,0,0.3,0,0.618381,13.4325,-0.104519,-0.000523544,0.00180161,0.809349,0.587325,1.58561,2.48779,-0.0666763,-0.0106947,-0.0536182,-11.6314,0.294,0.262,0.32,0.264
10394,2,1,0,0.3,0,0.619951,13.435,-0.104585,-0.000538133,0.00179326,0.805919,0.592022,1.57025,2.47281,-0.0666318,-0.0112565,-0.0540335,-11.6349,0.32,0.284,0.304,0.232
10395,2,1,0,0.3,0,0.621506,13.4375,-0.104652,-0.00055269,0.00178487,0.802461,0.596702,1.55477,2.458,-0.066588,-0.0109392,-0.0538356,-11.6378,0.264,0.3,0.288,0.286
10396,2,1,0,0.3,0,0.623045,13.4399,-0.104718,-0.000567256,0.00177649,0.798975,0.601361,1.53921,2.44335,-0.066545,-0.011604,-0.053835,-11.6404,0.334,0.25,0.33,0.226
10397,2,1,0,0.3,0,0.624568,13.4423,-0.104785,-0.000581805,0.00176842,0.795462,0.606001,1.52357,2.42888,-0.0665027,-0.0117749,-0.053029,-11.6424,0.276,0.31,0.286,0.27
10398,2,1,0,0.3,0,0.626076,13.4447,-0.104851,-0.000595991,0.00176052,0.79192,0.610622,1.50786,2.41459,-0.0664612,-0.0120301,-0.0522383,-11.6437,0.302,0.258,0.322,0.256
10399,2,1,0,0.3,0,0.627568,13.4471,-0.104918,-0.000609687,0.0017536,0.788352,0.615222,1.49216,2.4005,-0.0664206,-0.0133734,-0.0489448,-11.6432,0.316,0.286,0.302,0.234
10400,2,1,0,0.3,0,0.629045,13.4495,-0.104984,-0.000622103,0.00174806,0.784758,0.6198,1.47655,2.38663,-0.066381,-0.0137032,-0.0453206,-11.6422,0.26,0.292,0.298,0.29
10401,2,1,0,0.3,0,0.630506,13.4519,-0.10505,-0.000633482,0.00174374,0.781137,0.624356,1.46098,2.37295,-0.0663424,-0.0148795,-0.0423481,-11.6412,0.324,0.262,0.318,0.236
10402,2,1,0,0.3,0,0.631951,13.4543,-0.105117,-0.000643893,0.00174071,0.77749,0.628892,1.44544,2.35948,-0.0663044,-0.0152953,-0.03903,-11.6399,0.258,0.314,0.282,0.286
10403,2,1,0,0.3,0,0.633381,13.4566,-0.105183,-0.000653139,0.00173867,0.773817,0.633406,1.4299,2.34619,-0.0662672,-0.0157287,-0.0362269,-11.6386,0.294,0.26,0.32,0.266
10404,2,1,0,0.3,0,0.634796,13.4589,-0.105249,-0.000661591,0.00173772,0.770118,0.637898,1.41435,2.33309,-0.0662306,-0.016434,-0.0335359,-11.6374,0.298,0.296,0.296,0.252
10405,2,1,0,0.3,0,0.636194,13.4613,-0.105315,-0.000669033,0.00173755,0.766394,0.642368,1.39877,2.32018,-0.0661945,-0.0161881,-0.0312064,-11.6361,0.252,0.29,0.298,0.3
10406,2,1,0,0.3,0,0.637578,13.4636,-0.105382,-0.000675846,0.00173802,0.762644,0.646815,1.38316,2.30744,-0.066159,-0.0168877,-0.0296306,-11.6351,0.314,0.262,0.32,0.244
10407,2,1,0,0.3,0,0.638945,13.4659,-0.105448,-0.000682128,0.00173906,0.758869,0.651241,1.36752,2.29489,-0.0661238,-0.0166018,-0.0281063,-11.6341,0.248,0.312,0.282,0.296
10408,2,1,0,0.3,0,0.640297,13.4681,-0.105514,-0.00068789,0.00174021,0.755068,0.655644,1.35184,2.28253,-0.0660891,-0.0165726,-0.0277224,-11.6336,0.294,0.258,0.32,0.266
10409,2,1,0,0.3,0,0.641633,13.4704,-0.10558,-0.0006939,0.00174121,0.751241,0.660025,1.33607,2.27033,-0.0660548,-0.0165694,-0.0287121,-11.6343,0.292,0.294,0.296,0.256
10410,2,1,0,0.3,0,0.642953,13.4727,-0.105646,-0.00070011,0.00174157,0.747389,0.664383,1.3202,2.25831,-0.0660208,-0.015868,-0.0300193,-11.6352,0.258,0.286,0.3,0.298
10411,2,1,0,0.3,0,0.644257,13.4749,-0.105712,-0.000706884,0.00174131,0.743512,0.66872,1.30426,2.24648,-0.0659872,-0.0162137,-0.0317494,-11.6365,0.322,0.266,0.316,0.236
10412,2,1,0,0.3,0,0.645546,13.4772,-0.105778,-0.000714211,0.00174044,0.739609,0.673035,1.28825,2.23482,-0.0659541,-0.015678,-0.0333389,-11.6379,0.258,0.306,0.288,0.288
10413,2,1,0,0.3,0,0.646818,13.4794,-0.105844,-0.000722098,0.00173872,0.73568,0.677327,1.27219,2.22335,-0.0659215,-0.0158181,-0.0355018,-11.6396,0.306,0.26,0.318,0.256
10414,2,1,0,0.3,0,0.648074,13.4816,-0.10591,-0.000730885,0.00173638,0.731725,0.681597,1.2561,2.21207,-0.0658895,-0.0160169,-0.0375079,-11.6415,0.292,0.292,0.3,0.256
10415,2,1,0,0.3,0,0.649314,13.4838,-0.105975,-0.000740293,0.0017332,0.727745,0.685845,1.23997,2.20097,-0.065858,-0.0157598,-0.0396659,-11.6433,0.27,0.276,0.308,0.286
10416,2,1,0,0.3,0,0.650538,13.486,-0.106041,-0.000750647,0.00172932,0.723739,0.690071,1.22383,2.19006,-0.0658273,-0.016493,-0.0419119,-11.6453,0.328,0.266,0.318,0.226
10417,2,1,0,0.3,0,0.651745,13.4882,-0.106107,-0.000761768,0.00172476,0.719709,0.694273,1.20766,2.17935,-0.0657973,-0.0161819,-0.0438217,-11.6473,0.264,0.302,0.292,0.284
10418,2,1,0,0.3,0,0.652937,13.4903,-0.106173,-0.000773526,0.00171944,0.715653,0.698453,1.19149,2.16882,-0.065768,-0.0165562,-0.0456774,-11.6493,0.316,0.262,0.318,0.246
10419,2,1,0,0.3,0,0.654112,13.4925,-0.106239,-0.000785914,0.00171373,0.711572,0.70261,1.17532,2.15848,-0.0657395,-0.0166523,-0.0467317,-11.6511,0.294,0.296,0.298,0.252
10420,2,1,0,0.3,0,0.655271,13.4946,-0.106304,-0.000798505,0.0017075,0.707467,0.706744,1.15916,2.14834,-0.0657119,-0.0163976,-0.0477531,-11.6528,0.28,0.278,0.306,0.276
10421,2,1,0,0.3,0,0.656415,13.4968,-0.10637,-0.000811534,0.00170099,0.703337,0.710854,1.14301,2.13838,-0.0656851,-0.0169368,-0.0485858,-11.6545,0.33,0.27,0.316,0.224
10422,2,1,0,0.3,0,0.657541,13.4989,-0.106436,-0.000824704,0.00169419,0.699182,0.714941,1.12686,2.12861,-0.0656591,-0.0163577,-0.0490636,-11.6559,0.264,0.3,0.292,0.284
10423,2,1,0,0.3,0,0.658652,13.501,-0.106501,-0.000837935,0.00168705,0.695004,0.719004,1.11072,2.11904,-0.065634,-0.0165748,-0.0495625,-11.6572,0.318,0.262,0.318,0.242
10424,2,1,0,0.3,0,0.659747,13.5031,-0.106567,-0.000851287,0.00167987,0.690801,0.723043,1.09458,2.10965,-0.0656098,-0.0164951,-0.0494587,-11.6583,0.29,0.294,0.3,0.256
10425,2,1,0,0.3,0,0.660825,13.5052,-0.106633,-0.000864413,0.0016726,0.686574,0.727057,1.07844,2.10046,-0.0655865,-0.0163432,-0.0492484,-11.6591,0.284,0.276,0.306,0.274
10426,2,1,0,0.3,0,0.661887,13.5073,-0.106698,-0.000877531,0.00166552,0.682325,0.731047,1.06231,2.09145,-0.065564,-0.0167765,-0.0487439,-11.6598,0.322,0.276,0.312,0.23
10427,2,1,0,0.3,0,0.662934,13.5094,-0.106764,-0.000890305,0.00165858,0.678051,0.735012,1.04619,2.08264,-0.0655424,-0.0162432,-0.0479491,-11.6602,0.26,0.298,0.292,0.29
10428,2,1,0,0.3,0,0.663964,13.5115,-0.106829,-0.000902772,0.00165181,0.673754,0.738953,1.03007,2.07401,-0.0655217,-0.0166074,-0.0472757,-11.6608,0.318,0.264,0.316,0.24
10429,2,1,0,0.3,0,0.664978,13.5135,-0.106895,-0.000914995,0.00164537,0.669434,0.742869,1.01396,2.06558,-0.0655018,-0.0163513,-0.0462793,-11.6612,0.284,0.296,0.298,0.262
10430,2,1,0,0.3,0,0.665976,13.5156,-0.10696,-0.000926679,0.00163907,0.665092,0.74676,0.997864,2.05734,-0.0654827,-0.0160861,-0.0453727,-11.6615,0.284,0.276,0.306,0.274
10431,2,1,0,0.3,0,0.666957,13.5177,-0.107026,-0.000938069,0.00163312,0.660726,0.750625,0.98178,2.04929,-0.0654645,-0.0162117,-0.0443006,-11.6617,0.314,0.28,0.308,0.236
10432,2,1,0,0.3,0,0.667923,13.5197,-0.107091,-0.000948853,0.00162737,0.656338,0.754465,0.965716,2.04143,-0.0654471,-0.0153657,-0.0431733,-11.6618,0.258,0.298,0.292,0.292
10433,2,1,0,0.3,0,0.668873,13.5217,-0.107156,-0.000959112,0.00162184,0.651928,0.758278,0.949678,2.03376,-0.0654305,-0.015405,-0.0421185,-11.6621,0.32,0.266,0.316,0.238
10434,2,1,0,0.3,0,0.669806,13.5238,-0.107222,-0.000968895,0.00161664,0.647495,0.762067,0.933668,2.02628,-0.0654146,-0.0147964,-0.0409461,-11.6622,0.274,0.296,0.298,0.27
10435,2,1,0,0.3,0,0.670724,13.5258,-0.107287,-0.000978064,0.00161153,0.643041,0.76583,0.917691,2.01899,-0.0653996,-0.0144155,-0.040105,-11.6625,0.284,0.28,0.302,0.274
10436,2,1,0,0.3,0,0.671626,13.5278,-0.107353,-0.000986922,0.00160668,0.638564,0.769567,0.901747,2.01189,-0.0653852,-0.014303,-0.0392292,-11.6628,0.312,0.282,0.306,0.238
10437,2,1,0,0.3,0,0.672512,13.5298,-0.107418,-0.000995218,0.00160187,0.634065,0.773277,0.885839,2.00497,-0.0653717,-0.0134041,-0.038528,-11.6631,0.26,0.296,0.292,0.292
10438,2,1,0,0.3,0,0.673382,13.5318,-0.107483,-0.00100318,0.00159712,0.629545,0.776962,0.869971,1.99824,-0.0653589,-0.0135214,-0.0380262,-11.6636,0.322,0.268,0.314,0.236
10439,2,1,0,0.3,0,0.674236,13.5338,-0.107549,-0.00101091,0.00159248,0.625003,0.78062,0.854144,1.9917,-0.0653468,-0.0130842,-0.0375868,-11.6641,0.272,0.298,0.294,0.274
10440,2,1,0,0.3,0,0.675074,13.5358,-0.107614,-0.0010184,0.00158777,0.62044,0.784252,0.838361,1.98535,-0.0653354,-0.0131342,-0.0374664,-11.6647,0.29,0.278,0.302,0.268
10441,2,1,0,0.3,0,0.675897,13.5377,-0.107679,-0.00102597,0.00158318,0.615856,0.787857,0.822622,1.97918,-0.0653247,-0.0134289,-0.0372803,-11.6653,0.306,0.282,0.308,0.244
10442,2,1,0,0.3,0,0.676704,13.5397,-0.107745,-0.0010334,0.00157853,0.61125,0.791435,0.806931,1.9732,-0.0653148,-0.0131247,-0.037316,-11.6658,0.26,0.296,0.29,0.294
10443,2,1,0,0.3,0,0.677495,13.5417,-0.10781,-0.00104091,0.00157382,0.606624,0.794987,0.79129,1.9674,-0.0653056,-0.0136439,-0.0374896,-11.6665,0.32,0.27,0.314,0.236
10444,2,1,0,0.3,0,0.678271,13.5436,-0.107875,-0.00104852,0.00156903,0.601976,0.798512,0.775702,1.96178,-0.0652971,-0.013452,-0.0377528,-11.6672,0.266,0.298,0.294,0.282
10445,2,1,0,0.3,0,0.679031,13.5456,-0.107941,-0.00105622,0.00156402,0.597308,0.80201,0.760169,1.95635,-0.0652893,-0.0138427,-0.03829,-11.6681,0.294,0.278,0.302,0.264
10446,2,1,0,0.3,0,0.679776,13.5476,-0.108006,-0.00106429,0.00155892,0.592619,0.80548,0.744691,1.95111,-0.0652823,-0.0142686,-0.0388294,-11.669,0.304,0.284,0.308,0.246
10447,2,1,0,0.3,0,0.680505,13.5495,-0.108071,-0.00107253,0.00155349,0.58791,0.808924,0.729271,1.94604,-0.065276,-0.0142751,-0.0396721,-11.6701,0.266,0.292,0.294,0.29
10448,2,1,0,0.3,0,0.681219,13.5514,-0.108136,-0.00108124,0.0015478,0.58318,0.812341,0.713912,1.94116,-0.0652705,-0.0151083,-0.0406097,-11.6714,0.324,0.268,0.316,0.232
10449,2,1,0,0.3,0,0.681917,13.5534,-0.108202,-0.00109036,0.00154178,0.578429,0.81573,0.698616,1.93646,-0.0652658,-0.0151739,-0.0416737,-11.6727,0.268,0.294,0.296,0.28
10450,2,1,0,0.3,0,0.682601,13.5553,-0.108267,-0.0010999,0.00153532,0.573659,0.819092,0.683385,1.93194,-0.0652619,-0.0158618,-0.0428453,-11.6742,0.304,0.276,0.306,0.254
10451,2,1,0,0.3,0,0.683269,13.5572,-0.108332,-0.00111004,0.00152861,0.568868,0.822426,0.668231,1.92759,-0.0652586,-0.0164064,-0.0438607,-11.6756,0.306,0.282,0.31,0.242
10452,2,1,0,0.3,0,0.683922,13.5592,-0.108397,-0.00112051,0.00152145,0.564058,0.825733,0.653158,1.9234,-0.0652561,-0.016592,-0.0449748,-11.6769,0.274,0.29,0.294,0.282
10453,2,1,0,0.3,0,0.68456,13.5611,-0.108463,-0.00113149,0.00151399,0.559227,0.829012,0.638168,1.91939,-0.0652543,-0.0174004,-0.0458672,-11.6782,0.328,0.27,0.314,0.226
10454,2,1,0,0.3,0,0.685184,13.563,-0.108528,-0.00114279,0.00150626,0.554377,0.832264,0.623261,1.91555,-0.0652533,-0.0174011,-0.0465883,-11.6792,0.27,0.294,0.296,0.28
10455,2,1,0,0.3,0,0.685792,13.5649,-0.108593,-0.00115433,0.0014983,0.549508,0.835487,0.60844,1.91187,-0.065253,-0.0179966,-0.0470587,-11.68,0.308,0.274,0.308,0.25
10456,2,1,0,0.3,0,0.686386,13.5668,-0.108658,-0.00116613,0.00149032,0.54462,0.838681,0.593706,1.90836,-0.0652534,-0.0182054,-0.0472373,-11.6804,0.3,0.284,0.308,0.25
10457,2,1,0,0.3,0,0.686965,13.5687,-0.108724,-0.00117789,0.00148219,0.539713,0.841847,0.57906,1.90501,-0.0652546,-0.0181642,-0.0473665,-11.6806,0.278,0.292,0.292,0.278
10458,2,1,0,0.3,0,0.687529,13.5706,-0.108789,-0.00118974,0.00147412,0.534787,0.844985,0.564506,1.90183,-0.0652566,-0.0185827,-0.047191,-11.6807,0.328,0.27,0.318,0.226
10459,2,1,0,0.3,0,0.688079,13.5725,-0.108854,-0.00120146,0.00146607,0.529844,0.848093,0.550044,1.8988,-0.0652594,-0.018164,-0.0469752,-11.6806,0.268,0.298,0.294,0.282
10460,2,1,0,0.3,0,0.688615,13.5744,-0.10892,-0.00121298,0.00145803,0.524882,0.851173,0.535676,1.89594,-0.0652629,-0.0182316,-0.0466412,-11.6803,0.31,0.276,0.308,0.246
10461,2,1,0,0.3,0,0.689136,13.5763,-0.108985,-0.0012243,0.00145009,0.519903,0.854223,0.521403,1.89324,-0.0652671,-0.0177338,-0.0461714,-11.6797,0.292,0.284,0.308,0.254
10462,2,1,0,0.3,0,0.689644,13.5782,-0.10905,-0.00123512,0.00144207,0.514906,0.857244,0.507228,1.8907,-0.0652721,-0.0169899,-0.045774,-11.679,0.28,0.29,0.294,0.276
10463,2,1,0,0.3,0,0.690137,13.5801,-0.109115,-0.00124558,0.00143409,0.509892,0.860236,0.493152,1.88832,-0.0652778,-0.0165002,-0.0452215,-11.6781,0.32,0.27,0.318,0.232
10464,2,1,0,0.3,0,0.690616,13.582,-0.109181,-0.00125546,0.00142606,0.504861,0.863198,0.479178,1.88609,-0.0652843,-0.0153779,-0.0447276,-11.6771,0.26,0.298,0.292,0.292
10465,2,1,0,0.3,0,0.691081,13.5839,-0.109246,-0.00126483,0.00141801,0.499813,0.866131,0.465305,1.88402,-0.0652914,-0.0149321,-0.0441242,-11.6761,0.312,0.274,0.308,0.246
10466,2,1,0,0.3,0,0.691533,13.5857,-0.109311,-0.00127376,0.00141005,0.494749,0.869034,0.451536,1.88211,-0.0652993,-0.0140831,-0.0434915,-11.675,0.286,0.286,0.306,0.262
10467,2,1,0,0.3,0,0.691971,13.5876,-0.109376,-0.00128212,0.00140206,0.489668,0.871907,0.437873,1.88034,-0.0653078,-0.0134817,-0.0429615,-11.6741,0.28,0.286,0.296,0.276
10468,2,1,0,0.3,0,0.692395,13.5895,-0.109442,-0.00129021,0.00139425,0.484572,0.87475,0.424317,1.87873,-0.0653169,-0.0133357,-0.0423361,-11.6732,0.316,0.27,0.318,0.236
10469,2,1,0,0.3,0,0.692806,13.5914,-0.109507,-0.00129792,0.00138648,0.479458,0.877563,0.410869,1.87727,-0.0653267,-0.0126845,-0.0419534,-11.6724,0.262,0.296,0.292,0.29
10470,2,1,0,0.3,0,0.693203,13.5933,-0.109572,-0.00130537,0.00137875,0.474328,0.880346,0.39753,1.87596,-0.0653372,-0.0127152,-0.0415397,-11.6719,0.314,0.27,0.312,0.242
10471,2,1,0,0.3,0,0.693588,13.5951,-0.109638,-0.00131261,0.00137112,0.469183,0.883099,0.384302,1.8748,-0.0653482,-0.0122432,-0.0412318,-11.6714,0.28,0.284,0.306,0.268
10472,2,1,0,0.3,0,0.693959,13.597,-0.109703,-0.00131955,0.00136343,0.464022,0.885822,0.371188,1.87378,-0.0653599,-0.0120459,-0.040974,-11.6712,0.282,0.284,0.298,0.274
10473,2,1,0,0.3,0,0.694317,13.5989,-0.109769,-0.0013264,0.00135589,0.458844,0.888515,0.358188,1.87291,-0.0653722,-0.0121217,-0.0405401,-11.6711,0.31,0.27,0.318,0.24
10474,2,1,0,0.3,0,0.694662,13.6008,-0.109834,-0.00133301,0.00134839,0.453652,0.891177,0.345303,1.87218,-0.065385,-0.011761,-0.0402636,-11.6712,0.26,0.3,0.286,0.292
10475,2,1,0,0.3,0,0.694995,13.6026,-0.109899,-0.0013395,0.00134099,0.448443,0.893809,0.332535,1.8716,-0.0653985,-0.0120116,-0.0398813,-11.6716,0.316,0.27,0.314,0.24
10476,2,1,0,0.3,0,0.695315,13.6045,-0.109965,-0.00134588,0.00133371,0.443219,0.896411,0.319886,1.87116,-0.0654126,-0.0117562,-0.039618,-11.6722,0.276,0.288,0.302,0.274
10477,2,1,0,0.3,0,0.695622,13.6064,-0.11003,-0.0013521,0.00132643,0.43798,0.898983,0.307358,1.87086,-0.0654272,-0.0118946,-0.0394302,-11.673,0.29,0.286,0.296,0.268
10478,2,1,0,0.3,0,0.695917,13.6082,-0.110096,-0.00135838,0.00131929,0.432726,0.901524,0.294952,1.8707,-0.0654424,-0.0121197,-0.03925,-11.674,0.31,0.274,0.316,0.24
10479,2,1,0,0.3,0,0.6962,13.6101,-0.110161,-0.00136457,0.00131208,0.427456,0.904034,0.28267,1.87068,-0.0654582,-0.0120267,-0.0393268,-11.6751,0.262,0.3,0.286,0.292
10480,2,1,0,0.3,0,0.69647,13.612,-0.110227,-0.00137085,0.00130487,0.422171,0.906514,0.270513,1.87079,-0.0654746,-0.0124751,-0.039367,-11.6764,0.32,0.27,0.314,0.236
10481,2,1,0,0.3,0,0.696729,13.6139,-0.110292,-0.00137719,0.00129758,0.416872,0.908963,0.258483,1.87103,-0.0654915,-0.0123715,-0.039599,-11.6776,0.276,0.29,0.3,0.274
10482,2,1,0,0.3,0,0.696975,13.6157,-0.110358,-0.00138356,0.00129014,0.411557,0.911382,0.246581,1.87141,-0.065509,-0.0127494,-0.0398539,-11.6789,0.298,0.284,0.298,0.26
10483,2,1,0,0.3,0,0.69721,13.6176,-0.110423,-0.00139018,0.00128267,0.406228,0.91377,0.234808,1.87192,-0.0655271,-0.0131901,-0.0401014,-11.6801,0.306,0.278,0.312,0.244
10484,2,1,0,0.3,0,0.697433,13.6195,-0.110489,-0.00139693,0.00127506,0.400885,0.916127,0.223166,1.87256,-0.0655457,-0.0135114,-0.0404377,-11.6813,0.27,0.3,0.284,0.286
10485,2,1,0,0.3,0,0.697645,13.6213,-0.110554,-0.00140398,0.00126744,0.395527,0.918453,0.211656,1.87333,-0.065565,-0.0142987,-0.0405568,-11.6825,0.324,0.268,0.318,0.23
10486,2,1,0,0.3,0,0.697845,13.6232,-0.11062,-0.00141123,0.00125978,0.390155,0.920747,0.200279,1.87423,-0.0655848,-0.0144912,-0.0408498,-11.6835,0.274,0.296,0.294,0.276
10487,2,1,0,0.3,0,0.698034,13.6251,-0.110685,-0.00141867,0.00125204,0.38477,0.923011,0.189036,1.87525,-0.0656053,-0.0151936,-0.0410144,-11.6844,0.302,0.284,0.3,0.254
10488,2,1,0,0.3,0,0.698212,13.627,-0.110751,-0.00142641,0.00124433,0.379371,0.925243,0.17793,1.87639,-0.0656263,-0.0156931,-0.0411686,-11.685,0.3,0.28,0.312,0.25
10489,2,1,0,0.3,0,0.698379,13.6288,-0.110817,-0.00143426,0.0012365,0.373958,0.927444,0.166961,1.87766,-0.065648,-0.0159112,-0.0415339,-11.6855,0.274,0.298,0.288,0.28
10490,2,1,0,0.3,0,0.698535,13.6307,-0.110882,-0.00144232,0.00122854,0.368533,0.929613,0.15613,1.87905,-0.0656702,-0.0163411,-0.0418759,-11.6859,0.324,0.272,0.316,0.228
10491,2,1,0,0.3,0,0.698681,13.6326,-0.110948,-0.00145045,0.00122033,0.363095,0.93175,0.145439,1.88056,-0.0656931,-0.016186,-0.0424823,-11.6861,0.274,0.296,0.292,0.276
10492,2,1,0,0.3,0,0.698816,13.6345,-0.111014,-0.00145866,0.00121182,0.357645,0.933856,0.134889,1.88219,-0.0657166,-0.0165239,-0.0429369,-11.6863,0.308,0.28,0.304,0.248
10493,2,1,0,0.3,0,0.69894,13.6364,-0.111079,-0.00146705,0.00120315,0.352182,0.93593,0.124482,1.88393,-0.0657407,-0.0166238,-0.0433866,-11.6863,0.298,0.278,0.312,0.252
10494,2,1,0,0.3,0,0.699054,13.6383,-0.111145,-0.00147545,0.00119417,0.346707,0.937971,0.114218,1.88579,-0.0657655,-0.0166354,-0.0438751,-11.6861,0.278,0.294,0.292,0.276
10495,2,1,0,0.3,0,0.699158,13.6401,-0.111211,-0.00148396,0.00118506,0.341221,0.939981,0.104098,1.88776,-0.0657908,-0.0169065,-0.044044,-11.6858,0.32,0.266,0.322,0.232
10496,2,1,0,0.3,0,0.699252,13.642,-0.111277,-0.00149242,0.0011758,0.335723,0.941959,0.0941233,1.88984,-0.0658168,-0.0166093,-0.0443276,-11.6854,0.27,0.294,0.294,0.282
10497,2,1,0,0.3,0,0.699337,13.6439,-0.111343,-0.00150079,0.00116635,0.330214,0.943904,0.0842957,1.89203,-0.0658435,-0.0165814,-0.0444935,-11.6851,0.312,0.274,0.31,0.244
10498,2,1,0,0.3,0,0.699411,13.6458,-0.111409,-0.00150905,0.00115678,0.324693,0.945817,0.0746167,1.89433,-0.0658707,-0.0161745,-0.0446181,-11.6848,0.294,0.28,0.308,0.256
10499,2,1,0,0.3,0,0.699476,13.6477,-0.111474,-0.00151703,0.00114704,0.319162,0.947698,0.0650866,1.89674,-0.0658986,-0.0157216,-0.044635,-11.6847,0.284,0.294,0.29,0.272
10500,2,1,0,0.3,0,0.699532,13.6496,-0.11154,-0.00152478,0.00113731,0.31362,0.949547,0.0557066,1.89925,-0.0659271,-0.0153949,-0.0442589,-11.6847,0.316,0.27,0.316,0.238
10501,2,1,0,0.3,0,0.699579,13.6515,-0.111606,-0.00153211,0.00112763,0.308067,0.951363,0.0464774,1.90187,-0.0659561,-0.0146119,-0.043876,-11.6847,0.264,0.302,0.284,0.288
10502,2,1,0,0.3,0,0.699616,13.6534,-0.111672,-0.00153904,0.00111807,0.302504,0.953146,0.0374003,1.90458,-0.0659858,-0.0142109,-0.0432327,-11.6848,0.314,0.278,0.306,0.242
10503,2,1,0,0.3,0,0.699645,13.6553,-0.111738,-0.00154557,0.00110871,0.29693,0.954897,0.0284764,1.9074,-0.066016,-0.0135294,-0.042628,-11.6847,0.284,0.284,0.304,0.266
10504,2,1,0,0.3,0,0.699664,13.6572,-0.111804,-0.00155167,0.00109947,0.291347,0.956616,0.0197071,1.91031,-0.0660467,-0.0130974,-0.0421091,-11.6848,0.284,0.292,0.292,0.27
10505,2,1,0,0.3,0,0.699675,13.6592,-0.11187,-0.00155754,0.00109043,0.285753,0.958301,0.0110933,1.91332,-0.066078,-0.0129212,-0.0415676,-11.6848,0.312,0.272,0.316,0.24
10506,2,1,0,0.3,0,0.699678,13.6611,-0.111937,-0.00156314,0.00108146,0.280149,0.959955,0.00263563,1.91643,-0.0661098,-0.0125349,-0.0413856,-11.6848,0.268,0.3,0.286,0.284
10507,2,1,0,0.3,0,0.699672,13.663,-0.112003,-0.00156861,0.00107253,0.274536,0.961575,-0.00566507,1.91963,-0.0661421,-0.01263,-0.0411619,-11.685,0.316,0.272,0.314,0.238
10508,2,1,0,0.3,0,0.699658,13.6649,-0.112069,-0.001574,0.00106364,0.268914,0.963162,-0.0138076,1.92291,-0.0661749,-0.0124718,-0.041108,-11.6851,0.28,0.288,0.302,0.272
10509,2,1,0,0.3,0,0.699637,13.6668,-0.112135,-0.0015793,0.0010547,0.263282,0.964717,-0.0217907,1.92629,-0.0662082,-0.012577,-0.0410806,-11.6855,0.288,0.288,0.296,0.266
10510,2,1,0,0.3,0,0.699607,13.6688,-0.112201,-0.00158464,0.00104579,0.257641,0.966239,-0.0296138,1.92976,-0.0662419,-0.0127207,-0.0410384,-11.6858,0.304,0.272,0.314,0.248
10511,2,1,0,0.3,0,0.69957,13.6707,-0.112268,-0.00158992,0.00103678,0.251991,0.967728,-0.0372759,1.93331,-0.0662762,-0.0126787,-0.041238,-11.6863,0.268,0.3,0.286,0.284
10512,2,1,0,0.3,0,0.699525,13.6726,-0.112334,-0.00159527,0.00102772,0.246332,0.969184,-0.0447765,1.93694,-0.066311,-0.0130702,-0.0412296,-11.687,0.32,0.27,0.316,0.234
10513,2,1,0,0.3,0,0.699473,13.6746,-0.1124,-0.00160071,0.00101865,0.240664,0.970607,-0.0521145,1.94066,-0.0663462,-0.013235,-0.04132,-11.6878,0.28,0.296,0.294,0.27
10514,2,1,0,0.3,0,0.699414,13.6765,-0.112467,-0.00160625,0.00100953,0.234988,0.971997,-0.0592891,1.94445,-0.066382,-0.0137423,-0.0413809,-11.6889,0.298,0.29,0.294,0.258
10515,2,1,0,0.3,0,0.699347,13.6785,-0.112533,-0.00161201,0.00100043,0.229303,0.973353,-0.0662998,1.94833,-0.0664182,-0.0141771,-0.0414841,-11.69,0.304,0.276,0.312,0.248
10516,2,1,0,0.3,0,0.699274,13.6804,-0.1126,-0.00161787,0.000991193,0.223609,0.974677,-0.0731453,1.95228,-0.0664549,-0.0144507,-0.0417969,-11.691,0.274,0.3,0.286,0.28
10517,2,1,0,0.3,0,0.699194,13.6824,-0.112666,-0.00162394,0.000981889,0.217908,0.975968,-0.0798251,1.95631,-0.066492,-0.0150424,-0.0418909,-11.6919,0.322,0.268,0.32,0.23
10518,2,1,0,0.3,0,0.699108,13.6843,-0.112733,-0.00163017,0.000972523,0.212198,0.977225,-0.0863385,1.96041,-0.0665297,-0.0153254,-0.0421503,-11.6926,0.28,0.294,0.294,0.27
10519,2,1,0,0.3,0,0.699015,13.6863,-0.112799,-0.00163657,0.000963013,0.206482,0.978449,-0.0926846,1.96458,-0.0665679,-0.0158733,-0.0424365,-11.6933,0.306,0.286,0.298,0.248
10520,2,1,0,0.3,0,0.698916,13.6883,-0.112866,-0.0016432,0.000953406,0.200757,0.979639,-0.0988629,1.96882,-0.0666066,-0.0162295,-0.0426895,-11.6939,0.302,0.28,0.308,0.248
10521,2,1,0,0.3,0,0.698812,13.6902,-0.112932,-0.00164988,0.000943637,0.195026,0.980796,-0.104873,1.97313,-0.0666458,-0.0163905,-0.0429695,-11.6944,0.282,0.3,0.286,0.27
10522,2,1,0,0.3,0,0.698701,13.6922,-0.112999,-0.00165665,0.000933796,0.189288,0.98192,-0.110713,1.97751,-0.0666854,-0.0166244,-0.0430294,-11.6947,0.32,0.27,0.316,0.232
10523,2,1,0,0.3,0,0.698584,13.6942,-0.113066,-0.00166337,0.000923855,0.183543,0.98301,-0.116384,1.98195,-0.0667256,-0.0164662,-0.0432513,-11.6947,0.274,0.298,0.29,0.276
10524,2,1,0,0.3,0,0.698463,13.6962,-0.113133,-0.00167001,0.000913778,0.177792,0.984066,-0.121883,1.98645,-0.0667663,-0.016517,-0.0433577,-11.6946,0.312,0.282,0.304,0.242
10525,2,1,0,0.3,0,0.698335,13.6982,-0.113199,-0.00167659,0.000903627,0.172035,0.985089,-0.127212,1.99101,-0.0668074,-0.0163017,-0.0435034,-11.6942,0.296,0.28,0.31,0.254
10526,2,1,0,0.3,0,0.698203,13.7002,-0.113266,-0.00168297,0.000893311,0.166272,0.986078,-0.132369,1.99563,-0.0668491,-0.0160399,-0.0436976,-11.6937,0.284,0.296,0.29,0.27
10527,2,1,0,0.3,0,0.698066,13.7022,-0.113333,-0.00168923,0.000882937,0.160504,0.987033,-0.137353,2.0003,-0.0668912,-0.015873,-0.0436251,-11.6931,0.314,0.272,0.314,0.238
10528,2,1,0,0.3,0,0.697924,13.7042,-0.1134,-0.00169523,0.000872495,0.154731,0.987955,-0.142165,2.00503,-0.0669337,-0.0153517,-0.043735,-11.6924,0.268,0.3,0.288,0.284
10529,2,1,0,0.3,0,0.697777,13.7062,-0.113467,-0.00170099,0.000861968,0.148953,0.988842,-0.146803,2.00981,-0.0669767,-0.0150756,-0.0436646,-11.6918,0.31,0.276,0.308,0.244
10530,2,1,0,0.3,0,0.697625,13.7082,-0.113534,-0.00170651,0.000851443,0.14317,0.989696,-0.151267,2.01464,-0.0670202,-0.0146214,-0.0435991,-11.6911,0.286,0.286,0.302,0.264
10531,2,1,0,0.3,0,0.69747,13.7102,-0.113601,-0.00171176,0.000840853,0.137382,0.990516,-0.155557,2.01952,-0.067064,-0.0143455,-0.0435881,-11.6906,0.284,0.296,0.29,0.27
10532,2,1,0,0.3,0,0.69731,13.7123,-0.113668,-0.00171689,0.00083029,0.13159,0.991302,-0.159673,2.02445,-0.0671083,-0.0142504,-0.0434368,-11.6902,0.31,0.272,0.316,0.242
10533,2,1,0,0.3,0,0.697147,13.7143,-0.113735,-0.00172187,0.000819677,0.125794,0.992055,-0.163613,2.02942,-0.067153,-0.0140603,-0.0435707,-11.6901,0.272,0.3,0.288,0.28
10534,2,1,0,0.3,0,0.696979,13.7163,-0.113803,-0.00172682,0.000809012,0.119993,0.992773,-0.167377,2.03444,-0.0671981,-0.0142976,-0.0435176,-11.6901,0.316,0.272,0.312,0.238
10535,2,1,0,0.3,0,0.696808,13.7184,-0.11387,-0.00173181,0.000798356,0.114188,0.993457,-0.170965,2.03949,-0.0672436,-0.0144112,-0.043548,-11.6902,0.286,0.29,0.3,0.266
10536,2,1,0,0.3,0,0.696634,13.7204,-0.113937,-0.00173683,0.000787642,0.108379,0.994108,-0.174376,2.04459,-0.0672895,-0.0147117,-0.0435984,-11.6905,0.294,0.292,0.292,0.26
10537,2,1,0,0.3,0,0.696456,13.7225,-0.114004,-0.00174197,0.000776929,0.102567,0.994724,-0.177611,2.04972,-0.0673357,-0.0150002,-0.043593,-11.6908,0.312,0.272,0.316,0.24
10538,2,1,0,0.3,0,0.696276,13.7245,-0.114072,-0.00174712,0.000766125,0.0967503,0.995307,-0.180669,2.05488,-0.0673824,-0.01512,-0.0438149,-11.6913,0.276,0.3,0.286,0.276
10539,2,1,0,0.3,0,0.696092,13.7266,-0.114139,-0.00175236,0.000755254,0.0909303,0.995855,-0.183549,2.06008,-0.0674294,-0.0154541,-0.0438154,-11.6918,0.32,0.276,0.31,0.234
10540,2,1,0,0.3,0,0.695906,13.7286,-0.114207,-0.00175761,0.000744347,0.085107,0.99637,-0.186251,2.06532,-0.0674768,-0.0154368,-0.0439457,-11.6922,0.28,0.294,0.294,0.272
10541,2,1,0,0.3,0,0.695717,13.7307,-0.114274,-0.0017628,0.000733355,0.0792806,0.99685,-0.188776,2.07058,-0.0675246,-0.0155137,-0.0439539,-11.6925,0.296,0.288,0.296,0.258
10542,2,1,0,0.3,0,0.695526,13.7328,-0.114342,-0.00176797,0.000722422,0.0734513,0.997297,-0.191122,2.07587,-0.0675728,-0.0155193,-0.0437337,-11.6928,0.304,0.276,0.312,0.25
10543,2,1,0,0.3,0,0.695333,13.7349,-0.114409,-0.00177303,0.000711525,0.0676195,0.997709,-0.19329,2.08118,-0.0676214,-0.0154794,-0.0436566,-11.6929,0.278,0.302,0.284,0.276
10544,2,1,0,0.3,0,0.695137,13.7369,-0.114477,-0.0017781,0.000700711,0.0617852,0.998088,-0.195278,2.08652,-0.0676702,-0.0156933,-0.0433409,-11.6931,0.32,0.274,0.312,0.234
10545,2,1,0,0.3,0,0.69494,13.739,-0.114545,-0.00178315,0.000690011,0.0559488,0.998432,-0.197088,2.09187,-0.0677195,-0.0157193,-0.0431737,-11.6933,0.276,0.298,0.292,0.274
10546,2,1,0,0.3,0,0.694742,13.7411,-0.114613,-0.00178821,0.000679362,0.0501104,0.998742,-0.198719,2.09725,-0.0677691,-0.0160193,-0.0429672,-11.6935,0.302,0.286,0.3,0.252
10547,2,1,0,0.3,0,0.694541,13.7432,-0.11468,-0.00179336,0.000668819,0.0442701,0.999018,-0.20017,2.10264,-0.067819,-0.0162594,-0.0427953,-11.6936,0.304,0.276,0.312,0.248
10548,2,1,0,0.3,0,0.69434,13.7453,-0.114748,-0.00179854,0.000658239,0.0384282,0.99926,-0.201441,2.10805,-0.0678692,-0.0165088,-0.0429341,-11.6937,0.286,0.298,0.29,0.268
10549,2,1,0,0.3,0,0.694137,13.7475,-0.114816,-0.00180386,0.000647615,0.032585,0.999467,-0.202533,2.11347,-0.0679196,-0.0169189,-0.0429253,-11.6938,0.318,0.266,0.32,0.236
10550,2,1,0,0.3,0,0.693934,13.7496,-0.114884,-0.00180924,0.000636938,0.0267406,0.999641,-0.203444,2.11889,-0.0679703,-0.0170613,-0.0430995,-11.6939,0.276,0.298,0.29,0.276
10551,2,1,0,0.3,0,0.69373,13.7517,-0.114952,-0.00181465,0.000626169,0.0208953,0.99978,-0.204175,2.12433,-0.0680212,-0.0172778,-0.0431321,-11.6939,0.31,0.282,0.302,0.244
10552,2,1,0,0.3,0,0.693525,13.7538,-0.11502,-0.00182003,0.000615394,0.0150493,0.999885,-0.204726,2.12976,-0.0680723,-0.0171296,-0.0431619,-11.6939,0.296,0.278,0.31,0.256
10553,2,1,0,0.3,0,0.69332,13.756,-0.115088,-0.0018252,0.000604506,0.00920268,0.999956,-0.205097,2.1352,-0.0681236,-0.0168514,-0.0433903,-11.6941,0.286,0.294,0.292,0.266
10554,2,1,0,0.3,0,0.693115,13.7581,-0.115157,-0.0018302,0.000593565,0.00335571,0.999992,-0.205288,2.14064,-0.0681751,-0.0165674,-0.0433487,-11.6942,0.316,0.27,0.316,0.236
10555,2,1,0,0.3,0,0.692909,13.7603,-0.115225,-0.0018349,0.000582561,-0.00249146,0.999995,-0.205299,2.14608,-0.0682269,-0.016029,-0.04355,-11.6944,0.274,0.306,0.284,0.278
10556,2,1,0,0.3,0,0.692704,13.7624,-0.115293,-0.00183931,0.000571457,-0.00833869,0.999963,-0.205129,2.15151,-0.0682788,-0.0156058,-0.0436189,-11.6947,0.316,0.28,0.304,0.238
10557,2,1,0,0.3,0,0.6925,13.7646,-0.115361,-0.00184337,0.0005603,-0.0141858,0.999898,-0.204779,2.15694,-0.0683309,-0.0148934,-0.0437955,-11.6951,0.29,0.286,0.302,0.262
10558,2,1,0,0.3,0,0.692295,13.7667,-0.11543,-0.00184701,0.00054898,-0.0200326,0.999797,-0.204249,2.16236,-0.0683831,-0.0142838,-0.0440757,-11.6954,0.29,0.296,0.29,0.264
10559,2,1,0,0.3,0,0.692092,13.7689,-0.115498,-0.00185032,0.000537599,-0.0258789,0.999663,-0.20354,2.16777,-0.0684355,-0.0137491,-0.0440736,-11.6956,0.312,0.274,0.312,0.242
10560,2,1,0,0.3,0,0.691889,13.7711,-0.115567,-0.00185327,0.00052617,-0.0317244,0.999495,-0.20265,2.17317,-0.0684879,-0.0131486,-0.0442182,-11.6958,0.272,0.304,0.284,0.28
10561,2,1,0,0.3,0,0.691687,13.7732,-0.115635,-0.00185593,0.000514716,-0.0375689,0.999292,-0.201581,2.17855,-0.0685405,-0.0128031,-0.0440971,-11.6959,0.314,0.274,0.312,0.24
10562,2,1,0,0.3,0,0.691487,13.7754,-0.115704,-0.00185833,0.00050333,-0.0434121,0.999055,-0.200332,2.18392,-0.0685932,-0.0123213,-0.0440198,-11.696,0.282,0.29,0.296,0.27
10563,2,1,0,0.3,0,0.691288,13.7776,-0.115772,-0.00186048,0.000491935,-0.0492538,0.998784,-0.198904,2.18927,-0.0686459,-0.0121021,-0.0439665,-11.6961,0.296,0.294,0.292,0.258
10564,2,1,0,0.3,0,0.691091,13.7798,-0.115841,-0.0018625,0.000480638,-0.055094,0.998479,-0.197296,2.1946,-0.0686987,-0.0119534,-0.0436795,-11.6963,0.312,0.272,0.314,0.242
10565,2,1,0,0.3,0,0.690895,13.782,-0.11591,-0.00186438,0.000469432,-0.0609324,0.99814,-0.19551,2.19991,-0.0687515,-0.0118276,-0.0435204,-11.6966,0.276,0.304,0.282,0.276
10566,2,1,0,0.3,0,0.690702,13.7842,-0.115979,-0.00186621,0.000458363,-0.066769,0.997767,-0.193545,2.20519,-0.0688044,-0.0119045,-0.0430575,-11.697,0.322,0.276,0.31,0.232
10567,2,1,0,0.3,0,0.690511,13.7864,-0.116048,-0.00186797,0.000447496,-0.0726035,0.997359,-0.191402,2.21045,-0.0688573,-0.0117532,-0.0427699,-11.6974,0.282,0.296,0.292,0.27
10568,2,1,0,0.3,0,0.690321,13.7886,-0.116116,-0.00186963,0.000436705,-0.0784356,0.996917,-0.189081,2.21568,-0.0689103,-0.011793,-0.0425669,-11.6978,0.3,0.29,0.296,0.254
10569,2,1,0,0.3,0,0.690135,13.7909,-0.116185,-0.00187127,0.000426035,-0.0842653,0.996441,-0.186581,2.22088,-0.0689633,-0.0117688,-0.0423166,-11.698,0.302,0.276,0.31,0.25
10570,2,1,0,0.3,0,0.689951,13.7931,-0.116254,-0.00187281,0.00041538,-0.0900921,0.995932,-0.183905,2.22605,-0.0690163,-0.0117717,-0.0423812,-11.6981,0.278,0.304,0.284,0.274
10571,2,1,0,0.3,0,0.68977,13.7953,-0.116324,-0.00187435,0.000404716,-0.0959159,0.995388,-0.181051,2.23119,-0.0690694,-0.0119117,-0.0422637,-11.6982,0.32,0.274,0.312,0.234
10572,2,1,0,0.3,0,0.689592,13.7976,-0.116393,-0.00187585,0.000394046,-0.101736,0.99481,-0.17802,2.23629,-0.0691224,-0.0119185,-0.0424082,-11.6983,0.278,0.3,0.288,0.274
10573,2,1,0,0.3,0,0.689417,13.7998,-0.116462,-0.00187736,0.000383244,-0.107554,0.994197,-0.174813,2.24135,-0.0691755,-0.0122409,-0.042565,-11.6984,0.306,0.288,0.3,0.246
10574,2,1,0,0.3,0,0.689246,13.802,-0.116531,-0.00187896,0.000372394,-0.113367,0.993551,-0.171431,2.24637,-0.0692285,-0.0124953,-0.0425954,-11.6985,0.3,0.28,0.308,0.252
10575,2,1,0,0.3,0,0.689078,13.8043,-0.1166,-0.00188062,0.000361428,-0.119177,0.992871,-0.167873,2.25135,-0.0692815,-0.0128636,-0.0428429,-11.6985,0.282,0.302,0.286,0.27
10576,2,1,0,0.3,0,0.688914,13.8066,-0.11667,-0.00188245,0.000350361,-0.124982,0.992157,-0.16414,2.25629,-0.0693345,-0.0133319,-0.0428687,-11.6985,0.318,0.27,0.316,0.236
10577,2,1,0,0.3,0,0.688753,13.8088,-0.116739,-0.00188439,0.000339208,-0.130784,0.991409,-0.160233,2.26118,-0.0693875,-0.013673,-0.0430621,-11.6984,0.278,0.3,0.288,0.272
10578,2,1,0,0.3,0,0.688597,13.8111,-0.116808,-0.00188648,0.000327947,-0.13658,0.990627,-0.156152,2.26602,-0.0694405,-0.0142093,-0.0430588,-11.6983,0.314,0.282,0.304,0.24
10579,2,1,0,0.3,0,0.688445,13.8134,-0.116878,-0.00188873,0.000316686,-0.142373,0.989811,-0.151898,2.27081,-0.0694935,-0.0145337,-0.0430362,-11.6983,0.298,0.284,0.302,0.254
10580,2,1,0,0.3,0,0.688298,13.8156,-0.116948,-0.00189106,0.000305343,-0.14816,0.988962,-0.14747,2.27556,-0.0695465,-0.0148768,-0.043143,-11.6983,0.288,0.3,0.286,0.264
10581,2,1,0,0.3,0,0.688155,13.8179,-0.117017,-0.00189349,0.000294014,-0.153942,0.988078,-0.14287,2.28025,-0.0695995,-0.0150973,-0.0429002,-11.6982,0.316,0.272,0.314,0.238
10582,2,1,0,0.3,0,0.688017,13.8202,-0.117087,-0.0018959,0.000282742,-0.159719,0.987161,-0.138098,2.28488,-0.0696524,-0.0151332,-0.042888,-11.6981,0.274,0.302,0.286,0.278
10583,2,1,0,0.3,0,0.687884,13.8225,-0.117156,-0.00189831,0.000271452,-0.16549,0.98621,-0.133155,2.28946,-0.0697053,-0.0153123,-0.0427922,-11.6979,0.318,0.276,0.308,0.236
10584,2,1,0,0.3,0,0.687756,13.8248,-0.117226,-0.0019007,0.000260207,-0.171255,0.985225,-0.128042,2.29398,-0.0697582,-0.0152684,-0.0427859,-11.6977,0.292,0.286,0.302,0.26
10585,2,1,0,0.3,0,0.687633,13.8271,-0.117296,-0.00190302,0.000248883,-0.177015,0.984206,-0.122759,2.29844,-0.0698111,-0.0153957,-0.0429172,-11.6975,0.294,0.298,0.29,0.258
10586,2,1,0,0.3,0,0.687516,13.8294,-0.117366,-0.00190534,0.000237569,-0.182768,0.983154,-0.117308,2.30283,-0.0698639,-0.0154187,-0.0427711,-11.6974,0.314,0.272,0.312,0.24
10587,2,1,0,0.3,0,0.687404,13.8317,-0.117436,-0.00190755,0.000226238,-0.188515,0.982068,-0.111688,2.30716,-0.0699167,-0.0153401,-0.0429536,-11.6973,0.276,0.304,0.284,0.276
10588,2,1,0,0.3,0,0.687298,13.834,-0.117506,-0.00190967,0.000214852,-0.194256,0.980949,-0.1059,2.31143,-0.0699694,-0.0152832,-0.042906,-11.6973,0.32,0.272,0.312,0.236
10589,2,1,0,0.3,0,0.687198,13.8363,-0.117576,-0.00191162,0.000203525,-0.19999,0.979796,-0.0999454,2.31562,-0.070022,-0.0149157,-0.0428946,-11.6972,0.284,0.294,0.294,0.268
10590,2,1,0,0.3,0,0.687104,13.8386,-0.117646,-0.00191335,0.000192192,-0.205717,0.97861,-0.0938248,2.31975,-0.0700746,-0.0147023,-0.0429025,-11.6972,0.302,0.296,0.29,0.252
10591,2,1,0,0.3,0,0.687017,13.841,-0.117716,-0.0019149,0.000180959,-0.211437,0.97739,-0.0875387,2.3238,-0.070127,-0.0143407,-0.0427025,-11.6972,0.308,0.274,0.312,0.246
10592,2,1,0,0.3,0,0.686936,13.8433,-0.117786,-0.00191619,0.000169766,-0.21715,0.976136,-0.0810881,2.32778,-0.0701794,-0.0140216,-0.0427956,-11.6973,0.274,0.306,0.282,0.276
10593,2,1,0,0.3,0,0.686861,13.8456,-0.117856,-0.00191732,0.000158611,-0.222856,0.97485,-0.0744737,2.33168,-0.0702317,-0.013769,-0.0426372,-11.6974,0.32,0.272,0.314,0.234
10594,2,1,0,0.3,0,0.686794,13.8479,-0.117927,-0.0019182,0.000147533,-0.228554,0.973529,-0.0676964,2.33551,-0.0702839,-0.0133649,-0.0427025,-11.6974,0.28,0.298,0.29,0.27
10595,2,1,0,0.3,0,0.686733,13.8503,-0.117997,-0.00191889,0.000136395,-0.234244,0.972176,-0.0607573,2.33926,-0.0703359,-0.0132977,-0.0428085,-11.6975,0.306,0.292,0.294,0.248
10596,2,1,0,0.3,0,0.686679,13.8526,-0.118067,-0.00191948,0.000125283,-0.239926,0.970789,-0.0536571,2.34292,-0.0703877,-0.0131318,-0.0427798,-11.6976,0.308,0.276,0.31,0.246
10597,2,1,0,0.3,0,0.686633,13.855,-0.118138,-0.00191992,0.000114098,-0.2456,0.969369,-0.0463974,2.3465,-0.0704395,-0.0131133,-0.0430352,-11.6978,0.28,0.304,0.284,0.27
10598,2,1,0,0.3,0,0.686594,13.8573,-0.118208,-0.0019203,0.000102884,-0.251266,0.967916,-0.0389786,2.35,-0.070491,-0.0130627,-0.0428905,-11.698,0.32,0.268,0.316,0.236
10599,2,1,0,0.3,0,0.686562,13.8597,-0.118279,-0.00192053,9.17411e-05,-0.256923,0.96643,-0.0314016,2.3534,-0.0705424,-0.0128168,-0.0429264,-11.6981,0.276,0.302,0.288,0.276
10600,2,1,0,0.3,0,0.686539,13.862,-0.11835,-0.00192062,8.05691e-05,-0.262571,0.964911,-0.0236676,2.35672,-0.0705936,-0.0127864,-0.042943,-11.6982,0.312,0.286,0.298,0.244
10601,2,1,0,0.3,0,0.686523,13.8644,-0.11842,-0.00192059,6.94395e-05,-0.268211,0.963358,-0.0157775,2.35995,-0.0706447,-0.0125436,-0.0429589,-11.6984,0.3,0.28,0.306,0.252
10602,2,1,0,0.3,0,0.686515,13.8668,-0.118491,-0.00192039,5.8209e-05,-0.273841,0.961773,-0.00773206,2.36309,-0.0706955,-0.0125071,-0.0432845,-11.6988,0.284,0.308,0.28,0.266
10603,2,1,0,0.3,0,0.686516,13.8691,-0.118562,-0.00192009,4.69315e-05,-0.279463,0.960155,0.000467558,2.36613,-0.0707461,-0.0123756,-0.0432308,-11.6991,0.32,0.272,0.312,0.234
10604,2,1,0,0.3,0,0.686524,13.8715,-0.118632,-0.00191961,3.56394e-05,-0.285075,0.958503,0.00882006,2.36908,-0.0707965,-0.0122219,-0.0435054,-11.6995,0.276,0.308,0.282,0.274
10605,2,1,0,0.3,0,0.686542,13.8739,-0.118703,-0.00191903,2.42173e-05,-0.290677,0.956819,0.0173245,2.37193,-0.0708467,-0.0123002,-0.0436238,-11.6999,0.318,0.282,0.304,0.236
10606,2,1,0,0.3,0,0.686568,13.8762,-0.118774,-0.00191837,1.27897e-05,-0.29627,0.955102,0.0259797,2.37468,-0.0708966,-0.0121858,-0.0437079,-11.7001,0.292,0.288,0.3,0.258
10607,2,1,0,0.3,0,0.686603,13.8786,-0.118845,-0.00191762,1.23681e-06,-0.301853,0.953353,0.0347847,2.37733,-0.0709464,-0.0123919,-0.0439801,-11.7003,0.29,0.306,0.282,0.262
10608,2,1,0,0.3,0,0.686646,13.881,-0.118916,-0.0019169,-1.03848e-05,-0.307425,0.95157,0.0437381,2.37988,-0.0709958,-0.0125093,-0.0439537,-11.7003,0.316,0.27,0.316,0.238
10609,2,1,0,0.3,0,0.686699,13.8834,-0.118987,-0.00191614,-2.2092e-05,-0.312987,0.949756,0.0528385,2.38232,-0.071045,-0.0127118,-0.0442633,-11.7002,0.272,0.306,0.282,0.278
10610,2,1,0,0.3,0,0.686761,13.8858,-0.119058,-0.00191544,-3.39431e-05,-0.318537,0.947908,0.062085,2.38465,-0.0710939,-0.0130685,-0.0442577,-11.7001,0.32,0.276,0.308,0.234
10611,2,1,0,0.3,0,0.686833,13.8882,-0.119129,-0.0019148,-4.58076e-05,-0.324077,0.946029,0.0714764,2.38688,-0.0711426,-0.0132471,-0.0443238,-11.6998,0.286,0.29,0.298,0.266
10612,2,1,0,0.3,0,0.686914,13.8905,-0.119201,-0.00191422,-5.78117e-05,-0.329606,0.944117,0.0810117,2.389,-0.071191,-0.013707,-0.0444504,-11.6997,0.298,0.304,0.284,0.256
10613,2,1,0,0.3,0,0.687004,13.8929,-0.119272,-0.00191375,-6.97887e-05,-0.335123,0.942172,0.0906896,2.39101,-0.0712391,-0.0138439,-0.0441261,-11.6997,0.318,0.27,0.314,0.238
10614,2,1,0,0.3,0,0.687105,13.8953,-0.119343,-0.0019133,-8.16914e-05,-0.340629,0.940196,0.100508,2.3929,-0.071287,-0.0140452,-0.0440564,-11.6997,0.276,0.31,0.278,0.274
10615,2,1,0,0.3,0,0.687215,13.8977,-0.119414,-0.00191295,-9.35226e-05,-0.346123,0.938187,0.110467,2.39468,-0.0713346,-0.0142391,-0.0435941,-11.6998,0.322,0.272,0.31,0.234
10616,2,1,0,0.3,0,0.687336,13.9001,-0.119486,-0.00191262,-0.000105133,-0.351606,0.936146,0.120564,2.39635,-0.0713819,-0.0141947,-0.0432933,-11.6997,0.28,0.294,0.296,0.27
10617,2,1,0,0.3,0,0.687467,13.9025,-0.119557,-0.00191232,-0.000116688,-0.357076,0.934073,0.130798,2.39789,-0.0714289,-0.0144471,-0.0430682,-11.6996,0.304,0.296,0.29,0.25
10618,2,1,0,0.3,0,0.687608,13.9049,-0.119629,-0.00191208,-0.000128053,-0.362534,0.931968,0.141169,2.39932,-0.0714756,-0.0144082,-0.0425924,-11.6995,0.316,0.27,0.316,0.238
10619,2,1,0,0.3,0,0.68776,13.9073,-0.1197,-0.00191183,-0.000139321,-0.36798,0.929832,0.151673,2.40063,-0.071522,-0.0146142,-0.0425207,-11.6995,0.282,0.308,0.28,0.27
10620,2,1,0,0.3,0,0.687922,13.9097,-0.119772,-0.00191167,-0.000150512,-0.373413,0.927663,0.162311,2.40181,-0.0715682,-0.0146933,-0.0421182,-11.6995,0.324,0.27,0.312,0.232
10621,2,1,0,0.3,0,0.688095,13.9121,-0.119843,-0.00191143,-0.000161556,-0.378834,0.925463,0.173081,2.40287,-0.071614,-0.0145551,-0.0421061,-11.6994,0.274,0.3,0.29,0.276
10622,2,1,0,0.3,0,0.688279,13.9145,-0.119915,-0.00191111,-0.000172662,-0.384241,0.923231,0.183982,2.40381,-0.0716596,-0.0146029,-0.0422065,-11.6993,0.308,0.294,0.292,0.246
10623,2,1,0,0.3,0,0.688474,13.9169,-0.119987,-0.00191064,-0.000183711,-0.389635,0.920967,0.195011,2.40462,-0.0717048,-0.0142304,-0.0421957,-11.6992,0.306,0.27,0.314,0.248
10624,2,1,0,0.3,0,0.68868,13.9193,-0.120059,-0.00190994,-0.000194821,-0.395016,0.918672,0.206167,2.4053,-0.0717498,-0.0141918,-0.0425644,-11.6991,0.28,0.306,0.282,0.27
10625,2,1,0,0.3,0,0.688898,13.9217,-0.12013,-0.00190914,-0.000206003,-0.400383,0.916346,0.21745,2.40585,-0.0717944,-0.0140648,-0.0425621,-11.6991,0.32,0.268,0.314,0.236
10626,2,1,0,0.3,0,0.689126,13.9241,-0.120202,-0.00190814,-0.000217166,-0.405737,0.913988,0.228857,2.40627,-0.0718386,-0.0138272,-0.0428413,-11.6991,0.274,0.306,0.284,0.276
10627,2,1,0,0.3,0,0.689367,13.9266,-0.120274,-0.00190697,-0.000228446,-0.411076,0.911599,0.240387,2.40656,-0.0718825,-0.0137328,-0.0429994,-11.6994,0.32,0.288,0.296,0.236
10628,2,1,0,0.3,0,0.689619,13.929,-0.120346,-0.00190558,-0.00023965,-0.416402,0.909178,0.252038,2.40671,-0.071926,-0.013275,-0.0430574,-11.6997,0.302,0.278,0.308,0.252
10629,2,1,0,0.3,0,0.689883,13.9314,-0.120418,-0.00190395,-0.000250917,-0.421714,0.906727,0.263809,2.40673,-0.0719692,-0.0132244,-0.0433664,-11.7002,0.284,0.31,0.278,0.266
10630,2,1,0,0.3,0,0.690158,13.9338,-0.12049,-0.00190217,-0.000262148,-0.427011,0.904244,0.275699,2.40661,-0.072012,-0.0128211,-0.0432142,-11.7005,0.318,0.268,0.314,0.238
10631,2,1,0,0.3,0,0.690446,13.9362,-0.120562,-0.00190012,-0.000273314,-0.432295,0.90173,0.287705,2.40635,-0.0720544,-0.012574,-0.0435543,-11.7008,0.274,0.306,0.284,0.276
10632,2,1,0,0.3,0,0.690746,13.9386,-0.120634,-0.00189792,-0.000284617,-0.437563,0.899186,0.299827,2.40596,-0.0720964,-0.012529,-0.0437141,-11.701,0.324,0.284,0.3,0.232
10633,2,1,0,0.3,0,0.691058,13.941,-0.120706,-0.00189552,-0.00029586,-0.442817,0.89661,0.312063,2.40542,-0.072138,-0.0121702,-0.0438099,-11.7011,0.296,0.284,0.304,0.256
10634,2,1,0,0.3,0,0.691382,13.9434,-0.120778,-0.00189295,-0.000307179,-0.448055,0.894004,0.324411,2.40474,-0.0721792,-0.0122111,-0.0440492,-11.7014,0.294,0.314,0.274,0.258
10635,2,1,0,0.3,0,0.691719,13.9458,-0.120851,-0.00189024,-0.000318446,-0.453278,0.891367,0.336868,2.40392,-0.0722199,-0.0118214,-0.0439119,-11.7015,0.32,0.272,0.312,0.236
10636,2,1,0,0.3,0,0.692069,13.9482,-0.120923,-0.00188729,-0.000329682,-0.458485,0.8887,0.349435,2.40295,-0.0722602,-0.0116894,-0.0442869,-11.7016,0.274,0.314,0.278,0.276
10637,2,1,0,0.3,0,0.692431,13.9506,-0.120995,-0.00188421,-0.000341038,-0.463677,0.886002,0.362108,2.40184,-0.0723,-0.0116035,-0.0443713,-11.7014,0.322,0.28,0.304,0.234
10638,2,1,0,0.3,0,0.692806,13.953,-0.121068,-0.00188094,-0.000352331,-0.468853,0.883274,0.374886,2.40057,-0.0723394,-0.0113611,-0.0445267,-11.7008,0.286,0.288,0.302,0.264
10639,2,1,0,0.3,0,0.693194,13.9554,-0.12114,-0.00187759,-0.000363776,-0.474012,0.880516,0.387769,2.39917,-0.0723783,-0.0117285,-0.0447655,-11.7002,0.296,0.306,0.282,0.254
10640,2,1,0,0.3,0,0.693594,13.9578,-0.121212,-0.00187428,-0.000375228,-0.479155,0.877728,0.400753,2.39761,-0.0724167,-0.0117238,-0.0445854,-11.6994,0.314,0.264,0.32,0.242
10641,2,1,0,0.3,0,0.694008,13.9602,-0.121285,-0.00187096,-0.000386733,-0.484281,0.87491,0.413838,2.39589,-0.0724547,-0.012179,-0.0448138,-11.6986,0.274,0.31,0.282,0.274
10642,2,1,0,0.3,0,0.694435,13.9626,-0.121357,-0.00186779,-0.000398378,-0.489391,0.872062,0.42702,2.39403,-0.0724921,-0.0125132,-0.0446625,-11.6977,0.324,0.276,0.306,0.232
10643,2,1,0,0.3,0,0.694875,13.965,-0.12143,-0.00186463,-0.000409982,-0.494483,0.869185,0.440298,2.39201,-0.0725291,-0.0126669,-0.0447416,-11.697,0.282,0.292,0.298,0.268
10644,2,1,0,0.3,0,0.695329,13.9674,-0.121502,-0.00186156,-0.000421799,-0.499558,0.866278,0.453671,2.38984,-0.0725656,-0.0132506,-0.0449043,-11.6965,0.302,0.302,0.284,0.252
10645,2,1,0,0.3,0,0.695796,13.9698,-0.121575,-0.00185855,-0.000433618,-0.504616,0.863342,0.467137,2.38752,-0.0726016,-0.013223,-0.0447619,-11.696,0.31,0.268,0.316,0.244
10646,2,1,0,0.3,0,0.696277,13.9721,-0.121648,-0.00185552,-0.000445516,-0.509657,0.860376,0.480694,2.38503,-0.0726371,-0.0136704,-0.0450251,-11.6956,0.278,0.312,0.28,0.272
10647,2,1,0,0.3,0,0.696771,13.9745,-0.12172,-0.00185258,-0.000457521,-0.514679,0.857381,0.49434,2.38239,-0.0726721,-0.0138121,-0.0448574,-11.6952,0.326,0.268,0.312,0.234
10648,2,1,0,0.3,0,0.697279,13.9769,-0.121793,-0.00184959,-0.000469446,-0.519685,0.854356,0.508073,2.37959,-0.0727066,-0.0138324,-0.0449106,-11.6949,0.278,0.296,0.294,0.272
10649,2,1,0,0.3,0,0.697801,13.9793,-0.121866,-0.00184663,-0.000481471,-0.524672,0.851302,0.52189,2.37663,-0.0727406,-0.0141252,-0.0448628,-11.6947,0.306,0.296,0.288,0.248
10650,2,1,0,0.3,0,0.698337,13.9817,-0.121939,-0.00184361,-0.000493334,-0.529641,0.84822,0.535791,2.37351,-0.072774,-0.0137374,-0.0446216,-11.6946,0.306,0.27,0.314,0.248
10651,2,1,0,0.3,0,0.698887,13.984,-0.122011,-0.00184047,-0.000505163,-0.534593,0.845108,0.549773,2.37023,-0.0728069,-0.0138899,-0.0447795,-11.6946,0.28,0.316,0.274,0.268
10652,2,1,0,0.3,0,0.699451,13.9864,-0.122084,-0.00183728,-0.00051694,-0.539526,0.841967,0.563836,2.36678,-0.0728393,-0.0135473,-0.0445136,-11.6947,0.324,0.268,0.312,0.236
10653,2,1,0,0.3,0,0.700029,13.9888,-0.122157,-0.00183387,-0.000528526,-0.54444,0.838798,0.577976,2.36317,-0.0728712,-0.0132859,-0.0445963,-11.6949,0.276,0.3,0.292,0.272
10654,2,1,0,0.3,0,0.700621,13.9911,-0.12223,-0.00183039,-0.000540139,-0.549336,0.835599,0.592192,2.3594,-0.0729025,-0.0133336,-0.0445098,-11.6951,0.312,0.292,0.292,0.244
10655,2,1,0,0.3,0,0.701227,13.9935,-0.122303,-0.00182679,-0.000551536,-0.554214,0.832372,0.606483,2.35546,-0.0729333,-0.0128622,-0.0442936,-11.6951,0.3,0.272,0.314,0.254
10656,2,1,0,0.3,0,0.701848,13.9958,-0.122376,-0.00182309,-0.000562913,-0.559072,0.829117,0.620845,2.35135,-0.0729636,-0.0131357,-0.0444112,-11.6954,0.282,0.314,0.274,0.268
10657,2,1,0,0.3,0,0.702483,13.9982,-0.122449,-0.0018194,-0.000574256,-0.563912,0.825833,0.635278,2.34708,-0.0729932,-0.0129206,-0.0441761,-11.6956,0.322,0.266,0.316,0.236
10658,2,1,0,0.3,0,0.703133,14.0005,-0.122522,-0.00181557,-0.000585497,-0.568732,0.82252,0.649779,2.34264,-0.0730224,-0.0129527,-0.044314,-11.696,0.276,0.306,0.286,0.272
10659,2,1,0,0.3,0,0.703798,14.0029,-0.122595,-0.00181175,-0.000596791,-0.573533,0.81918,0.664347,2.33803,-0.0730509,-0.0130044,-0.0441488,-11.6965,0.316,0.288,0.294,0.242
10660,2,1,0,0.3,0,0.704477,14.0052,-0.122668,-0.00180781,-0.00060788,-0.578315,0.815812,0.67898,2.33325,-0.0730789,-0.0126842,-0.0440135,-11.6969,0.296,0.278,0.308,0.256
10661,2,1,0,0.3,0,0.70517,14.0075,-0.122741,-0.00180384,-0.000619,-0.583077,0.812415,0.693675,2.3283,-0.0731063,-0.0129964,-0.0440718,-11.6975,0.288,0.316,0.272,0.264
10662,2,1,0,0.3,0,0.705879,14.0098,-0.122814,-0.00179983,-0.000629984,-0.587819,0.80899,0.70843,2.32318,-0.0731332,-0.0125148,-0.0437278,-11.698,0.322,0.266,0.316,0.236
10663,2,1,0,0.3,0,0.706602,14.0122,-0.122887,-0.00179565,-0.00064077,-0.592541,0.805538,0.723242,2.31788,-0.0731594,-0.0124154,-0.0437294,-11.6985,0.28,0.31,0.282,0.268
10664,2,1,0,0.3,0,0.70734,14.0145,-0.122961,-0.00179144,-0.000651465,-0.597243,0.802058,0.738111,2.31242,-0.0731851,-0.0121714,-0.0433389,-11.6989,0.324,0.282,0.3,0.234
10665,2,1,0,0.3,0,0.708093,14.0168,-0.123034,-0.00178708,-0.000661781,-0.601925,0.79855,0.753034,2.30678,-0.0732102,-0.0115957,-0.0430183,-11.6992,0.292,0.28,0.31,0.258
10666,2,1,0,0.3,0,0.708861,14.0191,-0.123107,-0.00178265,-0.00067199,-0.606587,0.795015,0.768009,2.30096,-0.0732348,-0.011747,-0.0428699,-11.6994,0.29,0.316,0.272,0.26
10667,2,1,0,0.3,0,0.709644,14.0214,-0.12318,-0.00177819,-0.000682011,-0.611227,0.791453,0.783033,2.29497,-0.0732587,-0.0113125,-0.0425941,-11.6994,0.318,0.264,0.32,0.24
10668,2,1,0,0.3,0,0.710442,14.0237,-0.123254,-0.00177361,-0.000691993,-0.615847,0.787863,0.798105,2.28881,-0.073282,-0.0116437,-0.0428573,-11.6993,0.28,0.314,0.278,0.268
10669,2,1,0,0.3,0,0.711255,14.0259,-0.123327,-0.00176909,-0.000702128,-0.620445,0.784247,0.813223,2.28247,-0.0733048,-0.0118004,-0.0427863,-11.6992,0.32,0.284,0.298,0.236
10670,2,1,0,0.3,0,0.712084,14.0282,-0.1234,-0.00176449,-0.000712183,-0.625022,0.780605,0.828385,2.27595,-0.073327,-0.0118095,-0.0428687,-11.6989,0.288,0.288,0.304,0.26
10671,2,1,0,0.3,0,0.712927,14.0305,-0.123474,-0.00175995,-0.000722418,-0.629578,0.776935,0.843589,2.26926,-0.0733485,-0.0123784,-0.0429472,-11.6987,0.296,0.314,0.272,0.256
10672,2,1,0,0.3,0,0.713786,14.0327,-0.123547,-0.00175545,-0.000732631,-0.634111,0.773239,0.858832,2.26238,-0.0733695,-0.0122866,-0.0427818,-11.6981,0.314,0.264,0.32,0.242
10673,2,1,0,0.3,0,0.71466,14.035,-0.12362,-0.001751,-0.000742928,-0.638623,0.769517,0.874113,2.25534,-0.0733898,-0.013034,-0.042891,-11.6975,0.284,0.316,0.276,0.264
10674,2,1,0,0.3,0,0.71555,14.0373,-0.123694,-0.00174679,-0.000753352,-0.643113,0.765769,0.889431,2.24811,-0.0734095,-0.0132849,-0.042523,-11.6967,0.326,0.276,0.304,0.234
10675,2,1,0,0.3,0,0.716455,14.0395,-0.123767,-0.00174263,-0.000763611,-0.64758,0.761995,0.904781,2.2407,-0.0734287,-0.0134302,-0.0422857,-11.6958,0.286,0.288,0.304,0.262
10676,2,1,0,0.3,0,0.717375,14.0417,-0.123841,-0.00173867,-0.000773928,-0.652025,0.758195,0.920163,2.23312,-0.0734472,-0.0139187,-0.041962,-11.6948,0.3,0.304,0.28,0.254
10677,2,1,0,0.3,0,0.71831,14.044,-0.123914,-0.00173478,-0.000784041,-0.656447,0.75437,0.935575,2.22535,-0.0734651,-0.0136356,-0.0416013,-11.6934,0.306,0.26,0.324,0.248
10678,2,1,0,0.3,0,0.719261,14.0462,-0.123988,-0.00173092,-0.000794157,-0.660846,0.750519,0.951013,2.21741,-0.0734824,-0.0142282,-0.041627,-11.6922,0.278,0.316,0.276,0.27
10679,2,1,0,0.3,0,0.720228,14.0484,-0.124061,-0.00172718,-0.000804315,-0.665223,0.746643,0.966476,2.20928,-0.0734992,-0.0141609,-0.0413853,-11.6909,0.32,0.272,0.308,0.238
10680,2,1,0,0.3,0,0.72121,14.0506,-0.124135,-0.00172336,-0.000814361,-0.669576,0.742741,0.981961,2.20097,-0.0735153,-0.0143189,-0.0414451,-11.6898,0.284,0.294,0.298,0.264
10681,2,1,0,0.3,0,0.722207,14.0528,-0.124208,-0.00171968,-0.000824579,-0.673906,0.738815,0.997465,2.19249,-0.0735308,-0.0148308,-0.0413461,-11.6891,0.306,0.302,0.282,0.25
10682,2,1,0,0.3,0,0.72322,14.055,-0.124282,-0.00171601,-0.000834694,-0.678213,0.734863,1.01299,2.18382,-0.0735457,-0.0146392,-0.0411871,-11.6884,0.31,0.26,0.326,0.244
10683,2,1,0,0.3,0,0.724249,14.0571,-0.124355,-0.00171237,-0.000844865,-0.682496,0.730887,1.02853,2.17497,-0.0735599,-0.0152106,-0.0412071,-11.688,0.284,0.318,0.274,0.266
10684,2,1,0,0.3,0,0.725293,14.0593,-0.124429,-0.0017088,-0.00085503,-0.686756,0.726886,1.04408,2.16594,-0.0735736,-0.0149787,-0.040988,-11.6875,0.318,0.262,0.318,0.242
10685,2,1,0,0.3,0,0.726352,14.0615,-0.124502,-0.0017051,-0.000865082,-0.690992,0.72286,1.05965,2.15673,-0.0735867,-0.0150627,-0.0411835,-11.6871,0.278,0.294,0.298,0.268
10686,2,1,0,0.3,0,0.727428,14.0636,-0.124576,-0.00170138,-0.000875291,-0.695204,0.718809,1.07522,2.14733,-0.0735991,-0.0152346,-0.04129,-11.6868,0.304,0.3,0.282,0.254
10687,2,1,0,0.3,0,0.728518,14.0657,-0.12465,-0.00169745,-0.000885404,-0.699393,0.714734,1.0908,2.13776,-0.0736109,-0.0148277,-0.0415364,-11.6865,0.304,0.268,0.318,0.248
10688,2,1,0,0.3,0,0.729625,14.0679,-0.124723,-0.00169337,-0.000895679,-0.703558,0.710635,1.10639,2.128,-0.073622,-0.0152585,-0.0419555,-11.6867,0.286,0.326,0.264,0.264
10689,2,1,0,0.3,0,0.730747,14.07,-0.124797,-0.00168913,-0.000906,-0.707699,0.706512,1.12198,2.11806,-0.0736326,-0.0147669,-0.0421125,-11.6869,0.32,0.262,0.318,0.238
10690,2,1,0,0.3,0,0.731884,14.0721,-0.12487,-0.00168463,-0.000916265,-0.711816,0.702364,1.13757,2.10794,-0.0736425,-0.0148531,-0.0424588,-11.6873,0.284,0.3,0.294,0.262
10691,2,1,0,0.3,0,0.733038,14.0742,-0.124944,-0.00168008,-0.000926646,-0.715908,0.698192,1.15316,2.09763,-0.0736517,-0.0148262,-0.0424467,-11.6876,0.306,0.292,0.288,0.252
10692,2,1,0,0.3,0,0.734206,14.0763,-0.125018,-0.00167533,-0.000936808,-0.719975,0.693997,1.16875,2.08714,-0.0736602,-0.014354,-0.0424988,-11.6878,0.302,0.268,0.32,0.25
10693,2,1,0,0.3,0,0.735391,14.0784,-0.125091,-0.0016705,-0.000947041,-0.724019,0.689777,1.18433,2.07648,-0.0736682,-0.0147234,-0.0426606,-11.688,0.288,0.322,0.264,0.264
10694,2,1,0,0.3,0,0.736591,14.0804,-0.125165,-0.00166553,-0.000957201,-0.728038,0.685534,1.1999,2.06562,-0.0736754,-0.0140926,-0.0427255,-11.6882,0.316,0.26,0.32,0.244
10695,2,1,0,0.3,0,0.737806,14.0825,-0.125239,-0.00166029,-0.000967268,-0.732032,0.681267,1.21547,2.05459,-0.073682,-0.0141536,-0.0430524,-11.6886,0.282,0.31,0.282,0.264
10696,2,1,0,0.3,0,0.739037,14.0845,-0.125312,-0.00165493,-0.000977394,-0.736002,0.676977,1.23102,2.04338,-0.0736879,-0.0138363,-0.0431265,-11.6889,0.314,0.292,0.288,0.246
10697,2,1,0,0.3,0,0.740284,14.0865,-0.125386,-0.00164926,-0.000987262,-0.739946,0.672663,1.24656,2.03198,-0.0736931,-0.0132507,-0.043297,-11.6892,0.302,0.268,0.322,0.248
10698,2,1,0,0.3,0,0.741546,14.0886,-0.12546,-0.00164346,-0.000997141,-0.743866,0.668326,1.26208,2.0204,-0.0736976,-0.0134198,-0.0433376,-11.6895,0.29,0.318,0.268,0.262
10699,2,1,0,0.3,0,0.742823,14.0906,-0.125534,-0.00163752,-0.00100682,-0.74776,0.663967,1.27758,2.00864,-0.0737014,-0.012657,-0.0432529,-11.6895,0.316,0.256,0.324,0.242
10700,2,1,0,0.3,0,0.744116,14.0926,-0.125607,-0.00163138,-0.00101636,-0.751628,0.659585,1.29307,1.9967,-0.0737046,-0.0128796,-0.0434117,-11.6896,0.284,0.316,0.276,0.264
10701,2,1,0,0.3,0,0.745425,14.0946,-0.125681,-0.00162522,-0.00102597,-0.75547,0.65518,1.30853,1.98457,-0.0737071,-0.0126543,-0.0434603,-11.6895,0.312,0.286,0.294,0.248
10702,2,1,0,0.3,0,0.746749,14.0965,-0.125755,-0.00161877,-0.00103541,-0.759287,0.650754,1.32396,1.97227,-0.0737089,-0.0123547,-0.0437595,-11.6895,0.3,0.274,0.316,0.25
10703,2,1,0,0.3,0,0.748088,14.0985,-0.125828,-0.00161223,-0.001045,-0.763077,0.646305,1.33937,1.95979,-0.0737099,-0.0126783,-0.0439666,-11.6894,0.292,0.32,0.264,0.264
10704,2,1,0,0.3,0,0.749443,14.1004,-0.125902,-0.0016055,-0.00105451,-0.766841,0.641834,1.35475,1.94712,-0.0737103,-0.0121351,-0.0441386,-11.6892,0.314,0.254,0.328,0.242
10705,2,1,0,0.3,0,0.750813,14.1024,-0.125976,-0.00159858,-0.00106404,-0.77058,0.637341,1.37009,1.93428,-0.07371,-0.0124859,-0.0444534,-11.689,0.282,0.316,0.276,0.266
10706,2,1,0,0.3,0,0.752198,14.1043,-0.12605,-0.00159156,-0.00107365,-0.774292,0.632826,1.38541,1.92125,-0.0737089,-0.0121081,-0.0446033,-11.6886,0.31,0.278,0.3,0.25
10707,2,1,0,0.3,0,0.753599,14.1062,-0.126123,-0.00158422,-0.00108308,-0.777977,0.62829,1.40069,1.90805,-0.0737072,-0.0118662,-0.0449254,-11.6882,0.296,0.278,0.316,0.25
10708,2,1,0,0.3,0,0.755015,14.1081,-0.126197,-0.00157679,-0.00109265,-0.781635,0.623733,1.41593,1.89467,-0.0737047,-0.0120532,-0.0451156,-11.6879,0.29,0.318,0.268,0.264
10709,2,1,0,0.3,0,0.756446,14.11,-0.126271,-0.00156913,-0.00110209,-0.785267,0.619154,1.43113,1.88111,-0.0737015,-0.0115358,-0.0453294,-11.6876,0.314,0.254,0.33,0.242
10710,2,1,0,0.3,0,0.757892,14.1118,-0.126344,-0.00156136,-0.00111165,-0.788872,0.614555,1.44629,1.86737,-0.0736976,-0.0122588,-0.0455536,-11.6875,0.282,0.326,0.266,0.266
10711,2,1,0,0.3,0,0.759354,14.1137,-0.126418,-0.00155364,-0.00112139,-0.792449,0.609935,1.4614,1.85345,-0.073693,-0.0122285,-0.045665,-11.6875,0.31,0.28,0.3,0.25
10712,2,1,0,0.3,0,0.76083,14.1155,-0.126492,-0.00154574,-0.00113111,-0.796,0.605293,1.47647,1.83936,-0.0736876,-0.0124292,-0.0459376,-11.6875,0.294,0.286,0.308,0.252
10713,2,1,0,0.3,0,0.762322,14.1174,-0.126565,-0.00153787,-0.00114104,-0.799524,0.600631,1.49149,1.82509,-0.0736815,-0.0127415,-0.0459904,-11.6876,0.292,0.316,0.268,0.264
10714,2,1,0,0.3,0,0.763828,14.1192,-0.126639,-0.00152987,-0.00115081,-0.803021,0.595948,1.50646,1.81065,-0.0736746,-0.0122642,-0.0459585,-11.6875,0.312,0.252,0.332,0.242
10715,2,1,0,0.3,0,0.76535,14.121,-0.126713,-0.00152189,-0.00116054,-0.806491,0.591244,1.52138,1.79603,-0.0736671,-0.0127638,-0.0457241,-11.6874,0.282,0.328,0.264,0.268
10716,2,1,0,0.3,0,0.766886,14.1228,-0.126786,-0.00151402,-0.00117017,-0.809933,0.58652,1.53624,1.78123,-0.0736587,-0.0123153,-0.0453472,-11.6872,0.312,0.266,0.312,0.248
10717,2,1,0,0.3,0,0.768437,14.1245,-0.12686,-0.00150611,-0.00117949,-0.813347,0.581776,1.55105,1.76626,-0.0736497,-0.0123107,-0.0450574,-11.687,0.292,0.288,0.306,0.252
10718,2,1,0,0.3,0,0.770003,14.1263,-0.126934,-0.0014984,-0.00118877,-0.816734,0.577012,1.56579,1.75112,-0.0736399,-0.0123779,-0.0445431,-11.6869,0.294,0.316,0.268,0.264
10719,2,1,0,0.3,0,0.771583,14.128,-0.127007,-0.0014907,-0.00119768,-0.820092,0.572229,1.58048,1.73581,-0.0736294,-0.0118962,-0.0441045,-11.6866,0.314,0.254,0.334,0.238
10720,2,1,0,0.3,0,0.773178,14.1297,-0.127081,-0.00148321,-0.00120649,-0.823422,0.567426,1.5951,1.72032,-0.0736182,-0.0124655,-0.0435465,-11.6866,0.282,0.328,0.262,0.266
10721,2,1,0,0.3,0,0.774788,14.1314,-0.127155,-0.00147593,-0.00121513,-0.826724,0.562604,1.60965,1.70466,-0.0736063,-0.0120583,-0.0429867,-11.6865,0.316,0.262,0.318,0.242
10722,2,1,0,0.3,0,0.776412,14.1331,-0.127228,-0.00146874,-0.0012235,-0.829999,0.557762,1.62414,1.68884,-0.0735938,-0.0122834,-0.042505,-11.6864,0.294,0.294,0.3,0.252
10723,2,1,0,0.3,0,0.778051,14.1348,-0.127302,-0.00146185,-0.00123183,-0.833244,0.552902,1.63856,1.67284,-0.0735805,-0.0124216,-0.0419009,-11.6863,0.294,0.308,0.274,0.264
10724,2,1,0,0.3,0,0.779704,14.1364,-0.127375,-0.00145504,-0.00123986,-0.836462,0.548022,1.65291,1.65668,-0.0735666,-0.0121573,-0.0414873,-11.6862,0.314,0.256,0.334,0.238
10725,2,1,0,0.3,0,0.781371,14.1381,-0.127449,-0.00144844,-0.00124787,-0.83965,0.543125,1.66719,1.64034,-0.073552,-0.0127438,-0.0410486,-11.6861,0.278,0.332,0.258,0.272
10726,2,1,0,0.3,0,0.783052,14.1397,-0.127522,-0.00144194,-0.00125575,-0.84281,0.538208,1.68139,1.62384,-0.0735367,-0.012293,-0.0407946,-11.6859,0.316,0.254,0.326,0.242
10727,2,1,0,0.3,0,0.784748,14.1413,-0.127596,-0.00143544,-0.00126348,-0.845941,0.533274,1.69551,1.60717,-0.0735208,-0.0126459,-0.0405931,-11.6859,0.292,0.302,0.292,0.254
10728,2,1,0,0.3,0,0.786457,14.1429,-0.127669,-0.00142913,-0.00127127,-0.849042,0.528322,1.70955,1.59034,-0.0735042,-0.0127234,-0.0402626,-11.6858,0.3,0.302,0.278,0.26
10729,2,1,0,0.3,0,0.788181,14.1445,-0.127743,-0.00142278,-0.00127881,-0.852115,0.523351,1.72352,1.57334,-0.073487,-0.0124894,-0.0400975,-11.6857,0.316,0.254,0.334,0.234
10730,2,1,0,0.3,0,0.789918,14.146,-0.127816,-0.00141656,-0.00128639,-0.85516,0.518361,1.7374,1.55619,-0.0734691,-0.0129774,-0.0398561,-11.6859,0.282,0.33,0.256,0.27
10731,2,1,0,0.3,0,0.791669,14.1476,-0.12789,-0.0014103,-0.00129385,-0.858175,0.513355,1.75119,1.53886,-0.0734506,-0.0124227,-0.0399067,-11.6858,0.318,0.252,0.33,0.24
10732,2,1,0,0.3,0,0.793434,14.1491,-0.127963,-0.00140389,-0.00130123,-0.86116,0.50833,1.7649,1.52138,-0.0734314,-0.0127873,-0.0400769,-11.6858,0.29,0.31,0.284,0.256
10733,2,1,0,0.3,0,0.795213,14.1506,-0.128037,-0.00139742,-0.00130876,-0.864117,0.503288,1.77851,1.50374,-0.0734117,-0.0126756,-0.0403535,-11.6856,0.298,0.296,0.282,0.264
10734,2,1,0,0.3,0,0.797005,14.1521,-0.12811,0.00139065,0.00131619,0.867043,-0.498229,1.79204,1.48593,-0.0733912,-0.0125845,-0.0407835,-11.6853,0.316,0.26,0.332,0.234
10735,2,1,0,0.3,0,0.79881,14.1536,-0.128183,0.0013838,0.00132387,0.869939,-0.493155,1.80547,1.46797,-0.0733702,-0.0131725,-0.0410502,-11.6852,0.282,0.33,0.256,0.272
10736,2,1,0,0.3,0,0.800629,14.155,-0.128257,0.00137675,0.00133159,0.872806,-0.488064,1.81881,1.44985,-0.0733484,-0.0128278,-0.0415021,-11.6848,0.318,0.246,0.338,0.238
10737,2,1,0,0.3,0,0.802461,14.1564,-0.12833,0.00136948,0.00133941,0.875643,-0.482956,1.83206,1.43158,-0.073326,-0.0133643,-0.0419186,-11.6847,0.286,0.314,0.278,0.262
10738,2,1,0,0.3,0,0.804306,14.1579,-0.128403,0.00136204,0.00134745,0.878449,-0.477832,1.8452,1.41315,-0.073303,-0.0132464,-0.0424573,-11.6843,0.3,0.286,0.292,0.262
10739,2,1,0,0.3,0,0.806165,14.1592,-0.128477,0.00135422,0.00135548,0.881226,-0.472692,1.85824,1.39457,-0.0732793,-0.013324,-0.0430989,-11.684,0.312,0.264,0.328,0.236
10740,2,1,0,0.3,0,0.808036,14.1606,-0.12855,0.00134626,0.00136385,0.883972,-0.467536,1.87118,1.37583,-0.0732549,-0.0138859,-0.0435942,-11.6839,0.278,0.332,0.254,0.278
10741,2,1,0,0.3,0,0.80992,14.162,-0.128623,0.00133796,0.0013723,0.886688,-0.462364,1.88402,1.35695,-0.0732298,-0.0135942,-0.0443243,-11.6838,0.318,0.248,0.336,0.236
10742,2,1,0,0.3,0,0.811817,14.1633,-0.128696,0.00132938,0.00138097,0.889374,-0.457176,1.89675,1.33791,-0.073204,-0.0143286,-0.044881,-11.684,0.28,0.326,0.266,0.266
10743,2,1,0,0.3,0,0.813726,14.1646,-0.12877,0.00132064,0.00138993,0.89203,-0.451972,1.90938,1.31873,-0.0731776,-0.0143877,-0.0454191,-11.6841,0.304,0.282,0.298,0.256
10744,2,1,0,0.3,0,0.815648,14.1659,-0.128843,0.00131162,0.00139896,0.894655,-0.446753,1.92189,1.29939,-0.0731504,-0.0146904,-0.0458523,-11.6843,0.312,0.274,0.32,0.236
10745,2,1,0,0.3,0,0.817582,14.1672,-0.128916,0.0013026,0.00140828,0.89725,-0.441519,1.93429,1.27992,-0.0731225,-0.0151998,-0.045961,-11.6844,0.276,0.334,0.25,0.28
10746,2,1,0,0.3,0,0.819529,14.1685,-0.128989,0.00129344,0.00141754,0.899814,-0.43627,1.94659,1.26029,-0.0730939,-0.0148913,-0.0461706,-11.6845,0.32,0.244,0.344,0.232
10747,2,1,0,0.3,0,0.821487,14.1697,-0.129062,0.00128427,0.00142688,0.902347,-0.431005,1.95876,1.24052,-0.0730646,-0.0155259,-0.046062,-11.6846,0.276,0.332,0.26,0.27
10748,2,1,0,0.3,0,0.823458,14.1709,-0.129135,0.00127515,0.00143623,0.90485,-0.425726,1.97082,1.22062,-0.0730346,-0.0152048,-0.0459874,-11.6845,0.302,0.276,0.306,0.256
10749,2,1,0,0.3,0,0.825441,14.1721,-0.129208,0.001266,0.00144538,0.907322,-0.420433,1.98277,1.20056,-0.0730039,-0.0153396,-0.0456882,-11.6844,0.306,0.278,0.316,0.24
10750,2,1,0,0.3,0,0.827436,14.1733,-0.129281,0.00125714,0.00145456,0.909762,-0.415125,1.99459,1.18037,-0.0729725,-0.0156093,-0.0450487,-11.6844,0.276,0.328,0.256,0.28
10751,2,1,0,0.3,0,0.829442,14.1745,-0.129354,0.00124844,0.00146344,0.912172,-0.409803,2.00629,1.16005,-0.0729403,-0.0151527,-0.0444614,-11.6843,0.326,0.24,0.346,0.226
10752,2,1,0,0.3,0,0.83146,14.1756,-0.129427,0.00124007,0.00147212,0.914551,-0.404467,2.01787,1.13958,-0.0729076,-0.0154769,-0.0435206,-11.6844,0.278,0.332,0.258,0.272
10753,2,1,0,0.3,0,0.833489,14.1767,-0.1295,0.00123202,0.00148049,0.916898,-0.399117,2.02932,1.11898,-0.0728741,-0.0147253,-0.0427825,-11.6844,0.31,0.264,0.316,0.248
10754,2,1,0,0.3,0,0.83553,14.1778,-0.129573,0.00122407,0.00148834,0.919214,-0.393754,2.04065,1.09825,-0.07284,-0.0143608,-0.0421101,-11.6846,0.306,0.288,0.306,0.242
10755,2,1,0,0.3,0,0.837582,14.1789,-0.129645,0.00121638,0.00149592,0.921499,-0.388377,2.05185,1.07738,-0.0728052,-0.0139647,-0.041452,-11.6847,0.278,0.324,0.26,0.278
10756,2,1,0,0.3,0,0.839644,14.18,-0.129718,0.0012087,0.00150298,0.923752,-0.382986,2.06292,1.05638,-0.0727699,-0.0131129,-0.0411074,-11.6849,0.33,0.242,0.346,0.222
10757,2,1,0,0.3,0,0.841718,14.181,-0.129791,0.00120112,0.00150977,0.925974,-0.377583,2.07387,1.03526,-0.0727339,-0.0130966,-0.0405642,-11.6852,0.278,0.336,0.254,0.272
10758,2,1,0,0.3,0,0.843803,14.182,-0.129864,0.00119362,0.0015162,0.928164,-0.372167,2.08467,1.01401,-0.0726974,-0.0122094,-0.0402627,-11.6852,0.314,0.254,0.328,0.244
10759,2,1,0,0.3,0,0.845898,14.183,-0.129936,0.00118609,0.00152224,0.930323,-0.366737,2.09535,0.992626,-0.0726603,-0.0120587,-0.0398991,-11.6853,0.302,0.292,0.3,0.246
10760,2,1,0,0.3,0,0.848004,14.184,-0.130009,0.0011787,0.00152816,0.932449,-0.361296,2.10589,0.971122,-0.0726226,-0.0117969,-0.039662,-11.6852,0.282,0.31,0.272,0.278
10761,2,1,0,0.3,0,0.850121,14.1849,-0.130081,0.00117115,0.00153374,0.934544,-0.355842,2.11629,0.949496,-0.0725843,-0.0112956,-0.0397662,-11.6851,0.328,0.24,0.348,0.224
10762,2,1,0,0.3,0,0.852247,14.1859,-0.130154,0.00116357,0.00153932,0.936607,-0.350376,2.12655,0.927748,-0.0725456,-0.0116196,-0.0397321,-11.6851,0.272,0.338,0.25,0.28
10763,2,1,0,0.3,0,0.854384,14.1868,-0.130226,0.00115584,0.00154482,0.938638,-0.344897,2.13667,0.905881,-0.0725062,-0.0111794,-0.0401287,-11.685,0.318,0.248,0.332,0.24
10764,2,1,0,0.3,0,0.85653,14.1877,-0.130299,0.00114787,0.00155032,0.940637,-0.339408,2.14665,0.883896,-0.0724663,-0.011619,-0.0404448,-11.6853,0.302,0.306,0.284,0.248
10765,2,1,0,0.3,0,0.858687,14.1885,-0.130371,0.0011398,0.00155605,0.942604,-0.333906,2.15649,0.861794,-0.0724259,-0.0117973,-0.0408798,-11.6855,0.288,0.306,0.272,0.272
10766,2,1,0,0.3,0,0.860853,14.1894,-0.130444,0.00113137,0.00156177,0.944539,-0.328393,2.16619,0.839578,-0.072385,-0.0117749,-0.0415975,-11.6858,0.328,0.246,0.342,0.224
10767,2,1,0,0.3,0,0.863029,14.1902,-0.130516,0.00112267,0.00156775,0.946442,-0.322868,2.17574,0.81725,-0.0723434,-0.0123409,-0.0421908,-11.6861,0.266,0.342,0.246,0.286
10768,2,1,0,0.3,0,0.865214,14.191,-0.130588,0.00111358,0.00157384,0.948312,-0.317332,2.18514,0.79481,-0.0723014,-0.0121414,-0.0431288,-11.6862,0.318,0.244,0.338,0.238
10769,2,1,0,0.3,0,0.867408,14.1917,-0.130661,0.00110408,0.00158012,0.95015,-0.311786,2.19439,0.77226,-0.0722587,-0.0128031,-0.0438103,-11.6864,0.294,0.316,0.274,0.256
10770,2,1,0,0.3,0,0.869612,14.1925,-0.130733,0.00109439,0.00158672,0.951956,-0.306229,2.2035,0.749602,-0.0722155,-0.0131061,-0.0443463,-11.6864,0.288,0.302,0.278,0.27
10771,2,1,0,0.3,0,0.871824,14.1932,-0.130805,0.00108438,0.00159339,0.953729,-0.300661,2.21246,0.726839,-0.0721718,-0.013298,-0.0448962,-11.6866,0.326,0.252,0.336,0.224
10772,2,1,0,0.3,0,0.874046,14.1939,-0.130877,0.00107425,0.00160032,0.95547,-0.295083,2.22126,0.70397,-0.0721274,-0.0138605,-0.0451731,-11.6868,0.266,0.342,0.244,0.286
10773,2,1,0,0.3,0,0.876276,14.1946,-0.130949,0.00106389,0.00160727,0.957178,-0.289495,2.22991,0.681,-0.0720825,-0.0135703,-0.0456889,-11.6867,0.324,0.24,0.344,0.232
10774,2,1,0,0.3,0,0.878514,14.1953,-0.131021,0.00105332,0.00161425,0.958853,-0.283897,2.2384,0.657929,-0.072037,-0.0140049,-0.0458891,-11.6868,0.288,0.322,0.27,0.26
10775,2,1,0,0.3,0,0.880761,14.1959,-0.131093,0.00104269,0.00162132,0.960496,-0.278289,2.24674,0.634758,-0.0719909,-0.013874,-0.0460522,-11.6866,0.292,0.288,0.294,0.266
10776,2,1,0,0.3,0,0.883016,14.1965,-0.131165,0.00103189,0.00162822,0.962105,-0.272672,2.25493,0.61149,-0.0719442,-0.0138112,-0.0461862,-11.6865,0.326,0.262,0.328,0.222
10777,2,1,0,0.3,0,0.885279,14.1971,-0.131237,0.00102115,0.00163521,0.963682,-0.267046,2.26295,0.588126,-0.071897,-0.0141671,-0.0459713,-11.6864,0.268,0.342,0.242,0.286
10778,2,1,0,0.3,0,0.887549,14.1977,-0.131309,0.00101037,0.0016421,0.965226,-0.26141,2.27082,0.564669,-0.0718492,-0.013848,-0.0461122,-11.6862,0.33,0.234,0.348,0.226
10779,2,1,0,0.3,0,0.889828,14.1982,-0.131381,0.000999533,0.00164898,0.966737,-0.255766,2.27853,0.54112,-0.0718008,-0.0142808,-0.0460601,-11.6861,0.28,0.328,0.262,0.27
10780,2,1,0,0.3,0,0.892114,14.1987,-0.131452,0.000988691,0.00165589,0.968215,-0.250113,2.28608,0.517483,-0.0717519,-0.0140531,-0.0462121,-11.6857,0.294,0.282,0.3,0.264
10781,2,1,0,0.3,0,0.894408,14.1992,-0.131524,0.000977648,0.00166264,0.96966,-0.244452,2.29346,0.493757,-0.0717025,-0.0140675,-0.0464188,-11.6853,0.318,0.266,0.324,0.23
10782,2,1,0,0.3,0,0.896708,14.1997,-0.131596,0.000966616,0.0016695,0.971071,-0.238782,2.30068,0.469946,-0.0716525,-0.0143474,-0.0463595,-11.685,0.262,0.336,0.248,0.292
10783,2,1,0,0.3,0,0.899016,14.2001,-0.131667,0.000955444,0.00167622,0.97245,-0.233105,2.30774,0.44605,-0.0716019,-0.0139123,-0.0466512,-11.6846,0.332,0.234,0.35,0.222
10784,2,1,0,0.3,0,0.901331,14.2005,-0.131739,0.000944204,0.00168287,0.973795,-0.22742,2.31463,0.422072,-0.0715509,-0.0141922,-0.0464745,-11.6845,0.28,0.334,0.256,0.27
10785,2,1,0,0.3,0,0.903652,14.2009,-0.13181,0.000933027,0.00168942,0.975107,-0.221726,2.32136,0.398014,-0.0714993,-0.0137535,-0.0463757,-11.6844,0.304,0.27,0.312,0.254
10786,2,1,0,0.3,0,0.90598,14.2013,-0.131882,0.000921797,0.00169571,0.976386,-0.216026,2.32791,0.373876,-0.0714471,-0.013625,-0.0462194,-11.6846,0.316,0.276,0.314,0.232
10787,2,1,0,0.3,0,0.908314,14.2017,-0.131953,0.000910721,0.00170195,0.977631,-0.210318,2.33431,0.349663,-0.0713945,-0.0136308,-0.0458472,-11.6847,0.264,0.332,0.252,0.29
10788,2,1,0,0.3,0,0.910655,14.202,-0.132025,0.000899637,0.00170793,0.978843,-0.204602,2.34053,0.325374,-0.0713414,-0.0131554,-0.0458484,-11.6848,0.334,0.24,0.348,0.22
10789,2,1,0,0.3,0,0.913001,14.2023,-0.132096,0.000888615,0.00171383,0.980022,-0.19888,2.34658,0.301014,-0.0712878,-0.0134452,-0.0454666,-11.6851,0.274,0.342,0.248,0.274
10790,2,1,0,0.3,0,0.915354,14.2026,-0.132167,0.00087772,0.00171962,0.981167,-0.193151,2.35246,0.276584,-0.0712337,-0.0130369,-0.0452849,-11.6853,0.312,0.264,0.318,0.246
10791,2,1,0,0.3,0,0.917712,14.2028,-0.132238,0.000866856,0.00172517,0.982279,-0.187415,2.35817,0.252086,-0.0711792,-0.0130135,-0.0449472,-11.6856,0.314,0.288,0.304,0.234
10792,2,1,0,0.3,0,0.920076,14.2031,-0.132309,0.000856208,0.00173066,0.983357,-0.181672,2.36371,0.227521,-0.0711242,-0.0128632,-0.0445043,-11.6857,0.27,0.324,0.26,0.286
10793,2,1,0,0.3,0,0.922445,14.2033,-0.132381,0.000845583,0.0017358,0.984402,-0.175924,2.36907,0.202892,-0.0710688,-0.012296,-0.0443871,-11.6857,0.338,0.234,0.352,0.216
10794,2,1,0,0.3,0,0.924819,14.2034,-0.132452,0.000835086,0.0017408,0.985413,-0.170169,2.37426,0.178202,-0.071013,-0.0124196,-0.0438636,-11.6857,0.266,0.34,0.25,0.284
10795,2,1,0,0.3,0,0.927198,14.2036,-0.132523,0.000824741,0.0017456,0.986391,-0.164408,2.37928,0.153451,-0.0709567,-0.0118962,-0.0436854,-11.6854,0.31,0.256,0.326,0.246
10796,2,1,0,0.3,0,0.929582,14.2037,-0.132593,0.000814362,0.00175018,0.987334,-0.158642,2.38412,0.128641,-0.0709,-0.0119389,-0.0435843,-11.6852,0.306,0.298,0.292,0.242
10797,2,1,0,0.3,0,0.931971,14.2038,-0.132664,0.000804081,0.00175477,0.988244,-0.152871,2.38879,0.103776,-0.070843,-0.0119189,-0.043405,-11.6851,0.274,0.316,0.268,0.282
10798,2,1,0,0.3,0,0.934364,14.2039,-0.132735,0.000793721,0.00175914,0.989121,-0.147095,2.39328,0.0788571,-0.0707855,-0.0115962,-0.0435415,-11.6851,0.338,0.238,0.348,0.214
10799,2,1,0,0.3,0,0.936762,14.204,-0.132806,0.000783368,0.00176346,0.989963,-0.141313,2.39759,0.0538858,-0.0707277,-0.0117699,-0.0433267,-11.6853,0.268,0.342,0.246,0.284
10800,2.8,0,0,0.3,0,0.939164,14.204,-0.132876,0.000772994,0.00176761,0.990772,-0.135527,2.40172,0.0288649,-0.0706695,-0.0112636,-0.0435144,-11.6853,0.586,0.51,0.072,-0.028
10801,2.8,0,0,0.3,0,0.941569,14.204,-0.132947,0.000762498,0.0017716,0.991547,-0.129736,2.40568,0.00379162,-0.0706109,-0.0114256,-0.0434711,-11.6855,0.994,1,-0.896,-0.93
10802,2.8,0,0,0.3,0,0.943979,14.204,-0.133018,0.000752081,0.00177564,0.992288,-0.12394,2.40946,-0.0213459,-0.0705519,-0.0114273,-0.0434124,-11.6855,0.968,1,-0.93,-0.928
10803,2.8,0,0,0.3,0,0.946392,14.2039,-0.133088,0.000740922,0.00177945,0.992995,-0.118142,2.41306,-0.0465235,-0.0704926,-0.0106176,-0.0464394,-11.6742,1,0.912,-0.812,-0.93
10804,2.8,0,0,0.3,0,0.948808,14.2038,-0.133159,0.000727302,0.00178299,0.993666,-0.112357,2.41645,-0.0716249,-0.0704333,-0.00937584,-0.0520048,-11.6181,0.922,1,-0.93,-0.89
10805,2.8,0,0,0.3,0,0.951228,14.2037,-0.133229,0.000710378,0.00178591,0.994299,-0.106614,2.41963,-0.0965839,-0.0703744,-0.00705617,-0.0586528,-11.497,1,0.924,-0.828,-0.93
10806,2.8,0,0,0.3,0,0.953651,14.2036,-0.133299,0.000689923,0.00178808,0.99489,-0.100947,2.42259,-0.121402,-0.0703157,-0.00510741,-0.0647797,-11.3043,0.986,1,-0.898,-0.93
10807,2.8,0,0,0.3,0,0.956076,14.2035,-0.13337,0.000666451,0.00178956,0.995438,-0.0953937,2.42535,-0.146102,-0.0702573,-0.00285966,-0.0697564,-11.0394,0.996,1,-0.896,-0.93
10808,2.8,0,0,0.3,0,0.958504,14.2033,-0.13344,0.00064032,0.00179012,0.995941,-0.0899886,2.42793,-0.170721,-0.0701991,-0.000657385,-0.0737617,-10.705,1,0.972,-0.856,-0.93
10809,2.8,0,0,0.3,0,0.960934,14.2031,-0.13351,0.000612326,0.00179,0.996399,-0.0847659,2.43033,-0.195295,-0.0701408,0.00094891,-0.075741,-10.3051,1,0.988,-0.87,-0.93
10810,2.8,0,0,0.3,0,0.963367,14.2029,-0.13358,0.00058327,0.00178916,0.996813,-0.0797576,2.43257,-0.219855,-0.0700826,0.00266176,-0.0763562,-9.84375,0.976,1,-0.896,-0.93
10811,2.8,0,0,0.3,0,0.965801,14.2027,-0.13365,0.000553839,0.00178768,0.997182,-0.0749936,2.43467,-0.244434,-0.0700242,0.00392802,-0.0753244,-9.32536,0.99,1,-0.888,-0.93
10812,2.8,0,0,0.3,0,0.968238,14.2024,-0.13372,0.000524833,0.00178572,0.99751,-0.0705014,2.43663,-0.269059,-0.0699655,0.00480075,-0.0726759,-8.75404,1,0.95,-0.722,-0.834
10813,2.8,0,0,0.3,0,0.970677,14.2021,-0.13379,0.000497095,0.00178338,0.997798,-0.0663066,2.43847,-0.293738,-0.0699067,0.00560291,-0.0682283,-8.13437,0.946,0.992,-0.388,-0.408
10814,2.8,0,0,0.3,0,0.973117,14.2018,-0.13386,0.000471221,0.00178045,0.998048,-0.0624322,2.44019,-0.318467,-0.0698476,0.00685119,-0.0629028,-7.47118,0.756,0.766,-0.162,-0.22
10815,2.8,0,0,0.3,0,0.975559,14.2014,-0.133929,0.000447901,0.00177698,0.998262,-0.0588989,2.44181,-0.34327,-0.0697884,0.00751783,-0.0553311,-6.76987,0.526,0.534,0.066,0.0140001
10816,2.8,0,0,0.3,0,0.978002,14.2011,-0.133999,0.000428493,0.00177309,0.998445,-0.0557239,2.44333,-0.368206,-0.0697286,0.00812971,-0.0450307,-6.03852,0.364,0.322,0.28,0.174
10817,2.8,0,0,0.3,0,0.980447,14.2007,-0.134069,0.000414223,0.00176868,0.998597,-0.0529189,2.44478,-0.393276,-0.0696685,0.00892842,-0.0323884,-5.28998,0.152,0.158,0.444,0.386
10818,2.8,0,0,0.3,0,0.982893,14.2002,-0.134138,0.000405989,0.00176353,0.998723,-0.0504882,2.44615,-0.41842,-0.0696082,0.0100597,-0.0183825,-4.54058,-0.026,0.00199997,0.6,0.564
10819,2.8,0,0,0.3,0,0.98534,14.1998,-0.134208,0.000404428,0.00175777,0.998825,-0.0484276,2.44745,-0.443551,-0.069548,0.0104627,-0.00312665,-3.80754,-0.184,-0.19,0.784,0.728
10820,2.8,0,0,0.3,0,0.987789,14.1993,-0.134277,0.000410147,0.00175189,0.998906,-0.0467246,2.44869,-0.468593,-0.0694883,0.00973774,0.013072,-3.10675,-0.302,-0.326,0.92,0.848
10821,2.8,0,0,0.3,0,0.990239,14.1988,-0.134347,0.000423471,0.00174623,0.998969,-0.0453584,2.44985,-0.493466,-0.0694293,0.00877162,0.0294214,-2.45428,-0.452,-0.51,1,0.904
10822,2.8,0,0,0.3,0,0.99269,14.1983,-0.134416,0.000444212,0.00174079,0.999017,-0.0443012,2.45096,-0.518128,-0.0693712,0.00772882,0.0448638,-1.86406,-0.562,-0.538,1,0.984
10823,2.8,0,0,0.3,0,0.995142,14.1978,-0.134486,0.000471888,0.00173593,0.999051,-0.0435184,2.45202,-0.542565,-0.069314,0.00574147,0.0590465,-1.34795,-0.658,-0.68,1,0.96
10824,2.8,0,0,0.3,0,0.997595,14.1972,-0.134555,0.000505771,0.00173224,0.999075,-0.0429702,2.45304,-0.566775,-0.0692577,0.0023614,0.0713018,-0.915507,-0.648,-0.7,1,0.936
10825,2.8,0,0,0.3,0,1.00005,14.1966,-0.134624,0.000544929,0.00173051,0.99909,-0.0426129,2.45403,-0.590758,-0.0692023,-0.00226029,0.0812319,-0.573047,-0.586,-0.622,1,0.962
10826,2.8,0,0,0.3,0,1.0025,14.196,-0.134693,0.000587958,0.00173114,0.999099,-0.0424007,2.45498,-0.614523,-0.0691476,-0.00752086,0.0877416,-0.323299,-0.44,-0.446,1,0.994
10827,2.8,0,0,0.3,0,1.00496,14.1954,-0.134762,0.00063329,0.0017347,0.999104,-0.0422874,2.45592,-0.638093,-0.0690935,-0.0140128,0.0911176,-0.16525,-0.346,-0.352,0.914,0.924
10828,2.8,0,0,0.3,0,1.00742,14.1947,-0.134831,0.000679534,0.0017418,0.999106,-0.0422284,2.45684,-0.661538,-0.0690398,-0.0215437,0.0915749,-0.0940082,-0.186,-0.27,0.828,0.766
10829,2.8,0,0,0.3,0,1.00987,14.194,-0.1349,0.000725411,0.00175289,0.999108,-0.0421823,2.45775,-0.684959,-0.0689858,-0.0296094,0.0893723,-0.101823,-0.11,-0.048,0.606,0.692
10830,2.8,0,0,0.3,0,1.01233,14.1933,-0.134969,0.000769506,0.001768,0.999111,-0.0421125,2.45867,-0.708447,-0.0689313,-0.0374291,0.0839256,-0.17884,0.0779999,0.00800002,0.544,0.51
10831,2.8,0,0,0.3,0,1.01479,14.1926,-0.135038,0.000810328,0.00178719,0.999116,-0.0419875,2.45959,-0.73205,-0.068876,-0.0454685,0.0757761,-0.313332,0.218,0.204,0.352,0.364
10832,2.8,0,0,0.3,0,1.01725,14.1918,-0.135107,0.000846761,0.00181032,0.999125,-0.0417825,2.46052,-0.755785,-0.0688196,-0.0525201,0.0653051,-0.491485,0.334,0.366,0.188,0.252
10833,2.8,0,0,0.3,0,1.01971,14.1911,-0.135176,0.000877559,0.00183675,0.999137,-0.0414795,2.46145,-0.779647,-0.068762,-0.0583654,0.0524636,-0.699188,0.5,0.456,0.098,0.084
10834,2.8,0,0,0.3,0,1.02218,14.1902,-0.135244,0.000901889,0.00186606,0.999154,-0.0410681,2.46238,-0.803618,-0.0687032,-0.0632392,0.0384033,-0.921572,0.596,0.618,-0.062,-0.014
10835,2.8,0,0,0.3,0,1.02464,14.1894,-0.135313,0.000919154,0.00189744,0.999175,-0.0405449,2.4633,-0.827671,-0.0686432,-0.0660537,0.0232012,-1.14392,0.712,0.71,-0.152,-0.132
10836,2.8,0,0,0.3,0,1.0271,14.1886,-0.135382,0.000928905,0.00192994,0.999201,-0.0399138,2.46421,-0.851784,-0.0685821,-0.06716,0.00758671,-1.35291,0.782,0.802,-0.24,-0.204
10837,2.8,0,0,0.3,0,1.02957,14.1877,-0.13545,0.000931124,0.00196271,0.99923,-0.0391851,2.4651,-0.875938,-0.0685198,-0.0664482,-0.00769591,-1.53628,0.866,0.82,-0.254,-0.292
10838,2.8,0,0,0.3,0,1.03204,14.1868,-0.135519,0.000926037,0.00199481,0.999261,-0.0383744,2.46597,-0.900123,-0.0684563,-0.0638266,-0.0221545,-1.68353,0.85,0.92,-0.348,-0.282
10839,2.8,0,0,0.3,0,1.0345,14.1859,-0.135587,0.00091411,0.00202527,0.999294,-0.0375024,2.46681,-0.924342,-0.0683918,-0.0593595,-0.0354015,-1.78637,0.888,0.846,-0.274,-0.32
10840,2.8,0,0,0.3,0,1.03697,14.1849,-0.135655,0.000896034,0.00205337,0.999328,-0.0365928,2.46763,-0.948601,-0.0683261,-0.0538715,-0.0467275,-1.83923,0.864,0.858,-0.276,-0.306
10841,2.8,0,0,0.3,0,1.03944,14.1839,-0.135724,0.000872895,0.00207857,0.999361,-0.0356716,2.46843,-0.972916,-0.0682594,-0.0470637,-0.0557127,-1.83872,0.78,0.844,-0.26,-0.224
10842,2.8,0,0,0.3,0,1.04191,14.1829,-0.135792,0.000845649,0.00210019,0.999393,-0.0347658,2.4692,-0.997304,-0.0681916,-0.0393335,-0.0626327,-1.78461,0.78,0.694,-0.108,-0.226
10843,2.8,0,0,0.3,0,1.04438,14.1819,-0.13586,0.000815564,0.00211808,0.999423,-0.0339015,2.46996,-1.02178,-0.0681227,-0.0315574,-0.066502,-1.67902,0.638,0.704,-0.108,-0.092
10844,2.8,0,0,0.3,0,1.04685,14.1809,-0.135928,0.000783989,0.00213194,0.999449,-0.0331036,2.47069,-1.04635,-0.0680528,-0.0229521,-0.0679297,-1.52613,0.572,0.542,0.05,-0.026
10845,2.8,0,0,0.3,0,1.04932,14.1798,-0.135996,0.000752069,0.00214162,0.999473,-0.0323937,2.4714,-1.07101,-0.0679821,-0.0147098,-0.0667205,-1.33267,0.476,0.466,0.134,0.064
10846,2.8,0,0,0.3,0,1.05179,14.1787,-0.136064,0.000721235,0.00214732,0.999492,-0.0317901,2.4721,-1.09576,-0.0679107,-0.00668109,-0.0626431,-1.10652,0.362,0.372,0.23,0.178
10847,2.8,0,0,0.3,0,1.05426,14.1776,-0.136132,0.000692644,0.00214902,0.999507,-0.0313064,2.47279,-1.12059,-0.0678388,0.00114364,-0.0564901,-0.857189,0.276,0.272,0.33,0.262
10848,2.8,0,0,0.3,0,1.05674,14.1764,-0.136199,0.000667354,0.00214703,0.999518,-0.0309514,2.47346,-1.14547,-0.0677666,0.00808281,-0.048162,-0.594646,0.2,0.158,0.444,0.338
10849,2.8,0,0,0.3,0,1.05921,14.1753,-0.136267,0.000646322,0.00214169,0.999525,-0.030729,2.47413,-1.17037,-0.0676942,0.0144379,-0.0382226,-0.328832,0.114,0.106,0.498,0.422
10850,2.8,0,0,0.3,0,1.06169,14.1741,-0.136335,0.000630196,0.0021333,0.999528,-0.030638,2.47479,-1.19529,-0.067622,0.0200427,-0.0272628,-0.0694328,0.024,0.036,0.564,0.518
10851,2.8,0,0,0.3,0,1.06416,14.1729,-0.136402,0.00061934,0.00212232,0.999527,-0.0306727,2.47544,-1.22019,-0.06755,0.0244308,-0.015869,0.1746,0.0140001,-0.074,0.672,0.526
10852,2.8,0,0,0.3,0,1.06664,14.1716,-0.13647,0.000613985,0.00210955,0.999522,-0.0308232,2.4761,-1.24508,-0.0674785,0.0271197,-0.0041544,0.395857,-0.098,-0.034,0.632,0.64
10853,2.8,0,0,0.3,0,1.06912,14.1703,-0.136537,0.000614055,0.00209556,0.999515,-0.0310762,2.47676,-1.26993,-0.0674074,0.0289275,0.00675595,0.587353,-0.074,-0.164,0.752,0.624
10854,2.8,0,0,0.3,0,1.07159,14.1691,-0.136605,0.000619134,0.00208103,0.999504,-0.0314152,2.47742,-1.29475,-0.0673369,0.0289897,0.0168721,0.74345,-0.116,-0.112,0.704,0.662
10855,2.8,0,0,0.3,0,1.07407,14.1677,-0.136672,0.000628844,0.00206665,0.999491,-0.0318213,2.47809,-1.31953,-0.0672668,0.0281975,0.0257295,0.86043,-0.12,-0.13,0.716,0.674
10856,2.8,0,0,0.3,0,1.07655,14.1664,-0.136739,0.000642359,0.00205284,0.999477,-0.0322742,2.47877,-1.34429,-0.0671973,0.0262771,0.0327509,0.935465,-0.072,-0.136,0.72,0.628
10857,2.8,0,0,0.3,0,1.07903,14.165,-0.136806,0.00065902,0.00204031,0.999461,-0.0327526,2.47947,-1.36904,-0.0671282,0.0230568,0.0384473,0.967743,-0.076,-0.05,0.632,0.634
10858,2.8,0,0,0.3,0,1.08151,14.1636,-0.136873,0.000678,0.00202947,0.999445,-0.0332352,2.48017,-1.39379,-0.0670594,0.0192928,0.0420345,0.958033,0.018,-0.058,0.634,0.546
10859,2.8,0,0,0.3,0,1.08399,14.1622,-0.13694,0.000698368,0.00202075,0.99943,-0.0337016,2.48089,-1.41855,-0.0669908,0.0144577,0.0438973,0.908438,0.058,0.058,0.518,0.504
10860,2.8,0,0,0.3,0,1.08647,14.1608,-0.137007,0.0007193,0.00201453,0.999415,-0.034133,2.48162,-1.44332,-0.0669224,0.00927962,0.0437806,0.822975,0.126,0.114,0.456,0.442
10861,2.8,0,0,0.3,0,1.08895,14.1593,-0.137074,0.000739771,0.00201099,0.999402,-0.0345127,2.48237,-1.46812,-0.0668541,0.00365181,0.0416424,0.706789,0.228,0.168,0.404,0.34
10862,2.8,0,0,0.3,0,1.09144,14.1578,-0.137141,0.000758955,0.00201037,0.999391,-0.0348274,2.48313,-1.49294,-0.0667856,-0.00217972,0.0378721,0.566549,0.25,0.308,0.264,0.318
10863,2.8,0,0,0.3,0,1.09392,14.1563,-0.137207,0.000775985,0.00201255,0.999383,-0.0350669,2.48389,-1.51778,-0.0667171,-0.0075262,0.0322898,0.409606,0.374,0.294,0.274,0.198
10864,2.8,0,0,0.3,0,1.09641,14.1547,-0.137274,0.000790144,0.00201742,0.999377,-0.0352251,2.48466,-1.54263,-0.0666483,-0.0127712,0.0256338,0.243428,0.404,0.44,0.134,0.162
10865,2.8,0,0,0.3,0,1.09889,14.1532,-0.137341,0.000800981,0.00202471,0.999374,-0.0352996,2.48543,-1.56749,-0.0665794,-0.0169269,0.0180204,0.0758486,0.454,0.462,0.106,0.118
10866,2.8,0,0,0.3,0,1.10138,14.1516,-0.137407,0.000807977,0.00203389,0.999375,-0.0352916,2.48621,-1.59233,-0.0665102,-0.0203011,0.00964538,-0.0861428,0.538,0.472,0.102,0.028
10867,2.8,0,0,0.3,0,1.10386,14.15,-0.137474,0.000811085,0.00204465,0.999378,-0.0352058,2.48697,-1.61717,-0.0664406,-0.022832,0.00157455,-0.2357,0.502,0.594,-0.018,0.062
10868,2.8,0,0,0.3,0,1.10635,14.1483,-0.13754,0.000810204,0.00205643,0.999383,-0.0350501,2.48774,-1.642,-0.0663707,-0.0242408,-0.00700351,-0.367799,0.594,0.522,0.054,-0.028
10869,2.8,0,0,0.3,0,1.10884,14.1467,-0.137606,0.000805386,0.0020687,0.999391,-0.0348343,2.48849,-1.66683,-0.0663004,-0.0245914,-0.0145989,-0.478213,0.572,0.614,-0.032,-0.014
10870,2.8,0,0,0.3,0,1.11133,14.145,-0.137673,0.000797133,0.00208084,0.9994,-0.0345704,2.48924,-1.69163,-0.0662297,-0.0234121,-0.0213927,-0.562762,0.576,0.588,-0.00999999,-0.016
10871,2.8,0,0,0.3,0,1.11382,14.1432,-0.137739,0.000785727,0.00209213,0.99941,-0.034272,2.48997,-1.71643,-0.0661587,-0.021267,-0.0272854,-0.619564,0.602,0.558,0.026,-0.046
10872,2.8,0,0,0.3,0,1.11631,14.1415,-0.137805,0.00077183,0.00210227,0.999421,-0.0339534,2.4907,-1.74122,-0.0660873,-0.0184043,-0.0316146,-0.647314,0.532,0.594,-0.00800002,0.022
10873,2.8,0,0,0.3,0,1.1188,14.1397,-0.137871,0.000755979,0.00211068,0.999432,-0.033629,2.49141,-1.76601,-0.0660155,-0.0143696,-0.035067,-0.64604,0.556,0.486,0.1,-0.00199997
10874,2.8,0,0,0.3,0,1.12129,14.1379,-0.137937,0.00073871,0.00211706,0.999443,-0.0333132,2.49211,-1.7908,-0.0659434,-0.0101894,-0.0369909,-0.617029,0.486,0.514,0.0779999,0.062
10875,2.8,0,0,0.3,0,1.12379,14.1361,-0.138003,0.000720753,0.00212123,0.999452,-0.0330192,2.4928,-1.8156,-0.065871,-0.00534277,-0.0376429,-0.562332,0.45,0.436,0.152,0.1
10876,2.8,0,0,0.3,0,1.12628,14.1343,-0.138068,0.00070262,0.00212295,0.999461,-0.0327589,2.49348,-1.8404,-0.0657985,-0.000520628,-0.0371057,-0.48537,0.424,0.384,0.21,0.12
10877,2.8,0,0,0.3,0,1.12877,14.1324,-0.138134,0.000685011,0.00212244,0.999468,-0.0325424,2.49415,-1.86522,-0.0657257,0.00376861,-0.0351712,-0.390263,0.322,0.386,0.208,0.222
10878,2.8,0,0,0.3,0,1.13127,14.1305,-0.1382,0.000668417,0.00211978,0.999473,-0.0323775,2.49482,-1.89004,-0.065653,0.00800198,-0.0324155,-0.28122,0.338,0.248,0.344,0.21
10879,2.8,0,0,0.3,0,1.13376,14.1286,-0.138265,0.000653384,0.00211521,0.999477,-0.0322698,2.49548,-1.91486,-0.0655802,0.0114286,-0.028296,-0.163118,0.24,0.296,0.302,0.302
10880,2.8,0,0,0.3,0,1.13626,14.1267,-0.138331,0.000640485,0.00210891,0.999478,-0.0322226,2.49613,-1.93968,-0.0655076,0.0149002,-0.0234566,-0.0408113,0.23,0.186,0.404,0.318
10881,2.8,0,0,0.3,0,1.13876,14.1247,-0.138396,0.000629906,0.00210098,0.999478,-0.0322364,2.49679,-1.96448,-0.0654352,0.0176427,-0.0181939,0.0803764,0.204,0.172,0.424,0.34
10882,2.8,0,0,0.3,0,1.14126,14.1227,-0.138462,0.000622028,0.00209183,0.999476,-0.0323094,2.49744,-1.98927,-0.065363,0.0198962,-0.0122579,0.19609,0.134,0.174,0.418,0.414
10883,2.8,0,0,0.3,0,1.14375,14.1207,-0.138527,0.000616859,0.00208151,0.999471,-0.0324377,2.49809,-2.01404,-0.0652912,0.0218527,-0.0067182,0.302128,0.174,0.08,0.512,0.376
10884,2.8,0,0,0.3,0,1.14625,14.1187,-0.138592,0.000614362,0.0020705,0.999466,-0.0326154,2.49874,-2.03878,-0.0652197,0.0227021,-0.00104059,0.395019,0.096,0.148,0.444,0.45
10885,2.8,0,0,0.3,0,1.14875,14.1166,-0.138657,0.000614473,0.00205907,0.999458,-0.0328351,2.4994,-2.06351,-0.0651486,0.023316,0.0040183,0.472154,0.128,0.066,0.52,0.424
10886,2.8,0,0,0.3,0,1.15125,14.1145,-0.138722,0.000616834,0.00204748,0.99945,-0.0330886,2.50006,-2.08821,-0.0650779,0.0231689,0.00843676,0.531632,0.118,0.102,0.488,0.432
10887,2.8,0,0,0.3,0,1.15375,14.1124,-0.138787,0.000621218,0.00203604,0.999441,-0.0333665,2.50073,-2.11291,-0.0650076,0.022749,0.0122228,0.572331,0.102,0.106,0.478,0.452
10888,2.8,0,0,0.3,0,1.15625,14.1103,-0.138852,0.000627097,0.00202478,0.999431,-0.0336594,2.5014,-2.13759,-0.0649376,0.0219458,0.0147697,0.593701,0.15,0.084,0.5,0.404
10889,2.8,0,0,0.3,0,1.15876,14.1081,-0.138917,0.000634126,0.00201421,0.999421,-0.0339574,2.50208,-2.16225,-0.0648679,0.0203356,0.0167936,0.595651,0.128,0.162,0.424,0.426
10890,2.8,0,0,0.3,0,1.16126,14.1059,-0.138982,0.000641812,0.00200424,0.999411,-0.0342514,2.50277,-2.18693,-0.0647985,0.019121,0.0174395,0.580192,0.188,0.122,0.458,0.372
10891,2.8,0,0,0.3,0,1.16376,14.1037,-0.139047,0.000649649,0.00199511,0.999401,-0.0345328,2.50346,-2.21159,-0.0647294,0.0171068,0.0173572,0.547207,0.194,0.196,0.386,0.362
10892,2.8,0,0,0.3,0,1.16627,14.1015,-0.139111,0.00065733,0.00198706,0.999392,-0.0347932,2.50416,-2.23624,-0.0646605,0.0149124,0.0164737,0.498812,0.218,0.212,0.366,0.342
10893,2.8,0,0,0.3,0,1.16877,14.0992,-0.139176,0.000664364,0.00198017,0.999384,-0.0350257,2.50487,-2.26088,-0.0645919,0.0123878,0.0146187,0.437402,0.278,0.222,0.358,0.28
10894,2.8,0,0,0.3,0,1.17128,14.0969,-0.139241,0.000670472,0.00197469,0.999377,-0.0352246,2.50558,-2.28551,-0.0645235,0.00956511,0.0123496,0.365991,0.264,0.316,0.266,0.294
10895,2.8,0,0,0.3,0,1.17378,14.0946,-0.139305,0.000675343,0.00197053,0.999372,-0.0353857,2.50629,-2.31013,-0.0644552,0.00703974,0.0092537,0.287713,0.342,0.268,0.31,0.218
10896,2.8,0,0,0.3,0,1.17629,14.0923,-0.139369,0.000678683,0.00196775,0.999367,-0.0355065,2.50701,-2.33473,-0.064387,0.0042568,0.00589865,0.205707,0.336,0.362,0.222,0.22
10897,2.8,0,0,0.3,0,1.1788,14.0899,-0.139434,0.000680432,0.00196626,0.999365,-0.0355861,2.50773,-2.35933,-0.0643189,0.00201983,0.00228509,0.12348,0.358,0.36,0.218,0.202
10898,2.8,0,0,0.3,0,1.18131,14.0875,-0.139498,0.00068038,0.00196584,0.999363,-0.0356252,2.50844,-2.38391,-0.0642508,-1.58713e-05,-0.00158831,0.0438829,0.416,0.356,0.226,0.14
10899,2.8,0,0,0.3,0,1.18381,14.0851,-0.139562,0.00067862,0.00196646,0.999363,-0.035626,2.50916,-2.40847,-0.0641828,-0.0018488,-0.00507055,-0.0301994,0.372,0.444,0.142,0.184
10900,2.8,0,0,0.3,0,1.18632,14.0827,-0.139626,0.000675166,0.00196778,0.999364,-0.0355919,2.50987,-2.43302,-0.0641147,-0.00285812,-0.0087548,-0.0964112,0.442,0.36,0.22,0.116
10901,2.8,0,0,0.3,0,1.18884,14.0802,-0.13969,0.000670064,0.00196965,0.999367,-0.0355273,2.51058,-2.45755,-0.0640465,-0.00391492,-0.011875,-0.152887,0.402,0.454,0.134,0.15
10902,2.8,0,0,0.3,0,1.19135,14.0778,-0.139754,0.000663622,0.0019719,0.99937,-0.0354378,2.51128,-2.48206,-0.0639783,-0.00416204,-0.0146005,-0.197905,0.418,0.408,0.176,0.138
10903,2.8,0,0,0.3,0,1.19386,14.0753,-0.139818,0.000655876,0.00197418,0.999374,-0.0353291,2.51198,-2.50657,-0.0639101,-0.00418792,-0.0170746,-0.230838,0.446,0.404,0.186,0.104
10904,2.8,0,0,0.3,0,1.19637,14.0727,-0.139882,0.00064721,0.00197648,0.999378,-0.0352075,2.51267,-2.53106,-0.0638417,-0.00389267,-0.0185985,-0.251033,0.382,0.46,0.128,0.17
10905,2.8,0,0,0.3,0,1.19888,14.0702,-0.139946,0.000637816,0.00197837,0.999382,-0.0350794,2.51336,-2.55554,-0.0637733,-0.00279794,-0.0199977,-0.258566,0.438,0.354,0.234,0.114
10906,2.8,0,0,0.3,0,1.2014,14.0676,-0.14001,0.000627951,0.0019798,0.999387,-0.034951,2.51403,-2.58001,-0.0637048,-0.00187707,-0.0204256,-0.253863,0.368,0.432,0.162,0.178
10907,2.8,0,0,0.3,0,1.20391,14.065,-0.140073,0.000618012,0.00198057,0.999391,-0.0348284,2.51471,-2.60446,-0.0636362,-0.000167552,-0.0203984,-0.237365,0.38,0.348,0.24,0.172
10908,2.8,0,0,0.3,0,1.20643,14.0624,-0.140137,0.000608144,0.00198044,0.999395,-0.0347169,2.51538,-2.62891,-0.0635676,0.0015245,-0.0197974,-0.210586,0.374,0.348,0.246,0.172
10909,2.8,0,0,0.3,0,1.20894,14.0597,-0.1402,0.000598817,0.00197946,0.999398,-0.0346214,2.51604,-2.65335,-0.063499,0.00341317,-0.0182756,-0.174855,0.308,0.364,0.226,0.242
10910,2.8,0,0,0.3,0,1.21146,14.057,-0.140264,0.000590156,0.00197734,0.999401,-0.0345458,2.5167,-2.67777,-0.0634304,0.00570691,-0.0168216,-0.13214,0.35,0.262,0.328,0.198
10911,2.8,0,0,0.3,0,1.21398,14.0543,-0.140327,0.000582296,0.00197422,0.999403,-0.034493,2.51735,-2.70219,-0.0633618,0.0075224,-0.014742,-0.0844417,0.27,0.334,0.26,0.274
10912,2.8,0,0,0.3,0,1.2165,14.0516,-0.14039,0.000575452,0.00197007,0.999404,-0.0344649,2.518,-2.72659,-0.0632934,0.00970657,-0.0125766,-0.0336436,0.296,0.24,0.35,0.256
10913,2.8,0,0,0.3,0,1.21902,14.0488,-0.140454,0.000569662,0.00196492,0.999404,-0.0344626,2.51865,-2.75098,-0.0632251,0.0113338,-0.0100425,0.017869,0.27,0.262,0.332,0.274
10914,2.8,0,0,0.3,0,1.22153,14.0461,-0.140517,0.000565227,0.00195901,0.999403,-0.0344858,2.51929,-2.77535,-0.0631569,0.0128431,-0.00711591,0.0683319,0.236,0.258,0.332,0.314
10915,2.8,0,0,0.3,0,1.22405,14.0433,-0.14058,0.000562056,0.0019523,0.999402,-0.0345334,2.51994,-2.79971,-0.063089,0.0141828,-0.00456156,0.115754,0.27,0.198,0.392,0.278
10916,2.8,0,0,0.3,0,1.22658,14.0404,-0.140643,0.000560188,0.00194513,0.999399,-0.0346035,2.52058,-2.82405,-0.0630212,0.0148031,-0.00172496,0.158607,0.208,0.26,0.332,0.34
10917,2.8,0,0,0.3,0,1.2291,14.0376,-0.140706,0.000559573,0.00193759,0.999396,-0.0346935,2.52122,-2.84837,-0.0629537,0.0154509,0.000612356,0.195729,0.248,0.182,0.404,0.304
10918,2.8,0,0,0.3,0,1.23162,14.0347,-0.140769,0.000560003,0.00192989,0.999392,-0.0348001,2.52187,-2.87268,-0.0628865,0.015364,0.00277422,0.225961,0.226,0.226,0.366,0.322
10919,2.8,0,0,0.3,0,1.23414,14.0318,-0.140831,0.000561452,0.00192229,0.999388,-0.0349198,2.52251,-2.89697,-0.0628195,0.015136,0.0046414,0.248794,0.222,0.21,0.376,0.332
10920,2.8,0,0,0.3,0,1.23666,14.0289,-0.140894,0.000563626,0.00191483,0.999384,-0.0350486,2.52316,-2.92124,-0.0627527,0.0145453,0.00591518,0.263602,0.246,0.198,0.39,0.306
10921,2.8,0,0,0.3,0,1.23919,14.026,-0.140957,0.000566432,0.00190786,0.999379,-0.0351826,2.5238,-2.9455,-0.0626862,0.0133484,0.00710028,0.270321,0.21,0.25,0.338,0.342
10922,2.8,0,0,0.3,0,1.24171,14.023,-0.14102,0.000569657,0.00190149,0.999374,-0.0353176,2.52445,-2.96974,-0.0626198,0.0119937,0.00756566,0.269099,0.258,0.196,0.388,0.298
10923,2.8,0,0,0.3,0,1.24424,14.02,-0.141082,0.000573065,0.00189599,0.99937,-0.0354499,2.5251,-2.99397,-0.0625537,0.00997992,0.00783378,0.260233,0.24,0.256,0.332,0.312
10924,2.8,0,0,0.3,0,1.24676,14.017,-0.141145,0.000576609,0.00189149,0.999365,-0.0355758,2.52575,-3.01818,-0.0624877,0.00802737,0.00783166,0.244498,0.26,0.244,0.34,0.296
10925,2.8,0,0,0.3,0,1.24929,14.0139,-0.141207,0.000580054,0.00188798,0.999361,-0.035692,2.52641,-3.04238,-0.0624219,0.00591088,0.00736605,0.222524,0.286,0.254,0.332,0.268
10926,2.8,0,0,0.3,0,1.25182,14.0109,-0.141269,0.000583325,0.0018856,0.999357,-0.0357957,2.52706,-3.06656,-0.0623561,0.00369061,0.00685332,0.195414,0.264,0.302,0.282,0.29
10927,2.8,0,0,0.3,0,1.25434,14.0078,-0.141332,0.000586264,0.00188425,0.999354,-0.0358847,2.52771,-3.09074,-0.0622904,0.00168724,0.00581924,0.164357,0.316,0.26,0.324,0.24
10928,2.8,0,0,0.3,0,1.25687,14.0047,-0.141394,0.000588701,0.00188398,0.999351,-0.0359575,2.52837,-3.1149,-0.0622247,-0.000506425,0.00466961,0.130661,0.29,0.33,0.256,0.262
10929,2.8,0,0,0.3,0,1.2594,14.0015,-0.141456,0.000590573,0.00188469,0.999349,-0.036013,2.52902,-3.13904,-0.0621591,-0.00218924,0.00322725,0.0958059,0.316,0.302,0.28,0.24
10930,2.8,0,0,0.3,0,1.26193,13.9984,-0.141518,0.000591708,0.00188619,0.999348,-0.036051,2.52968,-3.16317,-0.0620933,-0.00372824,0.0016264,0.0608971,0.338,0.318,0.268,0.216
10931,2.8,0,0,0.3,0,1.26446,13.9952,-0.14158,0.00059216,0.00188841,0.999347,-0.0360719,2.53033,-3.18729,-0.0620276,-0.00487157,0.000161613,0.0272215,0.316,0.354,0.23,0.24
10932,2.8,0,0,0.3,0,1.26699,13.992,-0.141642,0.000591826,0.00189102,0.999347,-0.0360766,2.53098,-3.2114,-0.0619618,-0.00538446,-0.00162781,-0.00427393,0.368,0.302,0.282,0.186
10933,2.8,0,0,0.3,0,1.26952,13.9887,-0.141704,0.000590706,0.00189388,0.999347,-0.0360663,2.53163,-3.23549,-0.0618958,-0.00578852,-0.00309521,-0.0326625,0.328,0.38,0.208,0.224
10934,2.8,0,0,0.3,0,1.27206,13.9855,-0.141766,0.000588896,0.00189676,0.999348,-0.036043,2.53227,-3.25956,-0.0618298,-0.00546802,-0.00459692,-0.0569928,0.358,0.326,0.258,0.198
10935,2.8,0,0,0.3,0,1.27459,13.9822,-0.141828,0.000586342,0.00189946,0.99935,-0.0360087,2.53291,-3.28363,-0.0617637,-0.00508781,-0.00601521,-0.0768452,0.358,0.352,0.238,0.192
10936,2.8,0,0,0.3,0,1.27712,13.9789,-0.141889,0.000583189,0.00190192,0.999351,-0.035966,2.53355,-3.30768,-0.0616976,-0.00435077,-0.00713379,-0.0915898,0.332,0.364,0.224,0.222
10937,2.8,0,0,0.3,0,1.27966,13.9755,-0.141951,0.000579461,0.00190388,0.999353,-0.0359173,2.53419,-3.33171,-0.0616313,-0.00321625,-0.00822619,-0.101122,0.378,0.308,0.28,0.174
10938,2.8,0,0,0.3,0,1.28219,13.9722,-0.142012,0.000575367,0.00190533,0.999355,-0.0358653,2.53482,-3.35574,-0.061565,-0.00215563,-0.00858114,-0.105404,0.322,0.376,0.212,0.228
10939,2.8,0,0,0.3,0,1.28473,13.9688,-0.142074,0.000571147,0.00190609,0.999357,-0.0358127,2.53545,-3.37975,-0.0614987,-0.000546378,-0.00880301,-0.104542,0.356,0.304,0.282,0.196
10940,2.8,0,0,0.3,0,1.28726,13.9654,-0.142135,0.000566826,0.0019061,0.999358,-0.0357618,2.53607,-3.40374,-0.0614323,0.000788712,-0.00877413,-0.0990757,0.336,0.34,0.25,0.212
10941,2.8,0,0,0.3,0,1.2898,13.962,-0.142197,0.0005626,0.00190544,0.99936,-0.0357148,2.53669,-3.42773,-0.0613659,0.00225464,-0.00844427,-0.0892532,0.314,0.326,0.262,0.238
10942,2.8,0,0,0.3,0,1.29234,13.9585,-0.142258,0.000558493,0.00190401,0.999362,-0.0356739,2.53731,-3.4517,-0.0612996,0.00369281,-0.00805032,-0.075819,0.342,0.286,0.304,0.206
10943,2.8,0,0,0.3,0,1.29488,13.955,-0.142319,0.000554712,0.00190197,0.999363,-0.0356405,2.53792,-3.47565,-0.0612333,0.00481275,-0.00709786,-0.0593682,0.292,0.336,0.254,0.256
10944,2.8,0,0,0.3,0,1.29741,13.9515,-0.14238,0.000551373,0.00189928,0.999364,-0.035616,2.53853,-3.49959,-0.0611671,0.00616824,-0.00618435,-0.0406798,0.326,0.266,0.322,0.226
10945,2.8,0,0,0.3,0,1.29995,13.948,-0.142442,0.000548488,0.00189603,0.999364,-0.0356012,2.53914,-3.52352,-0.0611009,0.00702652,-0.00506265,-0.0207212,0.294,0.304,0.286,0.254
10946,2.8,0,0,0.3,0,1.30249,13.9445,-0.142503,0.000546165,0.00189237,0.999364,-0.0355966,2.53974,-3.54743,-0.0610349,0.00786537,-0.00396907,-7.33386e-05,0.288,0.278,0.308,0.264
10947,2.8,0,0,0.3,0,1.30503,13.9409,-0.142564,0.000544258,0.00188832,0.999364,-0.0356024,2.54034,-3.57133,-0.0609689,0.00839845,-0.00310925,0.02038,0.298,0.264,0.326,0.252
10948,2.8,0,0,0.3,0,1.30757,13.9373,-0.142624,0.000542826,0.00188414,0.999364,-0.0356181,2.54094,-3.59522,-0.0609031,0.00853462,-0.00205559,0.0399999,0.266,0.29,0.298,0.286
10949,2.8,0,0,0.3,0,1.31012,13.9337,-0.142685,0.000541835,0.00187987,0.999363,-0.0356433,2.54154,-3.61909,-0.0608374,0.00865123,-0.00123422,0.0580709,0.294,0.244,0.342,0.258
10950,2.8,0,0,0.3,0,1.31266,13.93,-0.142746,0.000541262,0.00187567,0.999361,-0.0356768,2.54214,-3.64294,-0.0607719,0.00828311,-0.000285063,0.0739217,0.268,0.284,0.306,0.282
10951,2.8,0,0,0.3,0,1.3152,13.9264,-0.142807,0.000541139,0.00187166,0.99936,-0.0357176,2.54273,-3.66678,-0.0607065,0.00791483,0.000507738,0.0872178,0.278,0.256,0.33,0.274
10952,2.8,0,0,0.3,0,1.31774,13.9227,-0.142867,0.000541329,0.00186787,0.999358,-0.0357642,2.54333,-3.69061,-0.0606411,0.00728717,0.00108645,0.0975279,0.278,0.262,0.328,0.272
10953,2.8,0,0,0.3,0,1.32029,13.919,-0.142928,0.000541844,0.00186446,0.999357,-0.0358151,2.54392,-3.71442,-0.0605759,0.00648924,0.00172734,0.104806,0.264,0.276,0.31,0.288
10954,2.8,0,0,0.3,0,1.32283,13.9152,-0.142989,0.000542613,0.00186143,0.999355,-0.0358688,2.54451,-3.73821,-0.0605109,0.00564568,0.00212269,0.108956,0.288,0.252,0.334,0.266
10955,2.8,0,0,0.3,0,1.32538,13.9115,-0.143049,0.000543608,0.00185891,0.999353,-0.0359236,2.54511,-3.76199,-0.0604458,0.00451907,0.0025839,0.109967,0.27,0.288,0.3,0.282
10956,2.8,0,0,0.3,0,1.32792,13.9077,-0.143109,0.000544807,0.00185692,0.999351,-0.0359782,2.5457,-3.78575,-0.0603809,0.00353505,0.00280477,0.108039,0.288,0.264,0.322,0.264
10957,2.8,0,0,0.3,0,1.33047,13.9039,-0.14317,0.000546059,0.00185542,0.999349,-0.0360309,2.54629,-3.8095,-0.060316,0.00246838,0.002822,0.103317,0.284,0.282,0.306,0.268
10958,2.8,0,0,0.3,0,1.33302,13.9,-0.14323,0.000547346,0.00185445,0.999347,-0.0360807,2.54688,-3.83323,-0.0602512,0.00149193,0.00280041,0.0962314,0.28,0.284,0.302,0.274
10959,2.8,0,0,0.3,0,1.33556,13.8962,-0.14329,0.00054858,0.00185393,0.999345,-0.0361263,2.54747,-3.85695,-0.0601864,0.000583266,0.00256279,0.0871349,0.3,0.274,0.312,0.254
10960,2.8,0,0,0.3,0,1.33811,13.8923,-0.14335,0.000549714,0.00185389,0.999344,-0.0361669,2.54806,-3.88065,-0.0601216,-0.000321046,0.00229926,0.0764284,0.288,0.304,0.284,0.264
10961,2.8,0,0,0.3,0,1.34066,13.8884,-0.14341,0.000550689,0.0018542,0.999343,-0.0362018,2.54864,-3.90434,-0.0600568,-0.000883562,0.00182988,0.0644609,0.31,0.282,0.304,0.244
10962,2.8,0,0,0.3,0,1.34321,13.8845,-0.14347,0.000551428,0.00185477,0.999342,-0.0362304,2.54923,-3.92801,-0.0599921,-0.00137234,0.00134504,0.0515398,0.304,0.306,0.282,0.25
10963,2.8,0,0,0.3,0,1.34576,13.8805,-0.14353,0.000551954,0.00185554,0.999341,-0.0362524,2.54981,-3.95167,-0.0599272,-0.00166688,0.000841898,0.0382143,0.306,0.304,0.282,0.248
10964,2.8,0,0,0.3,0,1.34831,13.8765,-0.14359,0.00055221,0.00185643,0.99934,-0.0362677,2.55039,-3.97532,-0.0598624,-0.00190085,0.000248717,0.0249092,0.324,0.302,0.286,0.228
10965,2.8,0,0,0.3,0,1.35086,13.8726,-0.14365,0.00055222,0.00185745,0.99934,-0.0362766,2.55097,-3.99895,-0.0597976,-0.00207007,-0.000208762,0.0121036,0.306,0.324,0.264,0.244
10966,2.8,0,0,0.3,0,1.35341,13.8685,-0.14371,0.000552003,0.00185846,0.99934,-0.0362792,2.55155,-4.02256,-0.0597327,-0.00195303,-0.0007276,0.000181256,0.324,0.298,0.288,0.228
10967,2.8,0,0,0.3,0,1.35596,13.8645,-0.143769,0.000551578,0.00185943,0.99934,-0.0362763,2.55213,-4.04617,-0.0596678,-0.00185735,-0.00104707,-0.0105042,0.312,0.32,0.268,0.238
10968,2.8,0,0,0.3,0,1.35852,13.8604,-0.143829,0.000551052,0.00186031,0.99934,-0.0362684,2.5527,-4.06975,-0.0596028,-0.00159093,-0.00123299,-0.0195917,0.32,0.312,0.276,0.232
10969,2.8,0,0,0.3,0,1.36107,13.8563,-0.143888,0.000550428,0.00186103,0.999341,-0.0362564,2.55327,-4.09333,-0.0595379,-0.00127777,-0.00139853,-0.0270356,0.326,0.31,0.278,0.224
10970,2.8,0,0,0.3,0,1.36362,13.8522,-0.143948,0.000549784,0.00186158,0.999341,-0.0362413,2.55384,-4.11689,-0.0594729,-0.000881283,-0.0013563,-0.0327528,0.314,0.326,0.262,0.238
10971,2.8,0,0,0.3,0,1.36618,13.8481,-0.144007,0.00054914,0.00186188,0.999342,-0.0362237,2.55441,-4.14043,-0.0594079,-0.000296058,-0.0013931,-0.0367026,0.33,0.304,0.282,0.222
10972,2.8,0,0,0.3,0,1.36873,13.8439,-0.144067,0.000548484,0.0018619,0.999343,-0.0362047,2.55497,-4.16396,-0.0593429,0.000205695,-0.00135393,-0.0388473,0.318,0.322,0.266,0.234
10973,2.8,0,0,0.3,0,1.37129,13.8397,-0.144126,0.000547853,0.00186163,0.999343,-0.0361852,2.55553,-4.18748,-0.0592779,0.000854613,-0.00130155,-0.0391366,0.322,0.304,0.282,0.23
10974,2.8,0,0,0.3,0,1.37385,13.8355,-0.144185,0.000547228,0.00186103,0.999344,-0.036166,2.55609,-4.21098,-0.0592129,0.00149663,-0.00124459,-0.0376833,0.32,0.308,0.28,0.232
10975,2.8,0,0,0.3,0,1.3764,13.8313,-0.144244,0.000546651,0.00186012,0.999345,-0.036148,2.55664,-4.23447,-0.0591479,0.00213521,-0.00108688,-0.0345732,0.312,0.308,0.28,0.242
10976,2.8,0,0,0.3,0,1.37896,13.827,-0.144303,0.000546118,0.00185889,0.999345,-0.0361319,2.55719,-4.25794,-0.059083,0.00275197,-0.000993654,-0.030042,0.318,0.296,0.292,0.234
10977,2.8,0,0,0.3,0,1.38152,13.8227,-0.144362,0.000545644,0.00185739,0.999346,-0.0361185,2.55774,-4.2814,-0.0590181,0.00321851,-0.000793883,-0.0243265,0.308,0.308,0.28,0.244
10978,2.8,0,0,0.3,0,1.38408,13.8184,-0.144421,0.000545246,0.00185565,0.999346,-0.0361082,2.55829,-4.30484,-0.0589533,0.00367894,-0.000648751,-0.0177004,0.312,0.29,0.298,0.24
10979,2.8,0,0,0.3,0,1.38663,13.8141,-0.14448,0.000544903,0.00185373,0.999346,-0.0361013,2.55883,-4.32827,-0.0588885,0.00395832,-0.000511563,-0.010499,0.302,0.298,0.29,0.25
10980,2.8,0,0,0.3,0,1.38919,13.8097,-0.144539,0.00054462,0.00185171,0.999346,-0.0360982,2.55937,-4.35168,-0.0588238,0.00412169,-0.00038641,-0.00294235,0.3,0.292,0.296,0.252
10981,2.8,0,0,0.3,0,1.39175,13.8054,-0.144598,0.000544371,0.00184966,0.999346,-0.0360989,2.55991,-4.37508,-0.0587591,0.00410709,-0.000312959,0.00465747,0.298,0.294,0.294,0.254
10982,2.8,0,0,0.3,0,1.39431,13.801,-0.144656,0.000544155,0.00184765,0.999346,-0.0361033,2.56045,-4.39846,-0.0586946,0.00396945,-0.000246233,0.0120135,0.296,0.288,0.3,0.256
10983,2.8,0,0,0.3,0,1.39688,13.7965,-0.144715,0.00054396,0.00184571,0.999346,-0.0361113,2.56098,-4.42183,-0.05863,0.00385071,-0.000187117,0.0188729,0.3,0.284,0.302,0.252
10984,2.8,0,0,0.3,0,1.39944,13.7921,-0.144774,0.00054382,0.00184382,0.999346,-0.0361225,2.56152,-4.44519,-0.0585655,0.0037696,-3.20682e-05,0.025037,0.292,0.286,0.3,0.26
10985,2.8,0,0,0.3,0,1.402,13.7876,-0.144832,0.00054376,0.00184195,0.999345,-0.0361365,2.56205,-4.46853,-0.0585011,0.00372025,0.000124435,0.0303209,0.298,0.276,0.312,0.254
10986,2.8,0,0,0.3,0,1.40456,13.7831,-0.144891,0.000543759,0.00184014,0.999344,-0.0361529,2.56258,-4.49185,-0.0584368,0.00357505,0.000247281,0.0345802,0.29,0.288,0.3,0.262
10987,2.8,0,0,0.3,0,1.40712,13.7786,-0.144949,0.000543829,0.0018384,0.999344,-0.0361711,2.5631,-4.51516,-0.0583725,0.00338826,0.000395944,0.0376978,0.296,0.278,0.308,0.256
10988,2.8,0,0,0.3,0,1.40969,13.7741,-0.145007,0.000543965,0.0018368,0.999343,-0.0361905,2.56363,-4.53845,-0.0583082,0.00306454,0.000504697,0.0395386,0.292,0.29,0.298,0.26
10989,2.8,0,0,0.3,0,1.41225,13.7695,-0.145066,0.00054415,0.00183538,0.999342,-0.0362105,2.56415,-4.56173,-0.058244,0.00268124,0.000554476,0.0401169,0.294,0.288,0.3,0.258
10990,2.8,0,0,0.3,0,1.41482,13.7649,-0.145124,0.000544335,0.00183416,0.999342,-0.0362304,2.56468,-4.58499,-0.0581799,0.00221999,0.00052833,0.0394598,0.302,0.286,0.302,0.25
10991,2.8,0,0,0.3,0,1.41738,13.7603,-0.145182,0.000544553,0.0018332,0.999341,-0.0362497,2.5652,-4.60823,-0.0581158,0.00170219,0.000618561,0.0377087,0.292,0.3,0.288,0.26
10992,2.8,0,0,0.3,0,1.41995,13.7557,-0.14524,0.000544803,0.00183247,0.99934,-0.0362678,2.56572,-4.63146,-0.0580517,0.00125759,0.000613011,0.0350142,0.304,0.282,0.304,0.248
10993,2.8,0,0,0.3,0,1.42251,13.751,-0.145298,0.000545084,0.00183198,0.99934,-0.0362843,2.56623,-4.65468,-0.0579876,0.000786111,0.000722394,0.0315492,0.294,0.302,0.286,0.258
10994,2.8,0,0,0.3,0,1.42508,13.7464,-0.145356,0.000545453,0.00183167,0.999339,-0.036299,2.56675,-4.67788,-0.0579236,0.000506693,0.000869646,0.0275491,0.304,0.284,0.302,0.248
10995,2.8,0,0,0.3,0,1.42765,13.7417,-0.145414,0.000545887,0.00183147,0.999339,-0.0363115,2.56726,-4.70106,-0.0578596,0.000277759,0.000991185,0.0231076,0.31,0.294,0.294,0.242
10996,2.8,0,0,0.3,0,1.43022,13.7369,-0.145471,0.000546417,0.00183136,0.999338,-0.0363218,2.56777,-4.72423,-0.0577955,0.00011737,0.0011828,0.0183774,0.3,0.306,0.28,0.252
10997,2.8,0,0,0.3,0,1.43278,13.7322,-0.145529,0.000547007,0.00183132,0.999338,-0.0363296,2.56828,-4.74739,-0.0577315,-6.16658e-06,0.00121642,0.0134176,0.32,0.292,0.294,0.234
10998,2.8,0,0,0.3,0,1.43535,13.7274,-0.145587,0.000547604,0.00183137,0.999338,-0.0363349,2.56879,-4.77053,-0.0576675,-0.000265531,0.00119922,0.00840973,0.3,0.316,0.272,0.252
10999,2.8,0,0,0.3,0,1.43792,13.7226,-0.145644,0.000548165,0.00183152,0.999338,-0.0363377,2.5693,-4.79365,-0.0576035,-0.000380389,0.00102046,0.00362162,0.318,0.286,0.3,0.236
11000,2.8,0,0,0.3,0,1.44049,13.7178,-0.145702,0.000548622,0.00183174,0.999338,-0.0363383,2.5698,-4.81676,-0.0575395,-0.000547787,0.000826995,-0.000760315,0.31,0.302,0.286,0.242
11001,2.8,0,0,0.3,0,1.44306,13.713,-0.145759,0.000549011,0.00183203,0.999338,-0.0363368,2.5703,-4.83986,-0.0574755,-0.000599408,0.000670422,-0.00453748,0.304,0.306,0.282,0.248
11002,2.8,0,0,0.3,0,1.44563,13.7081,-0.145817,0.000549279,0.00183232,0.999338,-0.0363337,2.5708,-4.86294,-0.0574114,-0.000652831,0.000376261,-0.00778041,0.318,0.296,0.292,0.234
11003,2.8,0,0,0.3,0,1.4482,13.7032,-0.145874,0.000549442,0.0018327,0.999338,-0.036329,2.5713,-4.886,-0.0573474,-0.000854203,0.000218851,-0.0105156,0.296,0.32,0.268,0.256
11004,2.8,0,0,0.3,0,1.45078,13.6983,-0.145932,0.000549534,0.00183314,0.999338,-0.0363231,2.57179,-4.90905,-0.0572834,-0.000940463,5.26037e-05,-0.0127192,0.318,0.288,0.3,0.234
11005,2.8,0,0,0.3,0,1.45335,13.6934,-0.145989,0.000549598,0.00183366,0.999339,-0.0363163,2.57228,-4.93208,-0.0572194,-0.0011072,0.000129059,-0.0143811,0.306,0.316,0.274,0.244
11006,2.8,0,0,0.3,0,1.45592,13.6884,-0.146046,0.000549745,0.00183419,0.999339,-0.0363088,2.57277,-4.9551,-0.0571553,-0.00099733,0.000295665,-0.0154248,0.312,0.3,0.288,0.242
11007,2.8,0,0,0.3,0,1.45849,13.6834,-0.146103,0.000549965,0.0018346,0.999339,-0.0363009,2.57326,-4.9781,-0.0570913,-0.000747858,0.000460748,-0.0159618,0.322,0.294,0.294,0.228
11008,2.8,0,0,0.3,0,1.46107,13.6784,-0.14616,0.0005503,0.00183488,0.999339,-0.0362929,2.57374,-5.00109,-0.0570273,-0.000439456,0.00072043,-0.0159239,0.3,0.318,0.27,0.252
11009,2.8,0,0,0.3,0,1.46364,13.6734,-0.146217,0.000550701,0.00183496,0.99934,-0.0362851,2.57422,-5.02406,-0.0569632,-2.38902e-05,0.000786961,-0.0153212,0.326,0.278,0.308,0.226
11010,2.8,0,0,0.3,0,1.46622,13.6684,-0.146274,0.000551148,0.00183491,0.99934,-0.0362777,2.5747,-5.04702,-0.0568992,0.000118754,0.000954479,-0.0141954,0.298,0.322,0.266,0.252
11011,2.8,0,0,0.3,0,1.46879,13.6633,-0.146331,0.000551675,0.00183476,0.99934,-0.0362711,2.57518,-5.06996,-0.0568351,0.000359536,0.00106318,-0.0124975,0.31,0.294,0.292,0.246
11012,2.8,0,0,0.3,0,1.47137,13.6582,-0.146387,0.00055221,0.00183454,0.99934,-0.0362654,2.57566,-5.09289,-0.0567711,0.000362725,0.00109088,-0.0104332,0.318,0.296,0.292,0.236
11013,2.8,0,0,0.3,0,1.47394,13.6531,-0.146444,0.000552792,0.00183436,0.999341,-0.0362609,2.57613,-5.1158,-0.0567071,0.000305663,0.00116698,-0.00797826,0.294,0.31,0.278,0.258
11014,2.8,0,0,0.3,0,1.47652,13.648,-0.146501,0.000553313,0.00183415,0.999341,-0.0362577,2.5766,-5.13869,-0.0566431,0.000418602,0.000934724,-0.00524705,0.32,0.272,0.316,0.234
11015,2.8,0,0,0.3,0,1.4791,13.6428,-0.146557,0.000553735,0.00183394,0.999341,-0.0362559,2.57707,-5.16157,-0.0565791,0.000407695,0.000803252,-0.002321,0.288,0.322,0.268,0.262
11016,2.8,0,0,0.3,0,1.48168,13.6376,-0.146614,0.000554083,0.00183366,0.999341,-0.0362556,2.57753,-5.18444,-0.0565151,0.000632289,0.000615222,0.00071402,0.314,0.276,0.31,0.24
11017,2.8,0,0,0.3,0,1.48425,13.6324,-0.14667,0.000554339,0.00183332,0.999341,-0.0362567,2.57799,-5.20729,-0.0564511,0.000622814,0.000536481,0.00350635,0.302,0.298,0.29,0.25
11018,2.8,0,0,0.3,0,1.48683,13.6272,-0.146727,0.000554622,0.00183301,0.999341,-0.0362592,2.57846,-5.23012,-0.0563872,0.000647552,0.000629066,0.00608435,0.29,0.3,0.286,0.262
11019,2.8,0,0,0.3,0,1.48941,13.6219,-0.146783,0.000554906,0.00183265,0.99934,-0.0362629,2.57891,-5.25294,-0.0563233,0.000684562,0.00060321,0.00832573,0.318,0.276,0.312,0.232
11020,2.8,0,0,0.3,0,1.49199,13.6166,-0.146839,0.000555242,0.00183234,0.99934,-0.0362676,2.57937,-5.27574,-0.0562593,0.000560397,0.000812938,0.0101548,0.28,0.322,0.268,0.27
11021,2.8,0,0,0.3,0,1.49457,13.6114,-0.146896,0.000555642,0.00183201,0.99934,-0.0362731,2.57983,-5.29853,-0.0561954,0.000699019,0.000833094,0.011533,0.318,0.266,0.32,0.236
11022,2.8,0,0,0.3,0,1.49715,13.606,-0.146952,0.000556065,0.00183167,0.99934,-0.0362791,2.58028,-5.3213,-0.0561316,0.000589377,0.00100635,0.0123967,0.292,0.314,0.278,0.256
11023,2.8,0,0,0.3,0,1.49973,13.6007,-0.147008,0.000556634,0.00183135,0.99934,-0.0362855,2.58073,-5.34405,-0.0560677,0.000696294,0.00127747,0.0129122,0.296,0.292,0.294,0.258
11024,2.8,0,0,0.3,0,1.50231,13.5953,-0.147064,0.000557292,0.00183093,0.999339,-0.0362919,2.58118,-5.36679,-0.0560039,0.000801564,0.00148633,0.0129422,0.318,0.28,0.31,0.234
11025,2.8,0,0,0.3,0,1.50489,13.5899,-0.14712,0.000558148,0.0018305,0.999339,-0.0362983,2.58162,-5.38951,-0.0559401,0.00088692,0.00196972,0.0125939,0.282,0.318,0.27,0.27
11026,2.8,0,0,0.3,0,1.50748,13.5845,-0.147176,0.000559154,0.00182991,0.999339,-0.0363045,2.58207,-5.41221,-0.0558763,0.00127873,0.00211406,0.0118742,0.326,0.26,0.324,0.228
11027,2.8,0,0,0.3,0,1.51006,13.5791,-0.147231,0.000560238,0.0018292,0.999339,-0.0363101,2.58251,-5.4349,-0.0558125,0.00137457,0.00236797,0.0107485,0.288,0.322,0.268,0.262
11028,2.8,0,0,0.3,0,1.51264,13.5736,-0.147287,0.00056143,0.00182839,0.999339,-0.0363151,2.58295,-5.45757,-0.0557488,0.00171663,0.00243879,0.00935395,0.306,0.282,0.302,0.248
11029,2.8,0,0,0.3,0,1.51522,13.5681,-0.147343,0.000562561,0.00182743,0.999339,-0.0363193,2.58339,-5.48023,-0.0556851,0.00185572,0.0023061,0.00756499,0.314,0.292,0.296,0.236
11030,2.8,0,0,0.3,0,1.51781,13.5626,-0.147398,0.000563692,0.00182645,0.999338,-0.0363225,2.58383,-5.50287,-0.0556214,0.00195842,0.00234275,0.00557446,0.286,0.318,0.27,0.266
11031,2.8,0,0,0.3,0,1.52039,13.5571,-0.147454,0.000564753,0.00182535,0.999338,-0.0363247,2.58426,-5.52549,-0.0555578,0.00221969,0.0021022,0.0033772,0.332,0.262,0.324,0.222
11032,2.8,0,0,0.3,0,1.52298,13.5516,-0.14751,0.000565755,0.00182421,0.999338,-0.0363258,2.58469,-5.5481,-0.0554942,0.00217964,0.00212018,0.00103953,0.29,0.33,0.258,0.262
11033,2.8,0,0,0.3,0,1.52556,13.546,-0.147565,0.000566757,0.00182302,0.999338,-0.0363256,2.58512,-5.57069,-0.0554307,0.00244457,0.00200408,-0.00125874,0.322,0.274,0.31,0.234
11034,2.8,0,0,0.3,0,1.52815,13.5404,-0.14762,0.000567652,0.00182176,0.999338,-0.0363244,2.58555,-5.59327,-0.0553672,0.00238419,0.00182782,-0.00362655,0.31,0.308,0.28,0.24
11035,2.8,0,0,0.3,0,1.53073,13.5348,-0.147676,0.000568521,0.00182057,0.999338,-0.0363219,2.58598,-5.61583,-0.0553037,0.00229962,0.0017475,-0.00580397,0.294,0.316,0.27,0.26
11036,2.8,0,0,0.3,0,1.53332,13.5291,-0.147731,0.000569241,0.00181941,0.999338,-0.0363185,2.5864,-5.63838,-0.0552403,0.00218075,0.00133605,-0.00781623,0.334,0.274,0.312,0.22
11037,2.8,0,0,0.3,0,1.53591,13.5235,-0.147786,0.000569835,0.00181842,0.999339,-0.0363141,2.58682,-5.66091,-0.0551769,0.0017879,0.00117574,-0.00953782,0.284,0.336,0.252,0.268
11038,2.8,0,0,0.3,0,1.53849,13.5178,-0.147841,0.000570293,0.00181751,0.999339,-0.036309,2.58724,-5.68342,-0.0551136,0.00179288,0.000735724,-0.0108492,0.332,0.268,0.316,0.224
11039,2.8,0,0,0.3,0,1.54108,13.5121,-0.147896,0.000570521,0.00181666,0.999339,-0.0363033,2.58766,-5.70592,-0.0550503,0.00153425,0.000363455,-0.011857,0.304,0.322,0.268,0.246
11040,2.8,0,0,0.3,0,1.54367,13.5064,-0.147951,0.000570626,0.00181591,0.999339,-0.0362973,2.58807,-5.7284,-0.054987,0.00153017,9.94896e-05,-0.0123975,0.302,0.3,0.284,0.252
11041,2.8,0,0,0.3,0,1.54626,13.5006,-0.148006,0.000570529,0.00181514,0.999339,-0.0362911,2.58848,-5.75086,-0.0549238,0.00149389,-0.000320316,-0.0126288,0.332,0.278,0.308,0.22
11042,2.8,0,0,0.3,0,1.54885,13.4948,-0.148061,0.000570342,0.00181447,0.99934,-0.0362848,2.58889,-5.77331,-0.0548606,0.00127778,-0.000365268,-0.0124362,0.282,0.33,0.258,0.27
11043,2.8,0,0,0.3,0,1.55144,13.4891,-0.148116,0.000570075,0.00181381,0.99934,-0.0362788,2.5893,-5.79574,-0.0547974,0.00134065,-0.000649336,-0.0118823,0.332,0.262,0.324,0.222
11044,2.8,0,0,0.3,0,1.55403,13.4832,-0.14817,0.000569711,0.00181325,0.99934,-0.036273,2.5897,-5.81816,-0.0547342,0.000968203,-0.000689366,-0.0111305,0.294,0.33,0.258,0.256
11045,2.8,0,0,0.3,0,1.55662,13.4774,-0.148225,0.000569359,0.00181284,0.99934,-0.0362678,2.5901,-5.84056,-0.0546711,0.000802606,-0.000750981,-0.0101389,0.31,0.286,0.298,0.244
11046,2.8,0,0,0.3,0,1.55921,13.4715,-0.14828,0.000568933,0.00181253,0.99934,-0.036263,2.5905,-5.86295,-0.054608,0.000426763,-0.000871509,-0.0091707,0.32,0.292,0.296,0.232
11047,2.8,0,0,0.3,0,1.5618,13.4656,-0.148334,0.000568546,0.00181247,0.999341,-0.0362587,2.5909,-5.88531,-0.0545449,2.18569e-05,-0.000746432,-0.00803626,0.28,0.326,0.26,0.272
11048,2.8,0,0,0.3,0,1.56439,13.4597,-0.148389,0.000568122,0.0018125,0.999341,-0.0362551,2.59129,-5.90766,-0.0544818,-0.000141845,-0.000984977,-0.00678931,0.334,0.258,0.326,0.22
11049,2.8,0,0,0.3,0,1.56698,13.4538,-0.148443,0.000567626,0.00181273,0.999341,-0.036252,2.59169,-5.93,-0.0544187,-0.000626897,-0.00100559,-0.0055146,0.284,0.334,0.254,0.266
11050,2.8,0,0,0.3,0,1.56957,13.4479,-0.148498,0.000567122,0.00181309,0.999341,-0.0362497,2.59208,-5.95232,-0.0543556,-0.000692141,-0.00113703,-0.00417481,0.316,0.27,0.316,0.238
11051,2.8,0,0,0.3,0,1.57217,13.4419,-0.148552,0.000566517,0.00181352,0.999341,-0.0362479,2.59247,-5.97462,-0.0542925,-0.000980568,-0.00125882,-0.00301118,0.308,0.302,0.288,0.24
11052,2.8,0,0,0.3,0,1.57476,13.4359,-0.148606,0.00056596,0.0018141,0.999341,-0.0362468,2.59285,-5.99691,-0.0542294,-0.00113623,-0.00110771,-0.00186063,0.284,0.314,0.274,0.268
11053,2.8,0,0,0.3,0,1.57735,13.4299,-0.14866,0.000565426,0.00181468,0.999341,-0.0362461,2.59324,-6.01918,-0.0541663,-0.00117068,-0.00108165,-0.000909275,0.33,0.262,0.326,0.222
11054,2.8,0,0,0.3,0,1.57995,13.4238,-0.148714,0.000565037,0.00181539,0.999341,-0.0362459,2.59362,-6.04144,-0.0541032,-0.00155739,-0.000570559,-0.000196285,0.276,0.338,0.252,0.274
11055,2.8,0,0,0.3,0,1.58254,13.4178,-0.148768,0.000564895,0.00181619,0.999341,-0.0362459,2.594,-6.06368,-0.05404,-0.00159805,-0.000229157,0.000320908,0.322,0.264,0.322,0.234
11056,2.8,0,0,0.3,0,1.58513,13.4117,-0.148822,0.000564899,0.00181708,0.999341,-0.0362461,2.59438,-6.0859,-0.0539769,-0.00195903,0.000135573,0.000452141,0.298,0.318,0.272,0.25
11057,2.8,0,0,0.3,0,1.58773,13.4056,-0.148876,0.000565143,0.0018181,0.999341,-0.0362464,2.59475,-6.1081,-0.0539137,-0.00201548,0.000572405,0.000423911,0.296,0.296,0.29,0.258
11058,2.8,0,0,0.3,0,1.59032,13.3994,-0.14893,0.000565519,0.00181907,0.999341,-0.0362466,2.59512,-6.13029,-0.0538505,-0.00196821,0.000787541,8.9555e-05,0.334,0.272,0.316,0.218
11059,2.8,0,0,0.3,0,1.59292,13.3933,-0.148984,0.000566067,0.00182006,0.999341,-0.0362465,2.5955,-6.15247,-0.0537874,-0.0020223,0.00119802,-0.00040008,0.278,0.334,0.254,0.274
11060,2.8,0,0,0.3,0,1.59551,13.3871,-0.149038,0.000566713,0.00182096,0.999341,-0.0362461,2.59586,-6.17462,-0.0537241,-0.00173442,0.00118286,-0.00101211,0.33,0.258,0.328,0.224
11061,2.8,0,0,0.3,0,1.59811,13.3809,-0.149091,0.000567339,0.00182185,0.999341,-0.0362454,2.59623,-6.19677,-0.0536609,-0.00193122,0.00123678,-0.00180963,0.292,0.332,0.258,0.258
11062,2.8,0,0,0.3,0,1.60071,13.3747,-0.149145,0.000568005,0.0018228,0.999341,-0.0362443,2.5966,-6.21889,-0.0535977,-0.00189267,0.00119182,-0.00257461,0.308,0.288,0.298,0.246
11063,2.8,0,0,0.3,0,1.6033,13.3684,-0.149198,0.000568567,0.00182374,0.999341,-0.0362427,2.59696,-6.241,-0.0535344,-0.00201937,0.00100331,-0.00352452,0.322,0.29,0.298,0.23
11064,2.8,0,0,0.3,0,1.6059,13.3622,-0.149252,0.000569148,0.00182479,0.999341,-0.0362407,2.59732,-6.26309,-0.0534712,-0.00215412,0.00113753,-0.00441589,0.278,0.332,0.256,0.274
11065,2.8,0,0,0.3,0,1.6085,13.3559,-0.149305,0.00056973,0.00182578,0.999341,-0.0362383,2.59768,-6.28517,-0.0534079,-0.00195503,0.00101212,-0.00522385,0.336,0.26,0.326,0.218
11066,2.8,0,0,0.3,0,1.6111,13.3496,-0.149359,0.000570301,0.00182677,0.999341,-0.0362355,2.59803,-6.30723,-0.0533446,-0.00205824,0.00115075,-0.00599792,0.288,0.336,0.254,0.264
11067,2.8,0,0,0.3,0,1.6137,13.3433,-0.149412,0.000570946,0.00182769,0.999342,-0.0362323,2.59839,-6.32927,-0.0532812,-0.00170083,0.00118546,-0.0066116,0.316,0.276,0.306,0.24
11068,2.8,0,0,0.3,0,1.61629,13.3369,-0.149465,0.000571543,0.00182845,0.999342,-0.0362289,2.59874,-6.3513,-0.0532179,-0.00150711,0.00111362,-0.00726713,0.31,0.306,0.282,0.24
11069,2.8,0,0,0.3,0,1.61889,13.3305,-0.149518,0.000572124,0.00182911,0.999342,-0.0362251,2.59909,-6.37331,-0.0531546,-0.0011603,0.00101796,-0.0077371,0.286,0.318,0.268,0.266
11070,2.8,0,0,0.3,0,1.62149,13.3241,-0.149571,0.000572507,0.00182949,0.999342,-0.0362211,2.59943,-6.3953,-0.0530912,-0.00057717,0.000496886,-0.00813664,0.338,0.264,0.322,0.216
11071,2.8,0,0,0.3,0,1.62409,13.3177,-0.149624,0.000572716,0.00182968,0.999342,-0.036217,2.59978,-6.41728,-0.0530279,-0.000205954,0.000356332,-0.00846658,0.284,0.334,0.254,0.266
11072,2.8,0,0,0.3,0,1.62669,13.3113,-0.149677,0.000572849,0.00182956,0.999342,-0.0362127,2.60012,-6.43924,-0.0529645,0.000599738,0.00014429,-0.0086672,0.326,0.266,0.32,0.228
11073,2.8,0,0,0.3,0,1.62929,13.3048,-0.14973,0.000572885,0.0018291,0.999342,-0.0362083,2.60046,-6.46119,-0.0529012,0.00106188,0.000122684,-0.00889895,0.304,0.316,0.274,0.246
11074,2.8,0,0,0.3,0,1.63189,13.2983,-0.149783,0.000572976,0.00182842,0.999343,-0.0362039,2.6008,-6.48311,-0.0528379,0.00165217,0.000251531,-0.00896887,0.3,0.302,0.284,0.254
11075,2.8,0,0,0.3,0,1.6345,13.2918,-0.149836,0.000573067,0.00182742,0.999343,-0.0361994,2.60114,-6.50503,-0.0527747,0.00215285,0.000261027,-0.00906118,0.33,0.276,0.312,0.222
11076,2.8,0,0,0.3,0,1.6371,13.2853,-0.149889,0.000573247,0.00182629,0.999343,-0.0361949,2.60147,-6.52692,-0.0527115,0.00234029,0.000553678,-0.00907597,0.282,0.332,0.256,0.268
11077,2.8,0,0,0.3,0,1.6397,13.2788,-0.149941,0.000573499,0.00182499,0.999343,-0.0361904,2.6018,-6.5488,-0.0526483,0.00272771,0.000551591,-0.00897849,0.332,0.262,0.324,0.222
11078,2.8,0,0,0.3,0,1.6423,13.2722,-0.149994,0.000573758,0.00182363,0.999343,-0.0361859,2.60213,-6.57066,-0.0525852,0.00266767,0.000702728,-0.00889806,0.296,0.326,0.264,0.254
11079,2.8,0,0,0.3,0,1.6449,13.2656,-0.150046,0.000574125,0.00182225,0.999343,-0.0361816,2.60246,-6.59251,-0.0525221,0.00281116,0.000826534,-0.0086838,0.308,0.292,0.294,0.246
11080,2.8,0,0,0.3,0,1.64751,13.259,-0.150099,0.000574465,0.00182082,0.999344,-0.0361773,2.60278,-6.61434,-0.0524591,0.00275826,0.000764241,-0.00851351,0.322,0.292,0.296,0.23
11081,2.8,0,0,0.3,0,1.65011,13.2523,-0.150151,0.000574859,0.00181949,0.999344,-0.0361731,2.6031,-6.63615,-0.0523961,0.00257383,0.000922382,-0.00822209,0.282,0.326,0.26,0.27
11082,2.8,0,0,0.3,0,1.65271,13.2457,-0.150204,0.000575243,0.00181817,0.999344,-0.0361692,2.60342,-6.65795,-0.0523332,0.00260288,0.000771487,-0.00782245,0.332,0.264,0.32,0.222
11083,2.8,0,0,0.3,0,1.65532,13.239,-0.150256,0.000575601,0.00181693,0.999344,-0.0361654,2.60374,-6.67973,-0.0522703,0.00233285,0.000840743,-0.0073857,0.29,0.326,0.262,0.262
11084,2.8,0,0,0.3,0,1.65792,13.2323,-0.150308,0.000575966,0.00181573,0.999344,-0.0361619,2.60406,-6.70149,-0.0522074,0.00246751,0.000688021,-0.00685164,0.314,0.274,0.31,0.242
11085,2.8,0,0,0.3,0,1.66052,13.2256,-0.15036,0.000576177,0.00181447,0.999344,-0.0361586,2.60437,-6.72324,-0.0521446,0.00247452,0.000399305,-0.00643295,0.314,0.298,0.29,0.238
11086,2.8,0,0,0.3,0,1.66313,13.2188,-0.150412,0.0005763,0.00181322,0.999344,-0.0361555,2.60468,-6.74497,-0.0520819,0.00256361,0.000230231,-0.00600101,0.294,0.31,0.276,0.26
11087,2.8,0,0,0.3,0,1.66573,13.2121,-0.150464,0.000576272,0.00181187,0.999344,-0.0361526,2.60499,-6.76669,-0.0520192,0.00274176,-0.000108159,-0.00575147,0.33,0.27,0.316,0.224
11088,2.8,0,0,0.3,0,1.66834,13.2053,-0.150516,0.000576159,0.00181055,0.999345,-0.0361498,2.6053,-6.78839,-0.0519565,0.00256048,-0.000135088,-0.00568928,0.286,0.332,0.256,0.264
11089,2.8,0,0,0.3,0,1.67095,13.1985,-0.150568,0.000576009,0.00180928,0.999345,-0.0361469,2.60561,-6.81007,-0.0518939,0.00253563,-0.000340815,-0.00570199,0.322,0.272,0.312,0.232
11090,2.8,0,0,0.3,0,1.67355,13.1916,-0.15062,0.000575749,0.00180812,0.999345,-0.036144,2.60591,-6.83173,-0.0518314,0.00213233,-0.000460978,-0.00590638,0.302,0.314,0.276,0.248
11091,2.8,0,0,0.3,0,1.67616,13.1848,-0.150672,0.000575501,0.00180715,0.999345,-0.0361411,2.60621,-6.85338,-0.0517689,0.00186427,-0.000471416,-0.0060771,0.298,0.302,0.284,0.256
11092,2.8,0,0,0.3,0,1.67876,13.1779,-0.150723,0.000575185,0.00180628,0.999345,-0.036138,2.60651,-6.87501,-0.0517064,0.00162845,-0.000607422,-0.00629532,0.324,0.28,0.308,0.228
11093,2.8,0,0,0.3,0,1.68137,13.171,-0.150775,0.000574937,0.00180559,0.999345,-0.0361348,2.6068,-6.89663,-0.0516439,0.0012823,-0.000319912,-0.00648011,0.286,0.324,0.264,0.264
11094,2.8,0,0,0.3,0,1.68398,13.1641,-0.150827,0.000574798,0.00180495,0.999345,-0.0361315,2.6071,-6.91823,-0.0515815,0.00125253,-0.000215497,-0.00663837,0.324,0.27,0.316,0.23
11095,2.8,0,0,0.3,0,1.68659,13.1572,-0.150878,0.000574716,0.0018044,0.999345,-0.0361281,2.60739,-6.93981,-0.0515191,0.000964769,-2.61499e-05,-0.00690183,0.294,0.32,0.27,0.256
11096,2.8,0,0,0.3,0,1.68919,13.1502,-0.15093,0.000574762,0.00180395,0.999346,-0.0361247,2.60768,-6.96137,-0.0514568,0.000885744,0.00017487,-0.00716028,0.306,0.292,0.294,0.248
11097,2.8,0,0,0.3,0,1.6918,13.1432,-0.150981,0.000574849,0.00180354,0.999346,-0.036121,2.60797,-6.98292,-0.0513944,0.000732612,0.000236598,-0.00757523,0.318,0.294,0.294,0.232
11098,2.8,0,0,0.3,0,1.69441,13.1362,-0.151032,0.000575036,0.00180322,0.999346,-0.0361171,2.60825,-7.00445,-0.0513321,0.00060334,0.000474597,-0.00805628,0.292,0.318,0.27,0.26
11099,2.8,0,0,0.3,0,1.69702,13.1292,-0.151084,0.000575265,0.00180286,0.999346,-0.0361129,2.60854,-7.02596,-0.0512698,0.000728094,0.000455075,-0.00861119,0.326,0.276,0.312,0.226
11100,2.8,0,0,0.3,0,1.69963,13.1221,-0.151135,0.000575531,0.00180251,0.999346,-0.0361085,2.60882,-7.04746,-0.0512076,0.000645099,0.000657947,-0.00918143,0.296,0.324,0.264,0.254
11101,2.8,0,0,0.3,0,1.70224,13.1151,-0.151186,0.00057591,0.00180214,0.999346,-0.0361038,2.6091,-7.06894,-0.0511453,0.000801082,0.000798087,-0.00962665,0.314,0.282,0.302,0.24
11102,2.8,0,0,0.3,0,1.70484,13.108,-0.151237,0.000576324,0.00180171,0.999346,-0.0360989,2.60937,-7.0904,-0.0510831,0.000786098,0.0009078,-0.0100444,0.312,0.302,0.286,0.24
11103,2.8,0,0,0.3,0,1.70745,13.1009,-0.151288,0.00057682,0.00180131,0.999347,-0.0360938,2.60965,-7.11185,-0.0510209,0.000785643,0.00102807,-0.0102746,0.298,0.31,0.276,0.254
11104,2.8,0,0,0.3,0,1.71006,13.0937,-0.151339,0.000577279,0.00180087,0.999347,-0.0360886,2.60992,-7.13328,-0.0509587,0.000823657,0.000844238,-0.0104348,0.328,0.284,0.302,0.226
11105,2.8,0,0,0.3,0,1.71267,13.0866,-0.15139,0.00057768,0.00180049,0.999347,-0.0360834,2.61019,-7.15469,-0.0508966,0.000680462,0.000808632,-0.0105557,0.298,0.324,0.264,0.256
11106,2.8,0,0,0.3,0,1.71529,13.0794,-0.151441,0.000578039,0.00180011,0.999347,-0.0360781,2.61046,-7.17608,-0.0508345,0.000780944,0.000611186,-0.0105538,0.322,0.278,0.306,0.234
11107,2.8,0,0,0.3,0,1.7179,13.0722,-0.151492,0.000578264,0.00179973,0.999347,-0.0360729,2.61072,-7.19746,-0.0507724,0.000691968,0.000360708,-0.0104369,0.306,0.306,0.28,0.246
11108,2.8,0,0,0.3,0,1.72051,13.065,-0.151542,0.000578361,0.00179939,0.999348,-0.0360678,2.61099,-7.21882,-0.0507103,0.000686196,1.99075e-05,-0.0100367,0.302,0.3,0.286,0.252
11109,2.8,0,0,0.3,0,1.72312,13.0577,-0.151593,0.000578202,0.00179905,0.999348,-0.036063,2.61125,-7.24017,-0.0506482,0.000623413,-0.00055642,-0.00951127,0.322,0.292,0.294,0.232
11110,2.8,0,0,0.3,0,1.72573,13.0505,-0.151644,0.000577801,0.00179882,0.999348,-0.0360584,2.61151,-7.26149,-0.0505862,0.000415982,-0.000980398,-0.00892632,0.3,0.316,0.272,0.254
11111,2.8,0,0,0.3,0,1.72834,13.0432,-0.151694,0.000577174,0.00179864,0.999348,-0.0360541,2.61176,-7.2828,-0.0505242,0.000355346,-0.0014726,-0.00832447,0.318,0.282,0.304,0.236
11112,2.8,0,0,0.3,0,1.73095,13.0359,-0.151744,0.00057636,0.00179856,0.999348,-0.0360501,2.61202,-7.3041,-0.0504622,9.71405e-05,-0.00171699,-0.00769116,0.298,0.312,0.276,0.254
11113,2.8,0,0,0.3,0,1.73357,13.0286,-0.151795,0.000575468,0.0017986,0.999348,-0.0360465,2.61227,-7.32537,-0.0504002,-7.29848e-05,-0.00187113,-0.00689201,0.306,0.29,0.298,0.248
11114,2.8,0,0,0.3,0,1.73618,13.0212,-0.151845,0.000574513,0.00179873,0.999348,-0.0360433,2.61252,-7.34663,-0.0503382,-0.000316816,-0.00193404,-0.00611797,0.312,0.296,0.294,0.24
11115,2.8,0,0,0.3,0,1.73879,13.0139,-0.151896,0.000573606,0.00179899,0.999349,-0.0360405,2.61277,-7.36787,-0.0502763,-0.00054948,-0.00176099,-0.00542127,0.298,0.306,0.282,0.254
11116,2.8,0,0,0.3,0,1.7414,13.0065,-0.151946,0.000572776,0.00179933,0.999349,-0.0360379,2.61302,-7.3891,-0.0502143,-0.00070468,-0.00163217,-0.00494686,0.318,0.286,0.302,0.234
11117,2.8,0,0,0.3,0,1.74402,12.9991,-0.151996,0.000572072,0.0017998,0.999349,-0.0360356,2.61326,-7.41031,-0.0501524,-0.00101634,-0.00127342,-0.00470123,0.3,0.314,0.274,0.252
11118,2.8,0,0,0.3,0,1.74663,12.9916,-0.152046,0.000571563,0.00180038,0.999349,-0.0360333,2.6135,-7.4315,-0.0500904,-0.00120089,-0.00094431,-0.00459243,0.31,0.292,0.294,0.244
11119,2.8,0,0,0.3,0,1.74924,12.9842,-0.152096,0.000571191,0.00180107,0.999349,-0.0360311,2.61374,-7.45267,-0.0500285,-0.00149311,-0.000672357,-0.00464855,0.306,0.3,0.288,0.246
11120,2.8,0,0,0.3,0,1.75186,12.9767,-0.152146,0.000570967,0.00180192,0.999349,-0.0360288,2.61398,-7.47383,-0.0499665,-0.00177258,-0.000434866,-0.00472566,0.302,0.3,0.286,0.25
11121,2.8,0,0,0.3,0,1.75447,12.9692,-0.152196,0.000570804,0.00180286,0.999349,-0.0360264,2.61422,-7.49497,-0.0499045,-0.00197238,-0.00037365,-0.00484239,0.312,0.292,0.294,0.24
11122,2.8,0,0,0.3,0,1.75709,12.9617,-0.152246,0.000570708,0.00180391,0.999349,-0.036024,2.61445,-7.51609,-0.0498425,-0.002154,-0.000200986,-0.00504534,0.3,0.31,0.276,0.252
11123,2.8,0,0,0.3,0,1.7597,12.9542,-0.152296,0.000570674,0.00180499,0.999349,-0.0360214,2.61468,-7.5372,-0.0497805,-0.00215447,-0.000125336,-0.00537774,0.312,0.294,0.292,0.242
11124,2.8,0,0,0.3,0,1.76232,12.9466,-0.152345,0.000570685,0.00180608,0.999349,-0.0360186,2.61491,-7.55829,-0.0497185,-0.0021815,-1.02789e-05,-0.00586573,0.308,0.302,0.286,0.244
11125,2.8,0,0,0.3,0,1.76493,12.939,-0.152395,0.000570749,0.00180715,0.999349,-0.0360155,2.61514,-7.57936,-0.0496565,-0.00208864,5.78661e-05,-0.00640289,0.31,0.3,0.288,0.242
11126,2.8,0,0,0.3,0,1.76755,12.9314,-0.152444,0.000570824,0.00180814,0.99935,-0.0360122,2.61536,-7.60041,-0.0495944,-0.00190501,9.4481e-05,-0.00696175,0.312,0.3,0.288,0.24
11127,2.8,0,0,0.3,0,1.77016,12.9238,-0.152494,0.000570962,0.00180903,0.99935,-0.0360085,2.61559,-7.62145,-0.0495324,-0.00172947,0.000275856,-0.00750271,0.304,0.304,0.282,0.248
11128,2.8,0,0,0.3,0,1.77278,12.9162,-0.152543,0.000571169,0.00180984,0.99935,-0.0360047,2.61581,-7.64247,-0.0494703,-0.0015515,0.000361659,-0.00797846,0.31,0.298,0.29,0.244
11129,2.8,0,0,0.3,0,1.77539,12.9085,-0.152593,0.000571401,0.00181057,0.99935,-0.0360006,2.61603,-7.66348,-0.0494082,-0.00143773,0.000422521,-0.00835276,0.306,0.302,0.286,0.246
11130,2.8,0,0,0.3,0,1.77801,12.9008,-0.152642,0.000571631,0.00181123,0.99935,-0.0359964,2.61624,-7.68446,-0.0493461,-0.00125232,0.000365871,-0.00862737,0.31,0.296,0.29,0.244
11131,2.8,0,0,0.3,0,1.78063,12.8931,-0.152692,0.000571807,0.00181179,0.99935,-0.035992,2.61646,-7.70543,-0.0492841,-0.0010311,0.000244808,-0.00887148,0.308,0.3,0.288,0.246
11132,2.8,0,0,0.3,0,1.78324,12.8854,-0.152741,0.000571923,0.00181224,0.99935,-0.0359875,2.61667,-7.72638,-0.049222,-0.000800097,0.000121778,-0.00913212,0.306,0.302,0.286,0.246
11133,2.8,0,0,0.3,0,1.78586,12.8776,-0.15279,0.000571952,0.00181257,0.999351,-0.0359829,2.61688,-7.74732,-0.0491599,-0.000586013,-6.75112e-05,-0.00945308,0.308,0.3,0.288,0.244
11134,2.8,0,0,0.3,0,1.78848,12.8699,-0.152839,0.000571903,0.00181281,0.999351,-0.035978,2.61709,-7.76824,-0.0490978,-0.000381308,-0.000167963,-0.00983872,0.312,0.298,0.29,0.24
11135,2.8,0,0,0.3,0,1.7911,12.8621,-0.152888,0.000571813,0.00181292,0.999351,-0.035973,2.61729,-7.78913,-0.0490358,-9.29901e-05,-0.000251247,-0.0102628,0.31,0.3,0.288,0.242
11136,2.8,0,0,0.3,0,1.79371,12.8543,-0.152937,0.000571695,0.00181288,0.999351,-0.0359678,2.6175,-7.81002,-0.0489737,0.000241698,-0.000231752,-0.0107125,0.31,0.3,0.288,0.242
11137,2.8,0,0,0.3,0,1.79633,12.8464,-0.152986,0.000571611,0.00181268,0.999351,-0.0359623,2.6177,-7.83088,-0.0489117,0.000510497,-0.000120156,-0.0111652,0.31,0.298,0.288,0.242
11138,2.8,0,0,0.3,0,1.79895,12.8386,-0.153035,0.000571594,0.00181238,0.999352,-0.0359567,2.6179,-7.85173,-0.0488497,0.000659002,3.58598e-05,-0.011573,0.306,0.302,0.286,0.246
11139,2.8,0,0,0.3,0,1.80157,12.8307,-0.153084,0.000571657,0.00181202,0.999352,-0.0359508,2.6181,-7.87257,-0.0487878,0.000735143,0.000191016,-0.0119322,0.314,0.298,0.29,0.238
11140,2.8,0,0,0.3,0,1.80419,12.8228,-0.153132,0.000571789,0.00181163,0.999352,-0.0359448,2.61829,-7.89338,-0.0487258,0.000772016,0.00034092,-0.0122445,0.306,0.31,0.278,0.246
11141,2.8,0,0,0.3,0,1.8068,12.8149,-0.153181,0.000571994,0.00181121,0.999352,-0.0359386,2.61849,-7.91418,-0.0486639,0.000863637,0.000466413,-0.0125212,0.308,0.298,0.288,0.244
11142,2.8,0,0,0.3,0,1.80942,12.807,-0.15323,0.000572258,0.00181075,0.999352,-0.0359323,2.61868,-7.93496,-0.048602,0.000908399,0.000605646,-0.0127368,0.314,0.3,0.288,0.238
11143,2.8,0,0,0.3,0,1.81204,12.799,-0.153278,0.000572608,0.00181027,0.999353,-0.0359259,2.61887,-7.95572,-0.0485401,0.000993734,0.000781903,-0.0128128,0.312,0.302,0.286,0.242
11144,2.8,0,0,0.3,0,1.81466,12.791,-0.153327,0.000573019,0.0018097,0.999353,-0.0359195,2.61905,-7.97647,-0.0484783,0.00117646,0.000868326,-0.0127908,0.316,0.294,0.292,0.236
11145,2.8,0,0,0.3,0,1.81728,12.783,-0.153375,0.000573473,0.00180905,0.999353,-0.0359132,2.61924,-7.9972,-0.0484165,0.00133598,0.000983334,-0.0126455,0.306,0.31,0.278,0.246
11146,2.8,0,0,0.3,0,1.8199,12.775,-0.153423,0.000573975,0.00180831,0.999353,-0.035907,2.61942,-8.01791,-0.0483547,0.00148393,0.00106467,-0.0123323,0.318,0.288,0.298,0.236
11147,2.8,0,0,0.3,0,1.82252,12.767,-0.153472,0.000574516,0.00180755,0.999354,-0.035901,2.6196,-8.0386,-0.048293,0.00145927,0.0011621,-0.0118914,0.306,0.302,0.284,0.246
11148,2.8,0,0,0.3,0,1.82514,12.7589,-0.15352,0.000575101,0.00180682,0.999354,-0.0358952,2.61978,-8.05928,-0.0482313,0.00139181,0.00119552,-0.0112873,0.304,0.298,0.288,0.248
11149,2.8,0,0,0.3,0,1.82776,12.7508,-0.153568,0.000575641,0.00180615,0.999354,-0.0358898,2.61996,-8.07994,-0.0481696,0.00118157,0.00102977,-0.0106312,0.316,0.296,0.292,0.238
11150,2.8,0,0,0.3,0,1.83038,12.7427,-0.153616,0.000576117,0.00180563,0.999354,-0.0358847,2.62013,-8.10058,-0.048108,0.000840041,0.000922954,-0.0100182,0.3,0.31,0.278,0.252
11151,2.8,0,0,0.3,0,1.833,12.7346,-0.153664,0.000576527,0.00180527,0.999354,-0.0358798,2.6203,-8.12121,-0.0480464,0.000554691,0.000751577,-0.00953712,0.318,0.288,0.298,0.236
11152,2.8,0,0,0.3,0,1.83562,12.7265,-0.153712,0.000576887,0.00180508,0.999355,-0.0358751,2.62047,-8.14182,-0.0479848,0.00017618,0.000727525,-0.00915609,0.302,0.314,0.274,0.25
11153,2.8,0,0,0.3,0,1.83824,12.7183,-0.15376,0.000577247,0.00180505,0.999355,-0.0358706,2.62064,-8.16241,-0.0479232,-5.19994e-05,0.000655733,-0.00877897,0.312,0.292,0.292,0.242
11154,2.8,0,0,0.3,0,1.84086,12.7101,-0.153808,0.00057754,0.00180512,0.999355,-0.0358662,2.62081,-8.18298,-0.0478617,-0.000287121,0.000511763,-0.00846548,0.316,0.296,0.29,0.236
11155,2.8,0,0,0.3,0,1.84348,12.7019,-0.153856,0.000577775,0.00180531,0.999355,-0.0358621,2.62097,-8.20354,-0.0478002,-0.000462306,0.000355074,-0.008143,0.302,0.306,0.28,0.25
11156,2.8,0,0,0.3,0,1.8461,12.6937,-0.153903,0.000577866,0.00180555,0.999355,-0.035858,2.62113,-8.22408,-0.0477387,-0.000547353,-1.31155e-05,-0.00784037,0.318,0.286,0.3,0.236
11157,2.8,0,0,0.3,0,1.84872,12.6855,-0.153951,0.000577803,0.00180589,0.999355,-0.0358542,2.62129,-8.2446,-0.0476772,-0.000767733,-0.000259405,-0.00755597,0.294,0.318,0.27,0.258
11158,2.8,0,0,0.3,0,1.85135,12.6772,-0.153999,0.000577646,0.00180631,0.999355,-0.0358504,2.62145,-8.2651,-0.0476157,-0.000884664,-0.000445129,-0.00726425,0.314,0.284,0.302,0.24
11159,2.8,0,0,0.3,0,1.85397,12.6689,-0.154046,0.000577415,0.00180682,0.999356,-0.0358468,2.6216,-8.28558,-0.0475542,-0.00112562,-0.000518899,-0.00706744,0.31,0.304,0.284,0.242
11160,2.8,0,0,0.3,0,1.85659,12.6606,-0.154094,0.000577208,0.00180743,0.999356,-0.0358433,2.62176,-8.30605,-0.0474927,-0.00125204,-0.000437828,-0.00695329,0.304,0.304,0.282,0.25
11161,2.8,0,0,0.3,0,1.85921,12.6523,-0.154141,0.00057701,0.00180807,0.999356,-0.0358397,2.62191,-8.3265,-0.0474312,-0.00132785,-0.000451522,-0.00703979,0.318,0.29,0.298,0.234
11162,2.8,0,0,0.3,0,1.86183,12.6439,-0.154189,0.000576856,0.00180879,0.999356,-0.0358361,2.62206,-8.34694,-0.0473697,-0.00149728,-0.000314256,-0.00725583,0.296,0.318,0.27,0.256
11163,2.8,0,0,0.3,0,1.86445,12.6356,-0.154236,0.000576734,0.00180954,0.999356,-0.0358324,2.6222,-8.36735,-0.0473082,-0.00149601,-0.000332842,-0.00750673,0.322,0.278,0.308,0.232
11164,2.8,0,0,0.3,0,1.86708,12.6272,-0.154283,0.000576616,0.00181033,0.999356,-0.0358285,2.62235,-8.38775,-0.0472468,-0.00163366,-0.000255322,-0.00780669,0.302,0.316,0.272,0.25
11165,2.8,0,0,0.3,0,1.8697,12.6188,-0.15433,0.000576557,0.00181115,0.999356,-0.0358245,2.62249,-8.40813,-0.0471853,-0.00161706,-0.000182053,-0.0080584,0.306,0.296,0.29,0.248
11166,2.8,0,0,0.3,0,1.87232,12.6103,-0.154377,0.000576483,0.00181196,0.999357,-0.0358204,2.62263,-8.42849,-0.0471238,-0.00167224,-0.000228765,-0.00837786,0.318,0.296,0.29,0.234
11167,2.8,0,0,0.3,0,1.87495,12.6019,-0.154425,0.000576437,0.00181283,0.999357,-0.035816,2.62277,-8.44884,-0.0470622,-0.00176151,-0.000133552,-0.00867089,0.298,0.318,0.268,0.256
11168,2.8,0,0,0.3,0,1.87757,12.5934,-0.154472,0.000576381,0.00181368,0.999357,-0.0358116,2.62291,-8.46917,-0.0470007,-0.00166348,-0.000259469,-0.00896773,0.326,0.276,0.308,0.228
11169,2.8,0,0,0.3,0,1.88019,12.5849,-0.154518,0.000576266,0.00181452,0.999357,-0.035807,2.62304,-8.48948,-0.0469392,-0.00167629,-0.000336596,-0.00925021,0.296,0.32,0.266,0.256
11170,2.8,0,0,0.3,0,1.88281,12.5764,-0.154565,0.000576067,0.0018153,0.999357,-0.0358024,2.62318,-8.50977,-0.0468777,-0.00142321,-0.000626947,-0.00936709,0.314,0.288,0.298,0.242
11171,2.8,0,0,0.3,0,1.88544,12.5679,-0.154612,0.000575678,0.00181597,0.999357,-0.0357977,2.62331,-8.53005,-0.0468162,-0.00129242,-0.000982377,-0.00946147,0.312,0.302,0.286,0.238
11172,2.8,0,0,0.3,0,1.88806,12.5593,-0.154659,0.00057515,0.0018166,0.999357,-0.0357929,2.62344,-8.55031,-0.0467547,-0.00113022,-0.00123264,-0.00950419,0.3,0.308,0.278,0.254
11173,2.8,0,0,0.3,0,1.89068,12.5508,-0.154706,0.000574456,0.00181711,0.999358,-0.0357882,2.62356,-8.57055,-0.0466932,-0.000878213,-0.00157808,-0.00957477,0.324,0.284,0.304,0.228
11174,2.8,0,0,0.3,0,1.89331,12.5422,-0.154752,0.000573671,0.00181756,0.999358,-0.0357834,2.62369,-8.59077,-0.0466317,-0.000799419,-0.00162288,-0.00964194,0.292,0.324,0.264,0.26
11175,2.8,0,0,0.3,0,1.89593,12.5336,-0.154799,0.000572861,0.00181792,0.999358,-0.0357785,2.62381,-8.61098,-0.0465701,-0.000555441,-0.00171057,-0.00966628,0.32,0.28,0.306,0.234
11176,2.8,0,0,0.3,0,1.89856,12.5249,-0.154845,0.000572023,0.00181821,0.999358,-0.0357737,2.62393,-8.63117,-0.0465086,-0.000533399,-0.00166117,-0.00974826,0.306,0.314,0.274,0.246
11177,2.8,0,0,0.3,0,1.90118,12.5163,-0.154892,0.000571268,0.00181846,0.999358,-0.0357688,2.62405,-8.65134,-0.0464472,-0.000348741,-0.00149383,-0.00978126,0.304,0.298,0.288,0.248
11178,2.8,0,0,0.3,0,1.9038,12.5076,-0.154938,0.000570528,0.00181858,0.999358,-0.0357639,2.62417,-8.67149,-0.0463857,-0.000117592,-0.00150317,-0.00985364,0.322,0.288,0.3,0.23
11179,2.8,0,0,0.3,0,1.90643,12.4989,-0.154985,0.00056983,0.00181863,0.999359,-0.035759,2.62428,-8.69163,-0.0463242,4.72545e-05,-0.00133612,-0.00988348,0.292,0.324,0.264,0.26
11180,2.8,0,0,0.3,0,1.90905,12.4902,-0.155031,0.00056918,0.00181853,0.999359,-0.035754,2.62439,-8.71175,-0.0462628,0.000348769,-0.00131225,-0.00991301,0.326,0.278,0.308,0.228
11181,2.8,0,0,0.3,0,1.91168,12.4815,-0.155077,0.000568566,0.00181837,0.999359,-0.035749,2.6245,-8.73185,-0.0462013,0.000346069,-0.00114611,-0.0100437,0.302,0.322,0.268,0.248
11182,2.8,0,0,0.3,0,1.9143,12.4727,-0.155123,0.000568031,0.00181818,0.999359,-0.035744,2.62461,-8.75194,-0.0461399,0.000508581,-0.00106704,-0.0101509,0.314,0.288,0.298,0.242
11183,2.8,0,0,0.3,0,1.91693,12.4639,-0.155169,0.000567478,0.00181791,0.999359,-0.0357389,2.62472,-8.772,-0.0460786,0.000573674,-0.00109454,-0.0102852,0.314,0.298,0.29,0.238
11184,2.8,0,0,0.3,0,1.91955,12.4552,-0.155215,0.000566971,0.00181764,0.99936,-0.0357337,2.62482,-8.79205,-0.0460172,0.000611693,-0.000978997,-0.0102821,0.296,0.32,0.268,0.256
11185,2.8,0,0,0.3,0,1.92218,12.4463,-0.155261,0.00056644,0.00181731,0.99936,-0.0357286,2.62493,-8.81208,-0.0459559,0.000703499,-0.00112326,-0.0102335,0.33,0.28,0.306,0.222
11186,2.8,0,0,0.3,0,1.9248,12.4375,-0.155307,0.000565874,0.00181703,0.99936,-0.0357235,2.62503,-8.83209,-0.0458946,0.000525698,-0.00110929,-0.0102193,0.296,0.326,0.262,0.254
11187,2.8,0,0,0.3,0,1.92743,12.4287,-0.155353,0.000565302,0.00181678,0.99936,-0.0357184,2.62512,-8.85209,-0.0458333,0.000557023,-0.0012148,-0.0100977,0.322,0.284,0.302,0.232
11188,2.8,0,0,0.3,0,1.93005,12.4198,-0.155399,0.000564666,0.00181655,0.99936,-0.0357134,2.62522,-8.87207,-0.0457721,0.000405446,-0.00128106,-0.00988924,0.308,0.31,0.278,0.242
11189,2.8,0,0,0.3,0,1.93268,12.4109,-0.155444,0.000564047,0.0018164,0.99936,-0.0357086,2.62531,-8.89203,-0.0457108,0.000369317,-0.00124141,-0.00944718,0.3,0.304,0.282,0.252
11190,2.8,0,0,0.3,0,1.9353,12.402,-0.15549,0.000563403,0.00181621,0.999361,-0.035704,2.62541,-8.91197,-0.0456496,0.000394381,-0.00131161,-0.00887227,0.322,0.284,0.306,0.228
11191,2.8,0,0,0.3,0,1.93793,12.393,-0.155536,0.000562779,0.00181607,0.999361,-0.0356998,2.6255,-8.9319,-0.0455884,0.00029311,-0.00119698,-0.00818186,0.29,0.324,0.264,0.26
11192,2.8,0,0,0.3,0,1.94055,12.3841,-0.155581,0.000562185,0.00181592,0.999361,-0.0356959,2.62559,-8.95181,-0.0455273,0.000388263,-0.00118856,-0.00747247,0.324,0.282,0.306,0.228
11193,2.8,0,0,0.3,0,1.94318,12.3751,-0.155627,0.000561669,0.00181577,0.999361,-0.0356924,2.62567,-8.9717,-0.0454662,0.000235948,-0.0008484,-0.00691305,0.3,0.322,0.268,0.25
11194,2.8,0,0,0.3,0,1.94581,12.3661,-0.155672,0.000561375,0.00181567,0.999361,-0.035689,2.62576,-8.99157,-0.045405,0.000276585,-0.000425818,-0.00641031,0.306,0.294,0.292,0.246
11195,2.8,0,0,0.3,0,1.94843,12.3571,-0.155717,0.000561267,0.00181551,0.999361,-0.0356859,2.62584,-9.01142,-0.045344,0.000338657,-7.39898e-06,-0.00600763,0.314,0.296,0.292,0.236
11196,2.8,0,0,0.3,0,1.95106,12.3481,-0.155763,0.00056144,0.00181531,0.999361,-0.0356831,2.62592,-9.03126,-0.0452829,0.000482933,0.00060775,-0.00554663,0.29,0.32,0.268,0.262
11197,2.8,0,0,0.3,0,1.95368,12.339,-0.155808,0.000561844,0.00181493,0.999361,-0.0356804,2.626,-9.05108,-0.0452219,0.000905912,0.000947059,-0.00509416,0.328,0.274,0.312,0.224
11198,2.8,0,0,0.3,0,1.95631,12.33,-0.155853,0.00056239,0.00181436,0.999362,-0.035678,2.62608,-9.07088,-0.0451609,0.00123221,0.00128303,-0.00476375,0.296,0.318,0.27,0.254
11199,2.8,0,0,0.3,0,1.95894,12.3209,-0.155898,0.000563064,0.00181356,0.999362,-0.0356757,2.62615,-9.09067,-0.0450999,0.00185343,0.00142536,-0.00451529,0.316,0.282,0.304,0.238
11200,2.8,0,0,0.3,0,1.96156,12.3118,-0.155943,0.000563765,0.00181246,0.999362,-0.0356735,2.62622,-9.11043,-0.045039,0.00233114,0.00155055,-0.00445706,0.31,0.304,0.284,0.24
11201,2.8,0,0,0.3,0,1.96419,12.3026,-0.155988,0.000564558,0.00181113,0.999362,-0.0356712,2.62629,-9.13018,-0.0449781,0.00282407,0.00174172,-0.00448581,0.3,0.31,0.276,0.254
11202,2.8,0,0,0.3,0,1.96681,12.2935,-0.156033,0.000565373,0.00180953,0.999362,-0.0356689,2.62636,-9.14991,-0.0449173,0.00333923,0.00173564,-0.00469025,0.328,0.284,0.302,0.226
11203,2.8,0,0,0.3,0,1.96944,12.2843,-0.156078,0.000566209,0.00180775,0.999362,-0.0356665,2.62643,-9.16963,-0.0448565,0.00362254,0.00182193,-0.00504493,0.298,0.32,0.266,0.254
11204,2.8,0,0,0.3,0,1.97207,12.2751,-0.156123,0.00056702,0.00180579,0.999362,-0.0356639,2.62649,-9.18932,-0.0447959,0.00404511,0.0016471,-0.00544249,0.326,0.276,0.31,0.228
11205,2.8,0,0,0.3,0,1.97469,12.2659,-0.156167,0.00056771,0.00180368,0.999362,-0.035661,2.62656,-9.209,-0.0447353,0.00423638,0.00145248,-0.00587975,0.308,0.31,0.278,0.244
11206,2.8,0,0,0.3,0,1.97732,12.2567,-0.156212,0.000568318,0.00180147,0.999362,-0.035658,2.62662,-9.22866,-0.0446747,0.00449337,0.00125421,-0.0062025,0.308,0.298,0.288,0.248
11207,2.8,0,0,0.3,0,1.97995,12.2474,-0.156257,0.000568782,0.00179916,0.999362,-0.0356548,2.62668,-9.2483,-0.0446143,0.00457614,0.000976434,-0.00652756,0.318,0.294,0.294,0.234
11208,2.8,0,0,0.3,0,1.98257,12.2382,-0.156301,0.000569162,0.00179691,0.999363,-0.0356515,2.62674,-9.26793,-0.0445539,0.00438487,0.000845733,-0.00683461,0.298,0.316,0.272,0.256
11209,2.8,0,0,0.3,0,1.9852,12.2289,-0.156346,0.000569435,0.00179475,0.999363,-0.035648,2.62679,-9.28753,-0.0444936,0.00418915,0.000550526,-0.00715717,0.324,0.28,0.306,0.23
11210,2.8,0,0,0.3,0,1.98783,12.2196,-0.15639,0.000569589,0.00179277,0.999363,-0.0356443,2.62685,-9.30712,-0.0444334,0.00374529,0.000376449,-0.00754779,0.302,0.316,0.272,0.25
11211,2.8,0,0,0.3,0,1.99045,12.2103,-0.156435,0.00056968,0.00179099,0.999363,-0.0356404,2.6269,-9.32669,-0.0443732,0.00341157,0.000195201,-0.00792653,0.314,0.288,0.298,0.24
11212,2.8,0,0,0.3,0,1.99308,12.2009,-0.156479,0.00056966,0.0017894,0.999363,-0.0356363,2.62695,-9.34625,-0.0443132,0.00295129,-1.84367e-05,-0.00839245,0.314,0.302,0.286,0.238
11213,2.8,0,0,0.3,0,1.99571,12.1915,-0.156523,0.000569576,0.00178807,0.999363,-0.035632,2.62699,-9.36578,-0.0442531,0.00248265,-0.000158378,-0.00884762,0.3,0.312,0.274,0.252
11214,2.8,0,0,0.3,0,1.99834,12.1822,-0.156567,0.000569381,0.00178694,0.999363,-0.0356274,2.62704,-9.3853,-0.0441932,0.00204326,-0.000461636,-0.00934915,0.324,0.286,0.3,0.228
11215,2.8,0,0,0.3,0,2.00096,12.1727,-0.156611,0.000569072,0.00178611,0.999364,-0.0356226,2.62708,-9.4048,-0.0441332,0.0014187,-0.000645527,-0.00987154,0.3,0.32,0.268,0.252
11216,2.8,0,0,0.3,0,2.00359,12.1633,-0.156656,0.000568686,0.00178554,0.999364,-0.0356176,2.62713,-9.42428,-0.0440733,0.000954555,-0.000851429,-0.0103101,0.318,0.288,0.298,0.234
11217,2.8,0,0,0.3,0,2.00622,12.1539,-0.1567,0.000568217,0.00178524,0.999364,-0.0356123,2.62717,-9.44375,-0.0440135,0.000363815,-0.00095009,-0.0107031,0.31,0.312,0.276,0.242
11218,2.8,0,0,0.3,0,2.00884,12.1444,-0.156744,0.000567773,0.00178522,0.999364,-0.0356069,2.6272,-9.46319,-0.0439536,-0.000130633,-0.000888953,-0.0109346,0.306,0.304,0.282,0.246
11219,2.8,0,0,0.3,0,2.01147,12.1349,-0.156787,0.000567337,0.00178542,0.999364,-0.0356014,2.62724,-9.48262,-0.0438938,-0.0005812,-0.00091138,-0.011078,0.32,0.296,0.292,0.232
11220,2.8,0,0,0.3,0,2.0141,12.1254,-0.156831,0.000566925,0.00178586,0.999364,-0.0355959,2.62727,-9.50203,-0.043834,-0.00105995,-0.000838657,-0.0110683,0.298,0.318,0.27,0.254
11221,2.8,0,0,0.3,0,2.01673,12.1159,-0.156875,0.00056654,0.00178649,0.999365,-0.0355904,2.62731,-9.52143,-0.0437742,-0.00136305,-0.000840478,-0.0109079,0.316,0.286,0.302,0.236
11222,2.8,0,0,0.3,0,2.01935,12.1064,-0.156919,0.00056618,0.00178729,0.999365,-0.035585,2.62734,-9.5408,-0.0437144,-0.00176668,-0.000733584,-0.0106548,0.302,0.314,0.274,0.25
11223,2.8,0,0,0.3,0,2.02198,12.0968,-0.156962,0.000565883,0.00178825,0.999365,-0.0355798,2.62737,-9.56016,-0.0436546,-0.00196814,-0.000674497,-0.0102459,0.31,0.296,0.29,0.244
11224,2.8,0,0,0.3,0,2.02461,12.0872,-0.157006,0.000565577,0.00178928,0.999365,-0.0355748,2.62739,-9.5795,-0.0435948,-0.00211217,-0.000720804,-0.00986211,0.314,0.3,0.288,0.238
11225,2.8,0,0,0.3,0,2.02723,12.0776,-0.15705,0.000565272,0.00179038,0.999365,-0.03557,2.62742,-9.59883,-0.043535,-0.00218825,-0.000699807,-0.00951935,0.302,0.312,0.274,0.25
11226,2.8,0,0,0.3,0,2.02986,12.068,-0.157093,0.000564922,0.00179146,0.999366,-0.0355653,2.62744,-9.61813,-0.0434751,-0.00212235,-0.000860815,-0.00926667,0.316,0.292,0.296,0.236
11227,2.8,0,0,0.3,0,2.03249,12.0584,-0.157136,0.000564526,0.00179254,0.999366,-0.0355607,2.62746,-9.63742,-0.0434153,-0.00212895,-0.000886574,-0.00909293,0.298,0.316,0.272,0.252
11228,2.8,0,0,0.3,0,2.03512,12.0487,-0.15718,0.000564109,0.00179357,0.999366,-0.0355562,2.62748,-9.65669,-0.0433555,-0.00194761,-0.000973878,-0.00889566,0.316,0.292,0.294,0.238
11229,2.8,0,0,0.3,0,2.03774,12.039,-0.157223,0.000563653,0.00179451,0.999366,-0.0355519,2.6275,-9.67595,-0.0432956,-0.00177674,-0.000971582,-0.0087291,0.312,0.306,0.282,0.24
11230,2.8,0,0,0.3,0,2.04037,12.0293,-0.157266,0.000563256,0.00179534,0.999366,-0.0355475,2.62751,-9.69518,-0.0432358,-0.00149018,-0.000795564,-0.00856338,0.308,0.306,0.282,0.244
11231,2.8,0,0,0.3,0,2.043,12.0196,-0.15731,0.000562906,0.00179599,0.999366,-0.0355433,2.62752,-9.7144,-0.0431759,-0.00113717,-0.000729974,-0.00842107,0.318,0.294,0.296,0.232
11232,2.8,0,0,0.3,0,2.04563,12.0099,-0.157353,0.000562606,0.00179649,0.999367,-0.0355392,2.62754,-9.7336,-0.0431161,-0.00084377,-0.000577994,-0.00823108,0.304,0.31,0.278,0.248
11233,2.8,0,0,0.3,0,2.04825,12.0001,-0.157396,0.000562381,0.00179682,0.999367,-0.0355351,2.62754,-9.75278,-0.0430563,-0.000480878,-0.000414461,-0.007937,0.316,0.29,0.298,0.236
11234,2.8,0,0,0.3,0,2.05088,11.9904,-0.157439,0.000562259,0.001797,0.999367,-0.0355313,2.62755,-9.77194,-0.0429965,-0.000315413,-0.000138208,-0.00759451,0.306,0.306,0.282,0.244
11235,2.8,0,0,0.3,0,2.05351,11.9806,-0.157482,0.000562284,0.00179713,0.999367,-0.0355276,2.62756,-9.79109,-0.0429367,-0.000206946,0.000144288,-0.00720611,0.31,0.3,0.286,0.244
11236,2.8,0,0,0.3,0,2.05614,11.9708,-0.157525,0.00056243,0.00179722,0.999367,-0.0355241,2.62756,-9.81021,-0.0428769,-0.000225294,0.00036359,-0.00687235,0.314,0.298,0.29,0.238
11237,2.8,0,0,0.3,0,2.05877,11.9609,-0.157567,0.000562682,0.00179736,0.999367,-0.0355207,2.62756,-9.82932,-0.0428172,-0.000365442,0.000562689,-0.00661754,0.304,0.306,0.282,0.248
11238,2.8,0,0,0.3,0,2.06139,11.9511,-0.15761,0.000563,0.00179757,0.999367,-0.0355175,2.62756,-9.84841,-0.0427574,-0.000517021,0.000645995,-0.00643006,0.314,0.296,0.292,0.238
11239,2.8,0,0,0.3,0,2.06402,11.9412,-0.157653,0.000563373,0.00179789,0.999367,-0.0355143,2.62756,-9.86749,-0.0426977,-0.000764706,0.000781678,-0.00629127,0.308,0.31,0.278,0.244
11240,2.8,0,0,0.3,0,2.06665,11.9313,-0.157695,0.000563805,0.0017983,0.999367,-0.0355112,2.62756,-9.88655,-0.042638,-0.000938674,0.00083085,-0.00618164,0.312,0.298,0.288,0.242
11241,2.8,0,0,0.3,0,2.06928,11.9214,-0.157738,0.000564236,0.00179881,0.999368,-0.0355081,2.62755,-9.90558,-0.0425783,-0.00113573,0.000805156,-0.00611979,0.312,0.3,0.286,0.24
11242,2.8,0,0,0.3,0,2.0719,11.9115,-0.15778,0.000564652,0.00179942,0.999368,-0.0355051,2.62754,-9.9246,-0.0425186,-0.00132876,0.000734033,-0.00602072,0.308,0.304,0.284,0.244
11243,2.8,0,0,0.3,0,2.07453,11.9016,-0.157823,0.000565011,0.00180011,0.999368,-0.0355021,2.62754,-9.94361,-0.0424589,-0.00149729,0.00060465,-0.005899,0.312,0.302,0.286,0.24
11244,2.8,0,0,0.3,0,2.07716,11.8916,-0.157865,0.000565319,0.0018009,0.999368,-0.0354992,2.62752,-9.96259,-0.0423992,-0.00167791,0.000510029,-0.0057796,0.304,0.306,0.282,0.248
11245,2.8,0,0,0.3,0,2.07979,11.8816,-0.157908,0.000565581,0.00180176,0.999368,-0.0354964,2.62751,-9.98156,-0.0423396,-0.00176598,0.000412671,-0.00563896,0.312,0.298,0.288,0.242
11246,2.8,0,0,0.3,0,2.08241,11.8716,-0.15795,0.000565819,0.00180265,0.999368,-0.0354936,2.6275,-10.0005,-0.0422799,-0.00179972,0.00040204,-0.00546876,0.31,0.302,0.286,0.242
11247,2.8,0,0,0.3,0,2.08504,11.8616,-0.157992,0.00056606,0.00180352,0.999368,-0.0354909,2.62748,-10.0194,-0.0422202,-0.00172328,0.000415645,-0.0052892,0.308,0.3,0.288,0.244
11248,2.8,0,0,0.3,0,2.08767,11.8516,-0.158034,0.000566305,0.00180434,0.999368,-0.0354883,2.62746,-10.0384,-0.0421606,-0.0016035,0.000433789,-0.00515297,0.31,0.3,0.286,0.242
11249,2.8,0,0,0.3,0,2.0903,11.8415,-0.158076,0.000566573,0.0018051,0.999368,-0.0354858,2.62744,-10.0573,-0.0421009,-0.00149973,0.000500581,-0.00507926,0.308,0.304,0.282,0.244
11250,2.8,0,0,0.3,0,2.09292,11.8314,-0.158118,0.000566865,0.0018058,0.999368,-0.0354832,2.62742,-10.0761,-0.0420412,-0.00135813,0.000537511,-0.00510964,0.308,0.304,0.284,0.244
11251,2.8,0,0,0.3,0,2.09555,11.8213,-0.15816,0.000567165,0.00180642,0.999369,-0.0354807,2.6274,-10.095,-0.0419816,-0.00115287,0.000561498,-0.00523583,0.308,0.306,0.282,0.244
11252,2.8,0,0,0.3,0,2.09818,11.8112,-0.158202,0.000567472,0.00180689,0.999369,-0.035478,2.62737,-10.1138,-0.0419219,-0.000823612,0.000571727,-0.00539513,0.31,0.302,0.286,0.242
11253,2.8,0,0,0.3,0,2.10081,11.8011,-0.158244,0.000567769,0.00180717,0.999369,-0.0354753,2.62734,-10.1327,-0.0418623,-0.000380631,0.00055456,-0.00557051,0.312,0.3,0.288,0.24
11254,2.8,0,0,0.3,0,2.10343,11.7909,-0.158286,0.000568055,0.0018072,0.999369,-0.0354724,2.62732,-10.1515,-0.0418026,0.000158881,0.000574912,-0.00576446,0.312,0.302,0.286,0.24
11255,2.8,0,0,0.3,0,2.10606,11.7808,-0.158328,0.000568361,0.00180694,0.999369,-0.0354695,2.62729,-10.1703,-0.041743,0.000766292,0.00065731,-0.00597223,0.312,0.302,0.284,0.24
11256,2.8,0,0,0.3,0,2.10869,11.7706,-0.158369,0.000568708,0.00180637,0.999369,-0.0354665,2.62725,-10.189,-0.0416835,0.00137313,0.000789067,-0.00619212,0.312,0.3,0.286,0.24
11257,2.8,0,0,0.3,0,2.11131,11.7604,-0.158411,0.000569122,0.00180551,0.999369,-0.0354633,2.62722,-10.2078,-0.041624,0.00194911,0.000945686,-0.00639563,0.308,0.304,0.284,0.244
11258,2.8,0,0,0.3,0,2.11394,11.7501,-0.158453,0.000569588,0.00180435,0.999369,-0.0354601,2.62718,-10.2265,-0.0415645,0.00250334,0.00103315,-0.00655263,0.312,0.3,0.286,0.242
11259,2.8,0,0,0.3,0,2.11657,11.7399,-0.158494,0.000570062,0.00180295,0.999369,-0.0354568,2.62714,-10.2452,-0.0415051,0.00297639,0.00102059,-0.00667469,0.314,0.298,0.288,0.24
11260,2.8,0,0,0.3,0,2.1192,11.7296,-0.158536,0.000570511,0.00180132,0.99937,-0.0354534,2.6271,-10.2639,-0.0414457,0.00338194,0.000970518,-0.00679729,0.31,0.298,0.29,0.244
11261,2.8,0,0,0.3,0,2.12182,11.7194,-0.158577,0.000570892,0.00179951,0.99937,-0.03545,2.62706,-10.2826,-0.0413864,0.00374007,0.000794512,-0.00694966,0.312,0.298,0.288,0.24
11262,2.8,0,0,0.3,0,2.12445,11.7091,-0.158618,0.00057117,0.00179755,0.99937,-0.0354465,2.62702,-10.3013,-0.0413272,0.00400568,0.000595462,-0.00713185,0.308,0.308,0.28,0.246
11263,2.8,0,0,0.3,0,2.12708,11.6987,-0.158659,0.000571353,0.00179548,0.99937,-0.0354429,2.62697,-10.3199,-0.041268,0.00418682,0.000429955,-0.00740065,0.316,0.296,0.29,0.236
11264,2.8,0,0,0.3,0,2.1297,11.6884,-0.158701,0.000571461,0.00179336,0.99937,-0.0354391,2.62693,-10.3386,-0.041209,0.00424556,0.000313174,-0.00777864,0.312,0.306,0.282,0.24
11265,2.8,0,0,0.3,0,2.13233,11.678,-0.158742,0.000571523,0.00179123,0.99937,-0.0354351,2.62688,-10.3572,-0.04115,0.00427191,0.000231785,-0.00818622,0.312,0.3,0.286,0.24
11266,2.8,0,0,0.3,0,2.13496,11.6677,-0.158783,0.000571555,0.0017891,0.99937,-0.0354309,2.62683,-10.3758,-0.041091,0.0042003,0.00019575,-0.00859071,0.316,0.294,0.294,0.236
11267,2.8,0,0,0.3,0,2.13758,11.6573,-0.158824,0.000571603,0.00178705,0.999371,-0.0354265,2.62678,-10.3943,-0.0410322,0.00401445,0.00026458,-0.00894004,0.306,0.304,0.284,0.246
11268,2.8,0,0,0.3,0,2.14021,11.6469,-0.158865,0.000571697,0.00178509,0.999371,-0.0354219,2.62672,-10.4129,-0.0409734,0.00377321,0.000335887,-0.00922019,0.316,0.298,0.29,0.236
11269,2.8,0,0,0.3,0,2.14284,11.6364,-0.158906,0.000571829,0.00178331,0.999371,-0.0354173,2.62667,-10.4314,-0.0409147,0.00334814,0.000414685,-0.0094867,0.312,0.31,0.278,0.24
11270,2.8,0,0,0.3,0,2.14546,11.626,-0.158947,0.000572017,0.00178177,0.999371,-0.0354125,2.62661,-10.45,-0.0408561,0.00283765,0.000502786,-0.00977249,0.316,0.3,0.288,0.236
11271,2.8,0,0,0.3,0,2.14809,11.6155,-0.158988,0.000572263,0.00178051,0.999371,-0.0354075,2.62655,-10.4685,-0.0407975,0.0022051,0.000621954,-0.0100525,0.312,0.302,0.286,0.238
11272,2.8,0,0,0.3,0,2.15072,11.605,-0.159028,0.000572595,0.00177959,0.999371,-0.0354024,2.62649,-10.487,-0.0407389,0.00149189,0.000775682,-0.0101941,0.308,0.304,0.282,0.244
11273,2.8,0,0,0.3,0,2.15334,11.5945,-0.159069,0.000572999,0.00177904,0.999372,-0.0353973,2.62642,-10.5054,-0.0406805,0.000711955,0.000870522,-0.010175,0.316,0.298,0.288,0.236
11274,2.8,0,0,0.3,0,2.15597,11.584,-0.15911,0.000573487,0.00177891,0.999372,-0.0353922,2.62636,-10.5239,-0.040622,-0.000163228,0.00104913,-0.0100501,0.304,0.312,0.276,0.248
11275,2.8,0,0,0.3,0,2.1586,11.5734,-0.15915,0.00057406,0.0017792,0.999372,-0.0353872,2.62629,-10.5423,-0.0405636,-0.00097571,0.00113599,-0.00986042,0.314,0.296,0.29,0.24
11276,2.8,0,0,0.3,0,2.16122,11.5629,-0.159191,0.000574659,0.00177989,0.999372,-0.0353823,2.62622,-10.5607,-0.0405051,-0.0018074,0.00113308,-0.00962278,0.308,0.308,0.28,0.244
11277,2.8,0,0,0.3,0,2.16385,11.5523,-0.159231,0.000575277,0.00178099,0.999372,-0.0353776,2.62615,-10.5791,-0.0404467,-0.00254975,0.00112555,-0.00931034,0.306,0.306,0.28,0.246
11278,2.8,0,0,0.3,0,2.16648,11.5417,-0.159271,0.000575881,0.00178243,0.999372,-0.035373,2.62608,-10.5975,-0.0403883,-0.00322699,0.0010716,-0.0089927,0.31,0.3,0.288,0.24
11279,2.8,0,0,0.3,0,2.1691,11.5311,-0.159312,0.0005765,0.0017842,0.999373,-0.0353686,2.62601,-10.6159,-0.0403299,-0.00382734,0.00113062,-0.00866819,0.302,0.312,0.276,0.248
11280,2.8,0,0,0.3,0,2.17173,11.5205,-0.159352,0.000577166,0.0017862,0.999373,-0.0353644,2.62593,-10.6342,-0.0402714,-0.00419029,0.00121814,-0.0083214,0.316,0.294,0.292,0.236
11281,2.8,0,0,0.3,0,2.17435,11.5098,-0.159392,0.000577896,0.00178833,0.999373,-0.0353603,2.62586,-10.6526,-0.0402129,-0.00441911,0.00136281,-0.00799471,0.306,0.312,0.276,0.246
11282,2.8,0,0,0.3,0,2.17698,11.4991,-0.159432,0.0005787,0.00179052,0.999373,-0.0353564,2.62578,-10.6709,-0.0401544,-0.00439643,0.00147112,-0.00766382,0.312,0.3,0.286,0.24
11283,2.8,0,0,0.3,0,2.1796,11.4884,-0.159473,0.000579514,0.00179265,0.999373,-0.0353526,2.6257,-10.6892,-0.0400958,-0.00427394,0.00145288,-0.00735818,0.312,0.302,0.286,0.24
11284,2.8,0,0,0.3,0,2.18223,11.4777,-0.159513,0.000580314,0.0017947,0.999373,-0.035349,2.62561,-10.7074,-0.0400372,-0.00406414,0.00142816,-0.00702874,0.306,0.306,0.28,0.248
11285,2.8,0,0,0.3,0,2.18486,11.467,-0.159553,0.000581078,0.00179662,0.999373,-0.0353455,2.62553,-10.7257,-0.0399786,-0.00375211,0.00133521,-0.00665656,0.316,0.294,0.294,0.236
11286,2.8,0,0,0.3,0,2.18748,11.4563,-0.159592,0.000581793,0.00179839,0.999373,-0.0353423,2.62544,-10.7439,-0.03992,-0.00346307,0.00126906,-0.00625449,0.304,0.31,0.278,0.248
11287,2.8,0,0,0.3,0,2.19011,11.4455,-0.159632,0.000582472,0.00179999,0.999374,-0.0353393,2.62536,-10.7621,-0.0398614,-0.00307982,0.00118718,-0.00585788,0.314,0.296,0.29,0.24
11288,2.8,0,0,0.3,0,2.19273,11.4347,-0.159672,0.000583095,0.00180141,0.999374,-0.0353365,2.62527,-10.7803,-0.0398027,-0.00276062,0.0011112,-0.00553875,0.308,0.308,0.28,0.244
11289,2.8,0,0,0.3,0,2.19536,11.4239,-0.159712,0.000583688,0.00180267,0.999374,-0.0353338,2.62517,-10.7985,-0.0397441,-0.0023831,0.0010341,-0.00527043,0.306,0.304,0.284,0.246
11290,2.8,0,0,0.3,0,2.19798,11.4131,-0.159752,0.000584187,0.00180372,0.999374,-0.0353312,2.62508,-10.8167,-0.0396854,-0.00194218,0.000832564,-0.00505909,0.318,0.296,0.29,0.234
11291,2.8,0,0,0.3,0,2.20061,11.4023,-0.159791,0.000584611,0.00180455,0.999374,-0.0353287,2.62499,-10.8348,-0.0396268,-0.00146762,0.000755614,-0.00486762,0.306,0.31,0.278,0.248
11292,2.8,0,0,0.3,0,2.20323,11.3914,-0.159831,0.000585,0.00180509,0.999374,-0.0353263,2.62489,-10.853,-0.0395681,-0.000847963,0.000704258,-0.00469372,0.316,0.294,0.294,0.236
11293,2.8,0,0,0.3,0,2.20586,11.3806,-0.15987,0.000585356,0.00180534,0.999374,-0.0353239,2.62479,-10.8711,-0.0395095,-0.000304191,0.000680843,-0.00454078,0.31,0.306,0.282,0.242
11294,2.8,0,0,0.3,0,2.20848,11.3697,-0.15991,0.000585687,0.00180532,0.999374,-0.0353217,2.62469,-10.8892,-0.0394509,0.000286086,0.000621731,-0.00436845,0.312,0.296,0.29,0.24
11295,2.8,0,0,0.3,0,2.21111,11.3588,-0.159949,0.000585982,0.001805,0.999374,-0.0353195,2.62459,-10.9072,-0.0393923,0.000846767,0.000615534,-0.0042362,0.312,0.3,0.288,0.24
11296,2.8,0,0,0.3,0,2.21373,11.3478,-0.159988,0.0005863,0.00180442,0.999374,-0.0353174,2.62449,-10.9253,-0.0393337,0.00135779,0.00071866,-0.00412562,0.306,0.306,0.282,0.246
11297,2.8,0,0,0.3,0,2.21635,11.3369,-0.160028,0.000586661,0.00180359,0.999375,-0.0353153,2.62438,-10.9433,-0.0392752,0.00181167,0.000821849,-0.00404767,0.318,0.294,0.294,0.234
11298,2.8,0,0,0.3,0,2.21898,11.3259,-0.160067,0.000587085,0.00180258,0.999375,-0.0353133,2.62428,-10.9613,-0.0392168,0.00208937,0.000995251,-0.00404944,0.308,0.31,0.276,0.244
11299,2.8,0,0,0.3,0,2.2216,11.3149,-0.160106,0.00058759,0.00180144,0.999375,-0.0353112,2.62417,-10.9794,-0.0391583,0.00234697,0.00112449,-0.00413243,0.316,0.298,0.288,0.238
11300,2.8,0,0,0.3,0,2.22423,11.3039,-0.160145,0.000588111,0.0018002,0.999375,-0.0353091,2.62406,-10.9973,-0.0391,0.00248939,0.00109787,-0.00429277,0.312,0.304,0.282,0.24
11301,2.8,0,0,0.3,0,2.22685,11.2929,-0.160184,0.000588579,0.0017989,0.999375,-0.0353069,2.62395,-11.0153,-0.0390417,0.00264814,0.000939556,-0.0044237,0.308,0.302,0.284,0.246
11302,2.8,0,0,0.3,0,2.22948,11.2819,-0.160223,0.000588931,0.0017975,0.999375,-0.0353047,2.62383,-11.0333,-0.0389834,0.00284109,0.00069605,-0.00449917,0.316,0.296,0.29,0.236
11303,2.8,0,0,0.3,0,2.2321,11.2708,-0.160262,0.000589185,0.00179604,0.999375,-0.0353025,2.62372,-11.0512,-0.0389253,0.00297703,0.000531381,-0.00449206,0.304,0.308,0.278,0.248
11304,2.8,0,0,0.3,0,2.23472,11.2598,-0.160301,0.000589337,0.00179449,0.999375,-0.0353003,2.6236,-11.0691,-0.0388671,0.00313179,0.000293328,-0.00446953,0.316,0.294,0.292,0.238
11305,2.8,0,0,0.3,0,2.23735,11.2487,-0.16034,0.000589375,0.00179291,0.999375,-0.035298,2.62348,-11.087,-0.0388091,0.00316284,0.000108846,-0.0045007,0.312,0.306,0.282,0.242
11306,2.8,0,0,0.3,0,2.23997,11.2376,-0.160379,0.000589339,0.00179132,0.999375,-0.0352957,2.62337,-11.1049,-0.0387511,0.00321152,-5.24914e-05,-0.00456501,0.312,0.3,0.286,0.242
11307,2.8,0,0,0.3,0,2.24259,11.2265,-0.160417,0.000589192,0.0017897,0.999375,-0.0352934,2.62324,-11.1228,-0.0386931,0.00325199,-0.00029482,-0.00470613,0.314,0.3,0.288,0.238
11308,2.8,0,0,0.3,0,2.24522,11.2153,-0.160456,0.000588916,0.00178807,0.999375,-0.0352909,2.62312,-11.1406,-0.0386352,0.00327569,-0.000561244,-0.00485957,0.306,0.306,0.28,0.246
11309,2.8,0,0,0.3,0,2.24784,11.2042,-0.160494,0.000588492,0.00178643,0.999375,-0.0352884,2.623,-11.1584,-0.0385774,0.0033155,-0.000869912,-0.00499515,0.316,0.294,0.294,0.236
11310,2.8,0,0,0.3,0,2.25046,11.193,-0.160533,0.000587944,0.00178481,0.999376,-0.0352859,2.62287,-11.1762,-0.0385197,0.00322566,-0.00106704,-0.00514139,0.31,0.304,0.284,0.242
11311,2.8,0,0,0.3,0,2.25308,11.1818,-0.160571,0.000587325,0.00178325,0.999376,-0.0352833,2.62274,-11.194,-0.038462,0.00309793,-0.00119084,-0.00531286,0.314,0.298,0.288,0.24
11312,2.8,0,0,0.3,0,2.25571,11.1706,-0.16061,0.000586678,0.00178179,0.999376,-0.0352806,2.62261,-11.2118,-0.0384044,0.00284108,-0.00119052,-0.00556196,0.314,0.302,0.286,0.238
11313,2.8,0,0,0.3,0,2.25833,11.1594,-0.160648,0.000586059,0.00178049,0.999376,-0.0352777,2.62248,-11.2296,-0.0383468,0.00249563,-0.0011318,-0.00585181,0.31,0.306,0.282,0.242
11314,2.8,0,0,0.3,0,2.26095,11.1481,-0.160687,0.000585455,0.00177936,0.999376,-0.0352747,2.62235,-11.2473,-0.0382893,0.00209945,-0.00113791,-0.00616428,0.314,0.3,0.288,0.238
11315,2.8,0,0,0.3,0,2.26357,11.1368,-0.160725,0.000584866,0.00177848,0.999376,-0.0352715,2.62222,-11.265,-0.0382319,0.00157601,-0.0011161,-0.00646783,0.306,0.31,0.276,0.246
11316,2.8,0,0,0.3,0,2.2662,11.1256,-0.160763,0.000584293,0.00177787,0.999376,-0.0352682,2.62208,-11.2827,-0.0381744,0.0009988,-0.00111992,-0.00673212,0.314,0.296,0.29,0.238
11317,2.8,0,0,0.3,0,2.26882,11.1143,-0.160801,0.000583739,0.00177757,0.999376,-0.0352648,2.62194,-11.3004,-0.0381171,0.000335683,-0.00107395,-0.00698823,0.306,0.304,0.284,0.246
11318,2.8,0,0,0.3,0,2.27144,11.1029,-0.160839,0.000583212,0.00177759,0.999376,-0.0352612,2.6218,-11.3181,-0.0380597,-0.000256436,-0.00107923,-0.00719622,0.306,0.306,0.282,0.246
11319,2.8,0,0,0.3,0,2.27406,11.0916,-0.160877,0.000582679,0.00177788,0.999377,-0.0352575,2.62166,-11.3357,-0.0380024,-0.000796927,-0.00110767,-0.00740992,0.312,0.302,0.284,0.24
11320,2.8,0,0,0.3,0,2.27668,11.0803,-0.160915,0.000582155,0.00177844,0.999377,-0.0352537,2.62152,-11.3534,-0.0379451,-0.0012712,-0.00108506,-0.00770552,0.306,0.31,0.278,0.244
11321,2.8,0,0,0.3,0,2.2793,11.0689,-0.160953,0.000581652,0.00177918,0.999377,-0.0352497,2.62138,-11.371,-0.0378878,-0.00157422,-0.00106659,-0.0080929,0.316,0.298,0.29,0.236
11322,2.8,0,0,0.3,0,2.28193,11.0575,-0.160991,0.000581188,0.00178005,0.999377,-0.0352456,2.62123,-11.3886,-0.0378305,-0.00181537,-0.000911312,-0.0085279,0.312,0.308,0.282,0.24
11323,2.8,0,0,0.3,0,2.28455,11.0461,-0.161029,0.000580846,0.00178101,0.999377,-0.0352412,2.62108,-11.4062,-0.0377731,-0.00196418,-0.000647658,-0.0089407,0.314,0.302,0.284,0.238
11324,2.8,0,0,0.3,0,2.28717,11.0347,-0.161066,0.000580662,0.00178204,0.999377,-0.0352366,2.62093,-11.4237,-0.0377158,-0.00212203,-0.00029489,-0.00932581,0.312,0.306,0.282,0.24
11325,2.8,0,0,0.3,0,2.28979,11.0232,-0.161104,0.000580652,0.00178315,0.999377,-0.0352319,2.62078,-11.4413,-0.0376586,-0.00228104,-1.17598e-05,-0.00961644,0.308,0.304,0.284,0.244
11326,2.8,0,0,0.3,0,2.29241,11.0118,-0.161141,0.000580743,0.00178432,0.999378,-0.0352271,2.62063,-11.4588,-0.0376013,-0.00240578,0.000161805,-0.00976671,0.314,0.298,0.288,0.24
11327,2.8,0,0,0.3,0,2.29503,11.0003,-0.161179,0.000580926,0.00178555,0.999378,-0.0352222,2.62048,-11.4763,-0.0375439,-0.00253428,0.000341736,-0.0097753,0.31,0.308,0.278,0.244
11328,2.8,0,0,0.3,0,2.29765,10.9888,-0.161217,0.000581191,0.00178684,0.999378,-0.0352173,2.62032,-11.4938,-0.0374866,-0.0026334,0.000452117,-0.0097094,0.312,0.302,0.284,0.24
11329,2.8,0,0,0.3,0,2.30027,10.9773,-0.161254,0.000581457,0.00178818,0.999378,-0.0352125,2.62016,-11.5113,-0.0374293,-0.00278533,0.00037301,-0.00965807,0.312,0.302,0.284,0.24
11330,2.8,0,0,0.3,0,2.30289,10.9658,-0.161291,0.000581658,0.00178961,0.999378,-0.0352077,2.62,-11.5287,-0.037372,-0.00291012,0.000205528,-0.00958543,0.31,0.304,0.284,0.242
11331,2.8,0,0,0.3,0,2.30551,10.9542,-0.161329,0.00058177,0.00179107,0.999378,-0.035203,2.61984,-11.5462,-0.0373147,-0.0029625,1.74939e-05,-0.00946781,0.312,0.302,0.286,0.24
11332,2.8,0,0,0.3,0,2.30813,10.9426,-0.161366,0.000581782,0.00179256,0.999379,-0.0351983,2.61968,-11.5636,-0.0372574,-0.00298044,-0.000174915,-0.00930521,0.308,0.308,0.28,0.242
11333,2.8,0,0,0.3,0,2.31075,10.9311,-0.161403,0.00058171,0.00179404,0.999379,-0.0351937,2.61952,-11.581,-0.0372,-0.00295143,-0.000331967,-0.00910914,0.312,0.304,0.284,0.24
11334,2.8,0,0,0.3,0,2.31337,10.9195,-0.16144,0.000581583,0.00179551,0.999379,-0.0351892,2.61935,-11.5984,-0.0371427,-0.00291656,-0.000377906,-0.00889473,0.312,0.304,0.282,0.24
11335,2.8,0,0,0.3,0,2.31599,10.9078,-0.161477,0.000581489,0.00179695,0.999379,-0.0351848,2.61918,-11.6157,-0.0370853,-0.0028092,-0.000244072,-0.00861713,0.314,0.3,0.286,0.24
11336,2.8,0,0,0.3,0,2.31861,10.8962,-0.161514,0.000581459,0.0017983,0.999379,-0.0351806,2.61901,-11.6331,-0.0370279,-0.00259317,-0.000110012,-0.00826511,0.314,0.302,0.284,0.238
11337,2.8,0,0,0.3,0,2.32123,10.8846,-0.161551,0.000581461,0.00179951,0.999379,-0.0351766,2.61884,-11.6504,-0.0369706,-0.00229104,-0.000109774,-0.00783672,0.31,0.306,0.28,0.244
11338,2.8,0,0,0.3,0,2.32384,10.8729,-0.161588,0.000581419,0.00180056,0.999379,-0.0351729,2.61867,-11.6677,-0.0369132,-0.00195657,-0.000232614,-0.00735083,0.31,0.302,0.286,0.242
11339,2.8,0,0,0.3,0,2.32646,10.8612,-0.161625,0.000581277,0.00180146,0.99938,-0.0351694,2.61849,-11.685,-0.0368558,-0.00165079,-0.000453448,-0.0068093,0.31,0.304,0.284,0.242
11340,2.8,0,0,0.3,0,2.32908,10.8495,-0.161662,0.00058102,0.00180219,0.99938,-0.0351661,2.61832,-11.7023,-0.0367985,-0.00129149,-0.000664333,-0.00620814,0.312,0.302,0.286,0.24
11341,2.8,0,0,0.3,0,2.3317,10.8378,-0.161699,0.000580675,0.00180273,0.99938,-0.0351632,2.61814,-11.7195,-0.0367411,-0.000850399,-0.000777543,-0.0056124,0.314,0.302,0.286,0.238
11342,2.8,0,0,0.3,0,2.33432,10.8261,-0.161735,0.000580283,0.00180303,0.99938,-0.0351606,2.61796,-11.7368,-0.0366838,-0.000340453,-0.0008331,-0.00504839,0.312,0.304,0.282,0.242
11343,2.8,0,0,0.3,0,2.33693,10.8143,-0.161772,0.000579866,0.00180306,0.99938,-0.0351582,2.61778,-11.754,-0.0366265,0.000199517,-0.000860128,-0.00452066,0.31,0.3,0.288,0.242
11344,2.8,0,0,0.3,0,2.33955,10.8025,-0.161809,0.000579415,0.00180283,0.99938,-0.0351561,2.6176,-11.7712,-0.0365692,0.000696676,-0.000925922,-0.00401826,0.308,0.304,0.284,0.244
11345,2.8,0,0,0.3,0,2.34217,10.7907,-0.161845,0.000578916,0.00180236,0.99938,-0.0351542,2.61742,-11.7884,-0.0365119,0.00118384,-0.000990496,-0.00350315,0.314,0.3,0.286,0.24
11346,2.8,0,0,0.3,0,2.34479,10.7789,-0.161881,0.000578413,0.00180165,0.99938,-0.0351526,2.61723,-11.8055,-0.0364547,0.00166327,-0.000920061,-0.00303927,0.312,0.3,0.286,0.24
11347,2.8,0,0,0.3,0,2.3474,10.7671,-0.161918,0.000577969,0.00180069,0.99938,-0.0351512,2.61705,-11.8227,-0.0363975,0.00216337,-0.000753693,-0.00267444,0.31,0.304,0.284,0.242
11348,2.8,0,0,0.3,0,2.35002,10.7553,-0.161954,0.000577579,0.00179948,0.99938,-0.03515,2.61686,-11.8398,-0.0363404,0.00264702,-0.000656803,-0.00237889,0.314,0.296,0.292,0.238
11349,2.8,0,0,0.3,0,2.35264,10.7434,-0.161991,0.000577212,0.00179806,0.99938,-0.0351489,2.61667,-11.8569,-0.0362834,0.00301881,-0.000626488,-0.00214527,0.316,0.3,0.288,0.236
11350,2.8,0,0,0.3,0,2.35525,10.7315,-0.162027,0.000576867,0.00179648,0.99938,-0.0351478,2.61648,-11.874,-0.0362264,0.00329552,-0.000534327,-0.00199384,0.308,0.302,0.286,0.244
11351,2.8,0,0,0.3,0,2.35787,10.7196,-0.162063,0.00057658,0.0017948,0.99938,-0.0351468,2.61629,-11.8911,-0.0361694,0.00340629,-0.00039736,-0.00195936,0.308,0.302,0.286,0.244
11352,2.8,0,0,0.3,0,2.36049,10.7077,-0.162099,0.000576372,0.00179313,0.99938,-0.0351459,2.61609,-11.9082,-0.0361126,0.00331685,-0.000223555,-0.00199492,0.306,0.304,0.284,0.246
11353,2.8,0,0,0.3,0,2.3631,10.6958,-0.162135,0.000576242,0.00179152,0.99938,-0.0351449,2.6159,-11.9252,-0.0360558,0.0031454,-9.93913e-05,-0.00211195,0.312,0.3,0.288,0.24
11354,2.8,0,0,0.3,0,2.36572,10.6839,-0.162171,0.000576171,0.00179,0.999381,-0.0351437,2.6157,-11.9423,-0.035999,0.00297078,-3.43654e-06,-0.00236595,0.312,0.3,0.286,0.24
11355,2.8,0,0,0.3,0,2.36833,10.6719,-0.162207,0.000576136,0.00178855,0.999381,-0.0351425,2.6155,-11.9593,-0.0359424,0.00284572,4.4109e-05,-0.00277055,0.314,0.302,0.284,0.238
11356,2.8,0,0,0.3,0,2.37095,10.6599,-0.162243,0.000576122,0.00178717,0.999381,-0.0351409,2.6153,-11.9763,-0.0358858,0.00268295,8.1257e-05,-0.00332985,0.312,0.302,0.284,0.24
11357,2.8,0,0,0.3,0,2.37356,10.6479,-0.162279,0.000576118,0.00178589,0.999381,-0.0351391,2.6151,-11.9932,-0.0358292,0.00242478,5.30969e-05,-0.00399194,0.314,0.304,0.284,0.238
11358,2.8,0,0,0.3,0,2.37618,10.6359,-0.162315,0.000576076,0.00178477,0.999381,-0.0351369,2.6149,-12.0102,-0.0357727,0.00211002,-7.01303e-05,-0.00467418,0.312,0.306,0.28,0.24
11359,2.8,0,0,0.3,0,2.37879,10.6239,-0.16235,0.000575986,0.00178381,0.999381,-0.0351344,2.61469,-12.0271,-0.0357163,0.00176032,-0.000149763,-0.0053238,0.31,0.304,0.284,0.242
11360,2.8,0,0,0.3,0,2.38141,10.6119,-0.162386,0.000575863,0.00178304,0.999381,-0.0351316,2.61449,-12.0441,-0.0356599,0.00138698,-0.000249952,-0.00589039,0.314,0.298,0.288,0.238
11361,2.8,0,0,0.3,0,2.38402,10.5998,-0.162421,0.000575687,0.00178246,0.999381,-0.0351285,2.61428,-12.061,-0.0356035,0.000988628,-0.000385054,-0.00633695,0.314,0.302,0.286,0.238
11362,2.8,0,0,0.3,0,2.38664,10.5877,-0.162457,0.000575463,0.00178209,0.999381,-0.0351252,2.61407,-12.0778,-0.0355472,0.000560917,-0.000472688,-0.00671032,0.31,0.304,0.284,0.242
11363,2.8,0,0,0.3,0,2.38925,10.5756,-0.162493,0.000575203,0.00178196,0.999381,-0.0351218,2.61386,-12.0947,-0.0354909,3.66578e-05,-0.000564515,-0.00707414,0.31,0.306,0.28,0.242
11364,2.8,0,0,0.3,0,2.39186,10.5635,-0.162528,0.000574913,0.00178212,0.999381,-0.0351182,2.61365,-12.1116,-0.0354347,-0.000587479,-0.000634897,-0.00742283,0.308,0.308,0.28,0.244
11365,2.8,0,0,0.3,0,2.39448,10.5514,-0.162563,0.00057461,0.0017826,0.999382,-0.0351144,2.61343,-12.1284,-0.0353784,-0.00119933,-0.00065737,-0.00775631,0.312,0.304,0.284,0.24
11366,2.8,0,0,0.3,0,2.39709,10.5392,-0.162599,0.000574334,0.00178336,0.999382,-0.0351104,2.61322,-12.1452,-0.0353222,-0.00171656,-0.000568804,-0.0080627,0.308,0.304,0.284,0.244
11367,2.8,0,0,0.3,0,2.3997,10.5271,-0.162634,0.00057412,0.00178433,0.999382,-0.0351063,2.613,-12.162,-0.035266,-0.00209243,-0.000477452,-0.0083309,0.31,0.3,0.286,0.242
11368,2.8,0,0,0.3,0,2.40232,10.5149,-0.162669,0.000573937,0.00178547,0.999382,-0.0351021,2.61278,-12.1788,-0.0352098,-0.0023797,-0.000450585,-0.00858419,0.314,0.302,0.286,0.238
11369,2.8,0,0,0.3,0,2.40493,10.5027,-0.162704,0.000573761,0.00178673,0.999382,-0.0350977,2.61256,-12.1956,-0.0351536,-0.00259194,-0.0004555,-0.0088733,0.31,0.306,0.282,0.242
11370,2.8,0,0,0.3,0,2.40754,10.4905,-0.162739,0.000573583,0.00178807,0.999382,-0.0350932,2.61234,-12.2123,-0.0350974,-0.00272613,-0.000469783,-0.00924989,0.312,0.306,0.282,0.242
11371,2.8,0,0,0.3,0,2.41015,10.4783,-0.162774,0.000573401,0.00178947,0.999382,-0.0350885,2.61212,-12.229,-0.0350411,-0.00282937,-0.000484414,-0.00965723,0.312,0.306,0.282,0.24
11372,2.8,0,0,0.3,0,2.41277,10.466,-0.162809,0.000573199,0.0017909,0.999383,-0.0350836,2.6119,-12.2457,-0.0349849,-0.00287741,-0.000553858,-0.0100297,0.314,0.304,0.282,0.24
11373,2.8,0,0,0.3,0,2.41538,10.4538,-0.162844,0.000572964,0.00179234,0.999383,-0.0350785,2.61167,-12.2624,-0.0349286,-0.00285174,-0.000602742,-0.0103348,0.312,0.304,0.284,0.24
11374,2.8,0,0,0.3,0,2.41799,10.4415,-0.162879,0.000572715,0.00179376,0.999383,-0.0350733,2.61144,-12.2791,-0.0348724,-0.00277155,-0.000639607,-0.0105424,0.312,0.31,0.278,0.24
11375,2.8,0,0,0.3,0,2.4206,10.4292,-0.162914,0.000572441,0.00179512,0.999383,-0.035068,2.61121,-12.2958,-0.0348161,-0.00265158,-0.000661793,-0.0106454,0.312,0.306,0.282,0.24
11376,2.8,0,0,0.3,0,2.42321,10.4169,-0.162949,0.00057218,0.00179641,0.999383,-0.0350627,2.61098,-12.3124,-0.0347599,-0.00247553,-0.000600075,-0.0106452,0.314,0.306,0.282,0.238
11377,2.8,0,0,0.3,0,2.42582,10.4045,-0.162983,0.000571967,0.00179757,0.999384,-0.0350574,2.61075,-12.329,-0.0347036,-0.00215099,-0.00045541,-0.0104898,0.31,0.306,0.282,0.24
11378,2.8,0,0,0.3,0,2.42843,10.3922,-0.163018,0.000571841,0.00179851,0.999384,-0.0350522,2.61052,-12.3456,-0.0346473,-0.00165336,-0.000252511,-0.0101496,0.314,0.298,0.288,0.238
11379,2.8,0,0,0.3,0,2.43104,10.3798,-0.163053,0.0005718,0.00179917,0.999384,-0.0350473,2.61028,-12.3622,-0.0345911,-0.00104685,-5.32049e-05,-0.00961989,0.316,0.304,0.284,0.236
11380,2.8,0,0,0.3,0,2.43365,10.3675,-0.163087,0.00057185,0.0017995,0.999384,-0.0350427,2.61005,-12.3788,-0.0345348,-0.000372729,0.000130418,-0.00893931,0.314,0.302,0.284,0.238
11381,2.8,0,0,0.3,0,2.43626,10.3551,-0.163122,0.000571952,0.0017995,0.999384,-0.0350385,2.60981,-12.3954,-0.0344786,0.000261777,0.000227505,-0.00819413,0.312,0.304,0.284,0.24
11382,2.8,0,0,0.3,0,2.43887,10.3426,-0.163156,0.000572098,0.00179921,0.999384,-0.0350346,2.60957,-12.4119,-0.0344225,0.000801193,0.000348427,-0.00735964,0.308,0.306,0.282,0.244
11383,2.8,0,0,0.3,0,2.44148,10.3302,-0.163191,0.000572291,0.00179866,0.999384,-0.0350312,2.60933,-12.4284,-0.0343663,0.00127358,0.000459633,-0.00641506,0.31,0.298,0.29,0.242
11384,2.8,0,0,0.3,0,2.44409,10.3178,-0.163225,0.000572532,0.0017979,0.999385,-0.0350283,2.60908,-12.4449,-0.0343102,0.00169904,0.000578639,-0.00539824,0.31,0.304,0.284,0.24
11385,2.8,0,0,0.3,0,2.4467,10.3053,-0.163259,0.000572825,0.00179691,0.999385,-0.0350259,2.60884,-12.4614,-0.0342542,0.00216665,0.000693009,-0.00436671,0.316,0.296,0.292,0.236
11386,2.8,0,0,0.3,0,2.44931,10.2928,-0.163293,0.00057317,0.00179568,0.999385,-0.035024,2.60859,-12.4779,-0.0341982,0.00262571,0.000833571,-0.00343892,0.314,0.3,0.286,0.238
11387,2.8,0,0,0.3,0,2.45191,10.2803,-0.163327,0.000573576,0.00179423,0.999385,-0.0350225,2.60835,-12.4943,-0.0341422,0.00304858,0.0009467,-0.00263752,0.312,0.302,0.286,0.24
11388,2.8,0,0,0.3,0,2.45452,10.2678,-0.163362,0.000573991,0.0017926,0.999385,-0.0350214,2.6081,-12.5107,-0.0340864,0.00333058,0.000922638,-0.00195488,0.316,0.296,0.29,0.238
11389,2.8,0,0,0.3,0,2.45713,10.2553,-0.163396,0.000574385,0.00179089,0.999385,-0.0350206,2.60785,-12.5271,-0.0340306,0.00341173,0.000884173,-0.00136389,0.308,0.308,0.28,0.244
11390,2.8,0,0,0.3,0,2.45974,10.2428,-0.16343,0.000574742,0.00178918,0.999385,-0.0350201,2.6076,-12.5435,-0.0339748,0.00337007,0.000768981,-0.000847337,0.314,0.296,0.292,0.24
11391,2.8,0,0,0.3,0,2.46235,10.2302,-0.163463,0.000575018,0.00178754,0.999385,-0.0350198,2.60735,-12.5599,-0.0339192,0.00314065,0.000584871,-0.000430758,0.308,0.304,0.284,0.244
11392,2.8,0,0,0.3,0,2.46495,10.2176,-0.163497,0.000575209,0.00178605,0.999385,-0.0350197,2.60709,-12.5763,-0.0338636,0.00284188,0.000409859,-7.73653e-05,0.31,0.298,0.288,0.242
11393,2.8,0,0,0.3,0,2.46756,10.205,-0.163531,0.000575322,0.00178472,0.999385,-0.0350197,2.60684,-12.5926,-0.033808,0.0024793,0.000265399,0.000158525,0.316,0.298,0.288,0.238
11394,2.8,0,0,0.3,0,2.47017,10.1924,-0.163565,0.000575396,0.00178359,0.999385,-0.0350198,2.60658,-12.6089,-0.0337526,0.00206935,0.000179521,0.00023678,0.308,0.308,0.28,0.244
11395,2.8,0,0,0.3,0,2.47277,10.1798,-0.163599,0.000575394,0.00178267,0.999385,-0.0350199,2.60632,-12.6252,-0.0336971,0.00164044,-4.97574e-05,0.00014311,0.318,0.296,0.292,0.234
11396,2.8,0,0,0.3,0,2.47538,10.1672,-0.163632,0.000575285,0.00178201,0.999385,-0.0350199,2.60606,-12.6415,-0.0336417,0.00106205,-0.00025006,-9.24414e-05,0.306,0.312,0.276,0.246
11397,2.8,0,0,0.3,0,2.47798,10.1545,-0.163666,0.000575115,0.00178166,0.999385,-0.0350198,2.6058,-12.6578,-0.0335864,0.000461505,-0.000362271,-0.000380585,0.312,0.298,0.29,0.24
11398,2.8,0,0,0.3,0,2.48059,10.1418,-0.163699,0.000574903,0.00178162,0.999385,-0.0350195,2.60554,-12.6741,-0.0335311,-0.000235546,-0.000448645,-0.00071496,0.31,0.306,0.282,0.242
11399,2.8,0,0,0.3,0,2.4832,10.1291,-0.163733,0.000574712,0.00178194,0.999385,-0.0350191,2.60528,-12.6903,-0.0334758,-0.000911084,-0.000366123,-0.00105166,0.306,0.308,0.28,0.246
11400,2.8,0,0,0.3,0,2.4858,10.1164,-0.163766,0.00057457,0.00178258,0.999385,-0.0350184,2.60501,-12.7065,-0.0334206,-0.00153399,-0.000293946,-0.00142871,0.314,0.298,0.29,0.238
11401,2.8,0,0,0.3,0,2.4884,10.1037,-0.1638,0.000574497,0.00178353,0.999385,-0.0350176,2.60474,-12.7227,-0.0333653,-0.00216569,-0.000149779,-0.00184687,0.304,0.314,0.276,0.246
11402,2.8,0,0,0.3,0,2.49101,10.091,-0.163833,0.000574506,0.00178476,0.999385,-0.0350166,2.60448,-12.7389,-0.0333101,-0.00268153,-2.5956e-06,-0.00229389,0.314,0.294,0.294,0.238
11403,2.8,0,0,0.3,0,2.49361,10.0782,-0.163866,0.000574638,0.00178624,0.999385,-0.0350153,2.60421,-12.7551,-0.0332548,-0.0031854,0.000307154,-0.0028055,0.306,0.31,0.278,0.244
11404,2.8,0,0,0.3,0,2.49622,10.0654,-0.163899,0.000574971,0.00178793,0.999385,-0.0350137,2.60394,-12.7712,-0.0331996,-0.00352575,0.000703212,-0.00332605,0.312,0.304,0.284,0.24
11405,2.8,0,0,0.3,0,2.49882,10.0526,-0.163933,0.000575465,0.00178974,0.999385,-0.0350119,2.60367,-12.7873,-0.0331443,-0.00379119,0.000960776,-0.0039008,0.316,0.306,0.282,0.236
11406,2.8,0,0,0.3,0,2.50142,10.0398,-0.163966,0.000576083,0.00179169,0.999385,-0.0350098,2.60339,-12.8035,-0.033089,-0.00400694,0.00116021,-0.00451771,0.304,0.316,0.272,0.25
11407,2.8,0,0,0.3,0,2.50403,10.027,-0.163999,0.000576739,0.0017937,0.999385,-0.0350074,2.60312,-12.8196,-0.0330337,-0.00414198,0.00113402,-0.00511747,0.318,0.296,0.29,0.234
11408,2.8,0,0,0.3,0,2.50663,10.0142,-0.164032,0.000577361,0.0017958,0.999385,-0.0350047,2.60284,-12.8356,-0.0329784,-0.00431338,0.0010457,-0.0056363,0.306,0.316,0.272,0.246
11409,2.8,0,0,0.3,0,2.50923,10.0013,-0.164065,0.000577906,0.00179794,0.999385,-0.0350018,2.60256,-12.8517,-0.032923,-0.00426478,0.000799054,-0.00602181,0.318,0.294,0.292,0.236
11410,2.8,0,0,0.3,0,2.51184,9.98847,-0.164097,0.000578293,0.00180001,0.999386,-0.0349987,2.60229,-12.8677,-0.0328677,-0.0040979,0.000488243,-0.00631345,0.312,0.31,0.278,0.242
11411,2.8,0,0,0.3,0,2.51444,9.97558,-0.16413,0.000578536,0.00180196,0.999386,-0.0349955,2.60201,-12.8838,-0.0328123,-0.00374616,0.000199743,-0.0064545,0.306,0.308,0.278,0.248
11412,2.8,0,0,0.3,0,2.51704,9.96268,-0.164163,0.000578583,0.00180371,0.999386,-0.0349922,2.60172,-12.8998,-0.0327569,-0.00330842,-0.000219741,-0.00652446,0.318,0.294,0.294,0.234
11413,2.8,0,0,0.3,0,2.51964,9.94977,-0.164196,0.000578455,0.00180526,0.999386,-0.034989,2.60144,-12.9158,-0.0327015,-0.00291018,-0.000478158,-0.00655211,0.306,0.316,0.272,0.246
11414,2.8,0,0,0.3,0,2.52224,9.93684,-0.164228,0.000578191,0.00180657,0.999386,-0.0349857,2.60116,-12.9317,-0.0326461,-0.00236769,-0.000745032,-0.00656204,0.324,0.292,0.294,0.23
11415,2.8,0,0,0.3,0,2.52484,9.92389,-0.164261,0.000577824,0.00180763,0.999386,-0.0349824,2.60087,-12.9477,-0.0325907,-0.00188206,-0.000846701,-0.00663367,0.306,0.316,0.272,0.246
11416,2.8,0,0,0.3,0,2.52744,9.91093,-0.164293,0.00057744,0.00180842,0.999386,-0.0349791,2.60058,-12.9636,-0.0325353,-0.00127808,-0.000836181,-0.0066632,0.312,0.3,0.288,0.24
11417,2.8,0,0,0.3,0,2.53004,9.89795,-0.164326,0.000577044,0.0018089,0.999386,-0.0349758,2.60029,-12.9796,-0.0324799,-0.000699809,-0.00080655,-0.00662076,0.316,0.304,0.284,0.236
11418,2.8,0,0,0.3,0,2.53264,9.88495,-0.164358,0.000576692,0.0018091,0.999386,-0.0349725,2.6,-12.9955,-0.0324245,-8.08034e-05,-0.000672859,-0.00645655,0.306,0.312,0.276,0.246
11419,2.8,0,0,0.3,0,2.53524,9.87194,-0.164391,0.000576364,0.00180894,0.999387,-0.0349694,2.59971,-13.0114,-0.0323692,0.0006508,-0.000655863,-0.00624075,0.326,0.286,0.3,0.226
11420,2.8,0,0,0.3,0,2.53784,9.85891,-0.164423,0.000576046,0.00180845,0.999387,-0.0349663,2.59942,-13.0272,-0.0323139,0.00129331,-0.000570409,-0.00599886,0.306,0.316,0.272,0.246
11421,2.8,0,0,0.3,0,2.54044,9.84587,-0.164455,0.000575738,0.0018076,0.999387,-0.0349634,2.59913,-13.0431,-0.0322586,0.0020298,-0.000608743,-0.00569513,0.322,0.288,0.298,0.232
11422,2.8,0,0,0.3,0,2.54304,9.83281,-0.164487,0.000575365,0.00180644,0.999387,-0.0349607,2.59883,-13.0589,-0.0322034,0.00256369,-0.00070937,-0.00540312,0.312,0.312,0.276,0.24
11423,2.8,0,0,0.3,0,2.54564,9.81974,-0.16452,0.000574936,0.00180504,0.999387,-0.0349581,2.59853,-13.0747,-0.0321483,0.00303417,-0.000848803,-0.00503934,0.308,0.308,0.278,0.246
11424,2.8,0,0,0.3,0,2.54824,9.80665,-0.164552,0.000574392,0.00180343,0.999387,-0.0349557,2.59824,-13.0905,-0.0320932,0.00338012,-0.00106915,-0.00466029,0.322,0.294,0.294,0.23
11425,2.8,0,0,0.3,0,2.55084,9.79354,-0.164584,0.000573783,0.00180171,0.999387,-0.0349535,2.59794,-13.1063,-0.0320382,0.00354265,-0.00112116,-0.00422252,0.302,0.316,0.27,0.252
11426,2.8,0,0,0.3,0,2.55343,9.78042,-0.164616,0.000573119,0.00179989,0.999387,-0.0349515,2.59764,-13.1221,-0.0319832,0.00379544,-0.00129286,-0.00369565,0.324,0.288,0.298,0.23
11427,2.8,0,0,0.3,0,2.55603,9.76728,-0.164648,0.000572382,0.00179799,0.999387,-0.0349498,2.59733,-13.1378,-0.0319283,0.00389455,-0.00135383,-0.00313307,0.304,0.314,0.274,0.246
11428,2.8,0,0,0.3,0,2.55863,9.75412,-0.16468,0.000571612,0.00179601,0.999387,-0.0349484,2.59703,-13.1536,-0.0318735,0.00410391,-0.00147669,-0.00249942,0.314,0.29,0.296,0.24
11429,2.8,0,0,0.3,0,2.56122,9.74096,-0.164711,0.000570768,0.00179394,0.999387,-0.0349474,2.59673,-13.1693,-0.0318188,0.00425509,-0.00156525,-0.00187102,0.316,0.3,0.288,0.236
11430,2.8,0,0,0.3,0,2.56382,9.72777,-0.164743,0.000569927,0.00179181,0.999387,-0.0349467,2.59642,-13.185,-0.0317641,0.00436644,-0.00152112,-0.00123537,0.304,0.31,0.276,0.248
11431,2.8,0,0,0.3,0,2.56642,9.71457,-0.164775,0.000569061,0.00178963,0.999387,-0.0349462,2.59611,-13.2007,-0.0317096,0.00442861,-0.0016215,-0.000713725,0.324,0.288,0.3,0.228
11432,2.8,0,0,0.3,0,2.56901,9.70135,-0.164807,0.000568171,0.0017875,0.999387,-0.034946,2.5958,-13.2163,-0.0316551,0.00420742,-0.001624,-0.00034065,0.302,0.316,0.272,0.25
11433,2.8,0,0,0.3,0,2.57161,9.68812,-0.164838,0.000567283,0.00178549,0.999387,-0.034946,2.59549,-13.232,-0.0316007,0.00397684,-0.00165218,-3.55924e-05,0.318,0.286,0.3,0.236
11434,2.8,0,0,0.3,0,2.5742,9.67487,-0.16487,0.000566384,0.00178366,0.999387,-0.0349461,2.59518,-13.2476,-0.0315463,0.00350715,-0.00166299,0.000179263,0.306,0.31,0.278,0.244
11435,2.8,0,0,0.3,0,2.5768,9.66161,-0.164901,0.000565498,0.00178208,0.999387,-0.0349462,2.59487,-13.2632,-0.031492,0.00301067,-0.00169399,0.000380827,0.306,0.304,0.282,0.246
11436,2.8,0,0,0.3,0,2.57939,9.64833,-0.164933,0.000564556,0.00178076,0.999387,-0.0349465,2.59456,-13.2788,-0.0314378,0.00241702,-0.00185434,0.000461209,0.32,0.298,0.29,0.23
11437,2.8,0,0,0.3,0,2.58199,9.63504,-0.164964,0.000563594,0.00177979,0.999388,-0.0349467,2.59424,-13.2944,-0.0313837,0.00170572,-0.00184115,0.00042615,0.304,0.316,0.272,0.248
11438,2.8,0,0,0.3,0,2.58458,9.62173,-0.164995,0.000562633,0.00177914,0.999388,-0.0349469,2.59392,-13.3099,-0.0313296,0.00110557,-0.00191111,0.000304605,0.322,0.288,0.3,0.23
11439,2.8,0,0,0.3,0,2.58717,9.6084,-0.165027,0.000561692,0.00177882,0.999388,-0.034947,2.59361,-13.3255,-0.0312755,0.000361077,-0.00176529,0.000153637,0.304,0.316,0.272,0.248
11440,2.8,0,0,0.3,0,2.58977,9.59506,-0.165058,0.000560881,0.00177886,0.999388,-0.0349471,2.59329,-13.341,-0.0312215,-0.000304599,-0.00153425,7.80533e-05,0.314,0.296,0.29,0.238
11441,2.8,0,0,0.3,0,2.59236,9.58171,-0.165089,0.000560172,0.00177925,0.999388,-0.0349471,2.59297,-13.3565,-0.0311675,-0.00107548,-0.00136658,-1.87503e-05,0.312,0.304,0.286,0.238
11442,2.8,0,0,0.3,0,2.59495,9.56833,-0.16512,0.000559565,0.00178003,0.999388,-0.0349471,2.59265,-13.372,-0.0311135,-0.0018432,-0.00121029,-0.000101088,0.304,0.306,0.282,0.246
11443,2.8,0,0,0.3,0,2.59755,9.55495,-0.165151,0.000559024,0.00178116,0.999388,-0.034947,2.59232,-13.3875,-0.0310595,-0.00254523,-0.00111778,-0.000197414,0.318,0.294,0.294,0.232
11444,2.8,0,0,0.3,0,2.60014,9.54154,-0.165182,0.000558595,0.00178267,0.999388,-0.0349468,2.592,-13.4029,-0.0310056,-0.00331873,-0.000814503,-0.000324629,0.296,0.32,0.268,0.256
11445,2.8,0,0,0.3,0,2.60273,9.52812,-0.165213,0.000558342,0.00178453,0.999388,-0.0349466,2.59168,-13.4184,-0.0309516,-0.00397175,-0.000521252,-0.000497878,0.314,0.296,0.292,0.24
11446,2.8,0,0,0.3,0,2.60532,9.51469,-0.165244,0.000558234,0.00178672,0.999388,-0.0349463,2.59135,-13.4338,-0.0308976,-0.00468867,-0.000253195,-0.000762627,0.306,0.314,0.274,0.246
11447,2.8,0,0,0.3,0,2.60791,9.50124,-0.165275,0.000558246,0.00178922,0.999388,-0.0349458,2.59102,-13.4492,-0.0308435,-0.00517353,-0.000107422,-0.0010781,0.314,0.3,0.286,0.238
11448,2.8,0,0,0.3,0,2.6105,9.48778,-0.165306,0.000558286,0.00179187,0.999388,-0.0349452,2.59069,-13.4646,-0.0307895,-0.0054126,-0.000100092,-0.00150383,0.316,0.3,0.288,0.234
11449,2.8,0,0,0.3,0,2.61309,9.4743,-0.165336,0.000558362,0.00179459,0.999388,-0.0349443,2.59036,-13.4799,-0.0307354,-0.00541564,-5.88619e-06,-0.00197215,0.304,0.312,0.276,0.248
11450,2.8,0,0,0.3,0,2.61568,9.4608,-0.165367,0.000558452,0.00179724,0.999388,-0.0349432,2.59003,-13.4953,-0.0306813,-0.00520719,-8.6575e-06,-0.00244772,0.318,0.298,0.29,0.234
11451,2.8,0,0,0.3,0,2.61827,9.44729,-0.165398,0.000558577,0.0017998,0.999388,-0.0349418,2.5897,-13.5106,-0.0306272,-0.00504654,0.000144272,-0.00292013,0.304,0.32,0.268,0.248
11452,2.8,0,0,0.3,0,2.62086,9.43377,-0.165428,0.000558778,0.00180223,0.999388,-0.0349402,2.58936,-13.5259,-0.030573,-0.00472936,0.000277949,-0.00337087,0.314,0.3,0.288,0.238
11453,2.8,0,0,0.3,0,2.62345,9.42022,-0.165459,0.000559027,0.00180449,0.999388,-0.0349384,2.58903,-13.5412,-0.0305188,-0.00435965,0.000379479,-0.00383011,0.312,0.306,0.282,0.238
11454,2.8,0,0,0.3,0,2.62604,9.40667,-0.165489,0.000559341,0.00180651,0.999388,-0.0349364,2.58869,-13.5565,-0.0304646,-0.0037931,0.000552781,-0.00420111,0.308,0.306,0.28,0.244
11455,2.8,0,0,0.3,0,2.62863,9.3931,-0.16552,0.000559728,0.00180818,0.999388,-0.0349342,2.58835,-13.5718,-0.0304103,-0.0030228,0.000722293,-0.00451067,0.316,0.3,0.286,0.236
11456,2.8,0,0,0.3,0,2.63122,9.37951,-0.16555,0.000560187,0.00180944,0.999388,-0.0349319,2.58802,-13.587,-0.0303561,-0.0021607,0.000877687,-0.00477876,0.308,0.312,0.274,0.244
11457,2.8,0,0,0.3,0,2.6338,9.36591,-0.16558,0.000560645,0.00181021,0.999388,-0.0349295,2.58767,-13.6022,-0.0303019,-0.0010874,0.000810969,-0.00499924,0.318,0.296,0.29,0.236
11458,2.8,0,0,0.3,0,2.63639,9.35229,-0.165611,0.000561023,0.00181042,0.999388,-0.0349269,2.58733,-13.6175,-0.0302477,3.55832e-05,0.000654431,-0.00520249,0.312,0.308,0.28,0.24
11459,2.8,0,0,0.3,0,2.63898,9.33866,-0.165641,0.000561283,0.00181006,0.999388,-0.0349243,2.58699,-13.6327,-0.0301935,0.00124197,0.000421893,-0.00533217,0.318,0.3,0.286,0.234
11460,2.8,0,0,0.3,0,2.64156,9.32501,-0.165671,0.000561392,0.0018091,0.999388,-0.0349216,2.58665,-13.6478,-0.0301394,0.00239931,0.000180107,-0.00542425,0.318,0.3,0.286,0.234
11461,2.8,0,0,0.3,0,2.64415,9.31135,-0.165701,0.000561392,0.0018076,0.999388,-0.0349189,2.5863,-13.663,-0.0300853,0.00345787,8.02205e-06,-0.00545406,0.312,0.3,0.286,0.242
11462,2.8,0,0,0.3,0,2.64674,9.29767,-0.165731,0.000561261,0.0018056,0.999388,-0.0349162,2.58595,-13.6781,-0.0300313,0.00440334,-0.000237475,-0.00539654,0.316,0.298,0.29,0.236
11463,2.8,0,0,0.3,0,2.64932,9.28397,-0.165761,0.000560984,0.00180319,0.999389,-0.0349136,2.58561,-13.6933,-0.0299774,0.00512959,-0.000527278,-0.00525272,0.31,0.306,0.282,0.242
11464,2.8,0,0,0.3,0,2.65191,9.27027,-0.165791,0.000560548,0.00180048,0.999389,-0.034911,2.58526,-13.7084,-0.0299235,0.00568335,-0.000809008,-0.00508888,0.312,0.302,0.284,0.24
11465,2.8,0,0,0.3,0,2.65449,9.25654,-0.165821,0.000560004,0.00179756,0.999389,-0.0349085,2.58491,-13.7235,-0.0298698,0.00597699,-0.000941869,-0.00497622,0.312,0.302,0.286,0.24
11466,2.8,0,0,0.3,0,2.65708,9.2428,-0.165851,0.000559414,0.00179455,0.999389,-0.034906,2.58456,-13.7385,-0.0298161,0.00608389,-0.00100855,-0.00489253,0.314,0.298,0.288,0.238
11467,2.8,0,0,0.3,0,2.65966,9.22905,-0.16588,0.000558766,0.00179152,0.999389,-0.0349036,2.5842,-13.7536,-0.0297626,0.00609856,-0.0011655,-0.00483753,0.314,0.3,0.288,0.238
11468,2.8,0,0,0.3,0,2.66224,9.21528,-0.16591,0.000558036,0.00178851,0.999389,-0.0349012,2.58385,-13.7687,-0.0297091,0.00603091,-0.00133,-0.00483882,0.316,0.302,0.286,0.236
11469,2.8,0,0,0.3,0,2.66483,9.2015,-0.16594,0.000557238,0.00178557,0.999389,-0.0348988,2.58349,-13.7837,-0.0296558,0.00584634,-0.00142541,-0.00490796,0.314,0.31,0.278,0.238
11470,2.8,0,0,0.3,0,2.66741,9.1877,-0.165969,0.000556438,0.00178276,0.999389,-0.0348963,2.58314,-13.7987,-0.0296025,0.00548855,-0.00139779,-0.00502633,0.316,0.306,0.282,0.234
11471,2.8,0,0,0.3,0,2.66999,9.17389,-0.165999,0.000555675,0.00178019,0.999389,-0.0348938,2.58278,-13.8137,-0.0295494,0.0049201,-0.00130662,-0.00512464,0.314,0.306,0.282,0.236
11472,2.8,0,0,0.3,0,2.67258,9.16006,-0.166028,0.000554976,0.00177795,0.999389,-0.0348912,2.58242,-13.8287,-0.0294963,0.00421102,-0.00120494,-0.00507882,0.312,0.304,0.284,0.24
11473,2.8,0,0,0.3,0,2.67516,9.14621,-0.166058,0.000554353,0.00177609,0.999389,-0.0348888,2.58206,-13.8436,-0.0294433,0.00339691,-0.00106916,-0.00480907,0.312,0.3,0.288,0.238
11474,2.8,0,0,0.3,0,2.67774,9.13235,-0.166087,0.000553817,0.00177466,0.99939,-0.0348865,2.5817,-13.8586,-0.0293904,0.00251342,-0.000908057,-0.00431247,0.306,0.308,0.282,0.244
11475,2.8,0,0,0.3,0,2.68032,9.11848,-0.166117,0.000553394,0.00177367,0.99939,-0.0348846,2.58134,-13.8735,-0.0293375,0.00160509,-0.000670202,-0.0036688,0.316,0.298,0.29,0.236
11476,2.8,0,0,0.3,0,2.6829,9.10459,-0.166146,0.000553137,0.00177315,0.99939,-0.0348829,2.58097,-13.8884,-0.0292846,0.000630993,-0.000322896,-0.00298971,0.308,0.314,0.276,0.242
11477,2.8,0,0,0.3,0,2.68548,9.09069,-0.166175,0.000553095,0.0017731,0.99939,-0.0348816,2.58061,-13.9033,-0.0292318,-0.000306883,9.39843e-05,-0.00231586,0.314,0.3,0.29,0.236
11478,2.8,0,0,0.3,0,2.68806,9.07677,-0.166204,0.000553275,0.00177351,0.99939,-0.0348806,2.58024,-13.9182,-0.0291791,-0.00128463,0.000529767,-0.00167648,0.312,0.306,0.284,0.238
11479,2.8,0,0,0.3,0,2.69064,9.06284,-0.166233,0.000553712,0.00177442,0.99939,-0.03488,2.57987,-13.933,-0.0291263,-0.00223906,0.00100627,-0.00100585,0.308,0.306,0.282,0.244
11480,2.8,0,0,0.3,0,2.69322,9.04889,-0.166262,0.000554397,0.00177577,0.99939,-0.0348797,2.57951,-13.9479,-0.0290736,-0.00316799,0.00148808,-0.000298981,0.312,0.3,0.29,0.238
11481,2.8,0,0,0.3,0,2.6958,9.03493,-0.166291,0.000555346,0.00177759,0.99939,-0.0348798,2.57914,-13.9627,-0.0290208,-0.00409099,0.00197481,0.000447545,0.298,0.318,0.272,0.252
11482,2.8,0,0,0.3,0,2.69838,9.02095,-0.16632,0.000556505,0.00177981,0.99939,-0.0348802,2.57876,-13.9775,-0.028968,-0.00484689,0.00229087,0.00119281,0.318,0.292,0.296,0.234
11483,2.8,0,0,0.3,0,2.70096,9.00696,-0.166349,0.000557825,0.0017824,0.99939,-0.034881,2.57839,-13.9923,-0.0289153,-0.00555003,0.00259767,0.00184059,0.306,0.316,0.274,0.244
11484,2.8,0,0,0.3,0,2.70354,8.99295,-0.166378,0.0005593,0.00178526,0.99939,-0.0348821,2.57802,-14.0071,-0.0288624,-0.00598109,0.00283418,0.00240046,0.308,0.302,0.286,0.244
11485,2.8,0,0,0.3,0,2.70611,8.97893,-0.166407,0.000560851,0.00178828,0.99939,-0.0348834,2.57765,-14.0218,-0.0288096,-0.00626271,0.00295315,0.00281341,0.312,0.3,0.288,0.238
11486,2.8,0,0,0.3,0,2.70869,8.96489,-0.166436,0.000562503,0.0017914,0.99939,-0.0348849,2.57727,-14.0366,-0.0287567,-0.00638488,0.00317914,0.00315317,0.3,0.312,0.274,0.252
11487,2.8,0,0,0.3,0,2.71127,8.95084,-0.166464,0.000564225,0.0017945,0.99939,-0.0348866,2.57689,-14.0513,-0.0287038,-0.00624159,0.00325927,0.00340249,0.324,0.29,0.298,0.23
11488,2.8,0,0,0.3,0,2.71385,8.93678,-0.166493,0.00056599,0.00179751,0.999389,-0.0348883,2.57652,-14.066,-0.0286508,-0.00600664,0.00337143,0.00350842,0.298,0.324,0.264,0.254
11489,2.8,0,0,0.3,0,2.71642,8.9227,-0.166522,0.000567747,0.0018003,0.999389,-0.0348901,2.57614,-14.0807,-0.0285978,-0.00542805,0.00322262,0.00349751,0.316,0.288,0.296,0.238
11490,2.8,0,0,0.3,0,2.719,8.9086,-0.16655,0.000569354,0.00180278,0.999389,-0.0348918,2.57576,-14.0953,-0.0285448,-0.00479615,0.00291323,0.00335176,0.31,0.308,0.278,0.242
11491,2.8,0,0,0.3,0,2.72157,8.89449,-0.166579,0.000570784,0.00180491,0.999389,-0.0348934,2.57538,-14.11,-0.0284917,-0.00393913,0.00250758,0.00318252,0.304,0.306,0.28,0.25
11492,2.8,0,0,0.3,0,2.72415,8.88037,-0.166607,0.000571915,0.00180655,0.999389,-0.034895,2.575,-14.1246,-0.0284387,-0.00290166,0.00187785,0.00289871,0.322,0.29,0.296,0.23
11493,2.8,0,0,0.3,0,2.72672,8.86623,-0.166636,0.000572746,0.00180768,0.999389,-0.0348963,2.57461,-14.1393,-0.0283856,-0.00183612,0.00136159,0.00250867,0.298,0.318,0.268,0.256
11494,2.8,0,0,0.3,0,2.7293,8.85207,-0.166664,0.000573271,0.00180822,0.999389,-0.0348975,2.57423,-14.1539,-0.0283326,-0.000543074,0.000753309,0.00202049,0.326,0.276,0.308,0.228
11495,2.8,0,0,0.3,0,2.73187,8.8379,-0.166692,0.000573525,0.00180816,0.999389,-0.0348983,2.57384,-14.1685,-0.0282796,0.000599897,0.000356987,0.00136447,0.3,0.322,0.266,0.252
11496,2.8,0,0,0.3,0,2.73444,8.82372,-0.16672,0.000573566,0.0018075,0.999389,-0.0348988,2.57346,-14.183,-0.0282266,0.0018643,-8.58136e-05,0.000609806,0.322,0.288,0.298,0.232
11497,2.8,0,0,0.3,0,2.73702,8.80952,-0.166749,0.00057334,0.00180626,0.999389,-0.0348988,2.57307,-14.1976,-0.0281737,0.00296774,-0.000535543,-0.000360654,0.322,0.302,0.286,0.23
11498,2.8,0,0,0.3,0,2.73959,8.79531,-0.166777,0.000572926,0.0018045,0.999389,-0.0348983,2.57268,-14.2121,-0.0281208,0.0040379,-0.000862744,-0.00143457,0.302,0.314,0.274,0.252
11499,2.8,0,0,0.3,0,2.74216,8.78109,-0.166805,0.000572272,0.00180219,0.999389,-0.0348973,2.57229,-14.2266,-0.028068,0.00505428,-0.00137711,-0.00256168,0.332,0.28,0.308,0.22
11500,2.8,0,0,0.3,0,2.74473,8.76684,-0.166833,0.000571403,0.00179952,0.999389,-0.0348957,2.5719,-14.2411,-0.0280153,0.00565412,-0.00165412,-0.00364446,0.296,0.33,0.26,0.254
11501,2.8,0,0,0.3,0,2.74731,8.75259,-0.166861,0.000570402,0.00179656,0.999389,-0.0348936,2.57151,-14.2556,-0.0279627,0.00623028,-0.0019367,-0.00463269,0.328,0.28,0.308,0.226
11502,2.8,0,0,0.3,0,2.74988,8.73832,-0.166889,0.000569294,0.00179342,0.999389,-0.034891,2.57111,-14.2701,-0.0279102,0.00637605,-0.00199333,-0.00563216,0.308,0.326,0.264,0.242
11503,2.8,0,0,0.3,0,2.75245,8.72404,-0.166917,0.000568226,0.00179024,0.999389,-0.034888,2.57072,-14.2845,-0.0278578,0.00647167,-0.00189546,-0.00648841,0.312,0.302,0.284,0.242
11504,2.8,0,0,0.3,0,2.75502,8.70974,-0.166944,0.000567175,0.00178704,0.99939,-0.0348845,2.57032,-14.299,-0.0278055,0.0064047,-0.00184483,-0.00728529,0.33,0.296,0.294,0.22
11505,2.8,0,0,0.3,0,2.75759,8.69542,-0.166972,0.000566222,0.00178394,0.99939,-0.0348807,2.56993,-14.3134,-0.0277533,0.0061816,-0.00160686,-0.00786905,0.296,0.328,0.26,0.256
11506,2.8,0,0,0.3,0,2.76016,8.68109,-0.167,0.000565315,0.0017809,0.99939,-0.0348767,2.56953,-14.3278,-0.0277012,0.00607628,-0.00164292,-0.00820756,0.338,0.274,0.314,0.216
11507,2.8,0,0,0.3,0,2.76273,8.66675,-0.167027,0.000564454,0.00177801,0.99939,-0.0348726,2.56913,-14.3422,-0.0276492,0.00559634,-0.00140767,-0.00833167,0.298,0.334,0.256,0.254
11508,2.8,0,0,0.3,0,2.76529,8.6524,-0.167055,0.000563704,0.00177535,0.99939,-0.0348684,2.56873,-14.3566,-0.0275973,0.00521652,-0.00132998,-0.00814775,0.328,0.282,0.302,0.228
11509,2.8,0,0,0.3,0,2.76786,8.63802,-0.167083,0.000562946,0.00177294,0.99939,-0.0348645,2.56833,-14.3709,-0.0275455,0.00451598,-0.00133776,-0.00782248,0.312,0.316,0.272,0.238
11510,2.8,0,0,0.3,0,2.77043,8.62364,-0.16711,0.000562243,0.00177092,0.99939,-0.0348607,2.56793,-14.3852,-0.0274937,0.00378725,-0.00129016,-0.0072489,0.302,0.31,0.276,0.252
11511,2.8,0,0,0.3,0,2.773,8.60924,-0.167138,0.000561456,0.00176925,0.999391,-0.0348573,2.56752,-14.3996,-0.0274421,0.00303268,-0.00160426,-0.00650998,0.336,0.28,0.308,0.214
11512,2.8,0,0,0.3,0,2.77557,8.59483,-0.167165,0.000560584,0.00176805,0.999391,-0.0348543,2.56712,-14.4139,-0.0273905,0.00202378,-0.00168185,-0.00558043,0.286,0.336,0.254,0.264
11513,2.8,0,0,0.3,0,2.77813,8.5804,-0.167192,0.000559676,0.0017673,0.999391,-0.0348518,2.56671,-14.4282,-0.0273389,0.00119545,-0.00185919,-0.00449675,0.332,0.272,0.316,0.22
11514,2.8,0,0,0.3,0,2.7807,8.56596,-0.16722,0.000558764,0.00176706,0.999391,-0.0348499,2.56631,-14.4424,-0.0272874,-7.38414e-06,-0.00169162,-0.0033847,0.296,0.332,0.26,0.252
11515,2.8,0,0,0.3,0,2.78326,8.5515,-0.167247,0.000558028,0.00176739,0.999391,-0.0348486,2.5659,-14.4567,-0.0272359,-0.00101107,-0.00139227,-0.00215367,0.314,0.29,0.296,0.238
11516,2.8,0,0,0.3,0,2.78583,8.53703,-0.167274,0.000557423,0.0017682,0.999391,-0.0348478,2.56549,-14.4709,-0.0271844,-0.00207326,-0.00112193,-0.000994503,0.32,0.3,0.29,0.23
11517,2.8,0,0,0.3,0,2.78839,8.52254,-0.167301,0.000557065,0.00176955,0.999391,-0.0348477,2.56508,-14.4851,-0.0271329,-0.003072,-0.000601021,0.000201051,0.29,0.326,0.262,0.262
11518,2.8,0,0,0.3,0,2.79096,8.50804,-0.167328,0.000556878,0.00177129,0.999391,-0.0348481,2.56467,-14.4993,-0.0270815,-0.00380352,-0.000434466,0.0013753,0.332,0.272,0.314,0.22
11519,2.8,0,0,0.3,0,2.79352,8.49353,-0.167355,0.000556817,0.00177346,0.999391,-0.0348491,2.56425,-14.5135,-0.02703,-0.00472349,-0.000115494,0.00245594,0.284,0.336,0.254,0.266
11520,2.8,0,0,0.3,0,2.79609,8.479,-0.167382,0.000556883,0.00177599,0.999391,-0.0348506,2.56384,-14.5277,-0.0269785,-0.00525344,-4.732e-05,0.00350353,0.324,0.274,0.312,0.228
11521,2.8,0,0,0.3,0,2.79865,8.46446,-0.167409,0.000556948,0.00177878,0.999391,-0.0348526,2.56343,-14.5419,-0.026927,-0.00584961,-9.92016e-06,0.00435384,0.3,0.324,0.268,0.248
11522,2.8,0,0,0.3,0,2.80121,8.4499,-0.167436,0.000557111,0.00178179,0.999391,-0.034855,2.56301,-14.556,-0.0268754,-0.0060745,0.000187916,0.00508667,0.3,0.3,0.286,0.254
11523,2.8,0,0,0.3,0,2.80378,8.43533,-0.167463,0.000557305,0.00178482,0.999391,-0.0348577,2.56259,-14.5701,-0.0268238,-0.00608799,0.00022143,0.00555238,0.326,0.288,0.302,0.224
11524,2.8,0,0,0.3,0,2.80634,8.42075,-0.16749,0.000557612,0.00178786,0.99939,-0.0348605,2.56218,-14.5842,-0.0267722,-0.00602983,0.000557736,0.00584349,0.288,0.332,0.256,0.264
11525,2.8,0,0,0.3,0,2.8089,8.40615,-0.167516,0.000557992,0.00179072,0.99939,-0.0348635,2.56176,-14.5983,-0.0267205,-0.00553279,0.000528415,0.00591962,0.334,0.27,0.318,0.218
11526,2.8,0,0,0.3,0,2.81146,8.39154,-0.167543,0.000558354,0.00179338,0.99939,-0.0348664,2.56134,-14.6124,-0.0266688,-0.00517432,0.000601043,0.00571647,0.292,0.334,0.256,0.258
11527,2.8,0,0,0.3,0,2.81402,8.37691,-0.16757,0.000558727,0.00179577,0.99939,-0.0348691,2.56092,-14.6264,-0.0266171,-0.00444535,0.000513779,0.00544461,0.318,0.278,0.308,0.236
11528,2.8,0,0,0.3,0,2.81658,8.36227,-0.167596,0.000559015,0.00179779,0.99939,-0.0348717,2.5605,-14.6405,-0.0265654,-0.00381269,0.000453172,0.00499952,0.308,0.31,0.28,0.242
11529,2.8,0,0,0.3,0,2.81914,8.34762,-0.167623,0.00055935,0.0017995,0.99939,-0.0348741,2.56007,-14.6545,-0.0265136,-0.00306872,0.000612876,0.00451466,0.29,0.316,0.272,0.262
11530,2.8,0,0,0.3,0,2.8217,8.33295,-0.167649,0.000559677,0.00180077,0.99939,-0.0348762,2.55965,-14.6685,-0.0264619,-0.00219434,0.000544223,0.0038273,0.33,0.28,0.308,0.22
11531,2.8,0,0,0.3,0,2.82426,8.31827,-0.167676,0.000560024,0.00180166,0.99939,-0.0348779,2.55923,-14.6825,-0.0264101,-0.00145504,0.000734327,0.00288915,0.292,0.334,0.254,0.26
11532,2.8,0,0,0.3,0,2.82682,8.30357,-0.167702,0.000560412,0.00180205,0.99939,-0.034879,2.5588,-14.6965,-0.0263584,-0.000290138,0.000718304,0.00174517,0.336,0.268,0.318,0.218
11533,2.8,0,0,0.3,0,2.82938,8.28886,-0.167728,0.000560782,0.00180189,0.99939,-0.0348795,2.55837,-14.7104,-0.0263067,0.000735462,0.000829693,0.000358456,0.304,0.328,0.262,0.246
11534,2.8,0,0,0.3,0,2.83194,8.27413,-0.167754,0.000561205,0.00180117,0.99939,-0.0348793,2.55795,-14.7244,-0.0262551,0.00197034,0.000879991,-0.0010146,0.314,0.296,0.29,0.24
11535,2.8,0,0,0.3,0,2.8345,8.2594,-0.167781,0.000561548,0.00179986,0.99939,-0.0348784,2.55752,-14.7383,-0.0262035,0.00300499,0.000727164,-0.00245735,0.324,0.3,0.288,0.226
11536,2.8,0,0,0.3,0,2.83705,8.24464,-0.167807,0.000561874,0.00179813,0.99939,-0.0348768,2.55709,-14.7522,-0.0261519,0.00381582,0.000767766,-0.00380182,0.298,0.324,0.262,0.254
11537,2.8,0,0,0.3,0,2.83961,8.22988,-0.167833,0.000562136,0.00179596,0.99939,-0.0348745,2.55666,-14.7661,-0.0261005,0.00464865,0.000591384,-0.00502417,0.34,0.272,0.314,0.212
11538,2.8,0,0,0.3,0,2.84216,8.2151,-0.167859,0.000562356,0.00179349,0.99939,-0.0348717,2.55623,-14.78,-0.0260491,0.00510175,0.000634474,-0.00611476,0.298,0.33,0.258,0.254
11539,2.8,0,0,0.3,0,2.84472,8.2003,-0.167885,0.000562557,0.00179077,0.99939,-0.0348685,2.55579,-14.7938,-0.0259978,0.00567252,0.000491235,-0.00694047,0.33,0.278,0.308,0.224
11540,2.8,0,0,0.3,0,2.84728,8.1855,-0.167911,0.00056265,0.00178787,0.99939,-0.0348648,2.55536,-14.8077,-0.0259466,0.00579134,0.000325326,-0.00763581,0.312,0.318,0.27,0.238
11541,2.8,0,0,0.3,0,2.84983,8.17068,-0.167937,0.000562687,0.001785,0.99939,-0.0348609,2.55492,-14.8215,-0.0258955,0.00570053,0.000161704,-0.00810181,0.306,0.308,0.278,0.248
11542,2.8,0,0,0.3,0,2.85239,8.15584,-0.167963,0.000562569,0.00178223,0.999391,-0.0348567,2.55449,-14.8353,-0.0258445,0.00533393,-0.00020245,-0.00846424,0.33,0.294,0.294,0.222
11543,2.8,0,0,0.3,0,2.85494,8.14099,-0.167988,0.000562369,0.00177976,0.999391,-0.0348525,2.55405,-14.8491,-0.0257936,0.00463757,-0.000260392,-0.00864872,0.298,0.326,0.26,0.254
11544,2.8,0,0,0.3,0,2.85749,8.12613,-0.168014,0.000562114,0.00177761,0.999391,-0.0348481,2.55361,-14.8629,-0.0257427,0.00406462,-0.000506005,-0.00862987,0.332,0.276,0.31,0.222
11545,2.8,0,0,0.3,0,2.86005,8.11125,-0.16804,0.000561748,0.00177582,0.999391,-0.0348439,2.55317,-14.8766,-0.025692,0.00321311,-0.000679727,-0.00843476,0.3,0.326,0.262,0.252
11546,2.8,0,0,0.3,0,2.8626,8.09636,-0.168066,0.000561307,0.00177443,0.999391,-0.0348398,2.55273,-14.8904,-0.0256413,0.00248821,-0.000937338,-0.00796313,0.318,0.29,0.296,0.236
11547,2.8,0,0,0.3,0,2.86515,8.08146,-0.168091,0.000560701,0.00177345,0.999391,-0.034836,2.55229,-14.9041,-0.0255906,0.0015671,-0.00130082,-0.00740971,0.318,0.306,0.284,0.232
11548,2.8,0,0,0.3,0,2.8677,8.06654,-0.168117,0.000559982,0.00177297,0.999391,-0.0348325,2.55185,-14.9178,-0.0255401,0.000594618,-0.00152225,-0.00673943,0.304,0.312,0.274,0.248
11549,2.8,0,0,0.3,0,2.87025,8.05161,-0.168142,0.000559146,0.00177296,0.999392,-0.0348293,2.55141,-14.9315,-0.0254895,-0.000339762,-0.00177334,-0.00602083,0.324,0.292,0.296,0.228
11550,2.8,0,0,0.3,0,2.87281,8.03666,-0.168168,0.000558311,0.00177347,0.999392,-0.0348265,2.55096,-14.9452,-0.025439,-0.00145391,-0.00164422,-0.00522252,0.294,0.328,0.262,0.256
11551,2.8,0,0,0.3,0,2.87536,8.0217,-0.168193,0.000557537,0.00177449,0.999392,-0.0348242,2.55052,-14.9589,-0.0253884,-0.00235981,-0.00164408,-0.00428677,0.318,0.284,0.302,0.234
11552,2.8,0,0,0.3,0,2.87791,8.00673,-0.168218,0.000556764,0.00177597,0.999392,-0.0348223,2.55007,-14.9725,-0.0253379,-0.00333875,-0.00162772,-0.00329317,0.304,0.314,0.274,0.246
11553,2.8,0,0,0.3,0,2.88046,7.99175,-0.168244,0.000556055,0.00177788,0.999392,-0.034821,2.54962,-14.9862,-0.0252874,-0.004056,-0.00151895,-0.00218236,0.308,0.302,0.286,0.244
11554,2.8,0,0,0.3,0,2.88301,7.97675,-0.168269,0.000555392,0.00178009,0.999392,-0.0348203,2.54917,-14.9998,-0.0252369,-0.00460904,-0.001435,-0.00114957,0.314,0.302,0.286,0.238
11555,2.8,0,0,0.3,0,2.88555,7.96173,-0.168294,0.000554815,0.00178254,0.999392,-0.03482,2.54872,-15.0134,-0.0251863,-0.00501891,-0.00123729,-0.000219449,0.3,0.312,0.274,0.252
11556,2.8,0,0,0.3,0,2.8881,7.94671,-0.168319,0.000554307,0.00178511,0.999392,-0.0348201,2.54827,-15.027,-0.0251357,-0.00512069,-0.00117877,0.000592198,0.318,0.294,0.294,0.234
11557,2.8,0,0,0.3,0,2.89065,7.93167,-0.168344,0.000553845,0.00178769,0.999392,-0.0348206,2.54782,-15.0405,-0.0250852,-0.0051087,-0.00102231,0.00130234,0.3,0.318,0.27,0.252
11558,2.8,0,0,0.3,0,2.8932,7.91661,-0.168369,0.000553449,0.00179017,0.999392,-0.0348214,2.54737,-15.0541,-0.0250345,-0.00474579,-0.000942438,0.00196207,0.314,0.296,0.292,0.24
11559,2.8,0,0,0.3,0,2.89574,7.90154,-0.168394,0.000553049,0.00179242,0.999392,-0.0348226,2.54692,-15.0676,-0.0249839,-0.00424328,-0.00095876,0.00253151,0.312,0.304,0.284,0.24
11560,2.8,0,0,0.3,0,2.89829,7.88646,-0.168419,0.000552634,0.00179437,0.999392,-0.034824,2.54646,-15.0811,-0.0249332,-0.00350605,-0.000975133,0.00304027,0.31,0.298,0.288,0.242
11561,2.8,0,0,0.3,0,2.90084,7.87137,-0.168444,0.000552175,0.00179588,0.999392,-0.0348256,2.54601,-15.0946,-0.0248826,-0.0025669,-0.00103303,0.00342395,0.316,0.294,0.294,0.236
11562,2.8,0,0,0.3,0,2.90338,7.85626,-0.168469,0.000551693,0.00179691,0.999392,-0.0348274,2.54555,-15.1081,-0.0248319,-0.00159141,-0.00102345,0.00369304,0.31,0.306,0.282,0.242
11563,2.8,0,0,0.3,0,2.90593,7.84114,-0.168494,0.000551193,0.00179744,0.999391,-0.0348293,2.54509,-15.1216,-0.0247813,-0.000592242,-0.0010374,0.00381809,0.316,0.3,0.288,0.236
11564,2.8,0,0,0.3,0,2.90847,7.826,-0.168518,0.000550677,0.00179751,0.999391,-0.0348312,2.54463,-15.135,-0.0247306,0.00023407,-0.00101743,0.00374717,0.312,0.306,0.282,0.24
11565,2.8,0,0,0.3,0,2.91102,7.81085,-0.168543,0.000550161,0.00179721,0.999391,-0.0348331,2.54417,-15.1485,-0.0246801,0.0009302,-0.00100142,0.00355352,0.312,0.304,0.284,0.238
11566,2.8,0,0,0.3,0,2.91356,7.79569,-0.168568,0.000549647,0.00179661,0.999391,-0.0348348,2.54371,-15.1619,-0.0246295,0.00145818,-0.000951964,0.00330444,0.312,0.302,0.286,0.24
11567,2.8,0,0,0.3,0,2.9161,7.78052,-0.168592,0.000549163,0.00179578,0.999391,-0.0348364,2.54325,-15.1753,-0.024579,0.00184513,-0.000849972,0.003055,0.312,0.302,0.286,0.238
11568,2.8,0,0,0.3,0,2.91865,7.76533,-0.168617,0.000548749,0.00179479,0.999391,-0.0348378,2.54279,-15.1887,-0.0245286,0.002149,-0.00067778,0.00282078,0.31,0.304,0.284,0.24
11569,2.8,0,0,0.3,0,2.92119,7.75013,-0.168641,0.000548417,0.00179366,0.999391,-0.0348392,2.54233,-15.2021,-0.0244782,0.00237539,-0.000476104,0.00255886,0.314,0.298,0.29,0.236
11570,2.8,0,0,0.3,0,2.92373,7.73491,-0.168666,0.000548223,0.00179244,0.999391,-0.0348404,2.54186,-15.2154,-0.0244279,0.00250157,-0.000153979,0.00225633,0.304,0.31,0.278,0.246
11571,2.8,0,0,0.3,0,2.92627,7.71968,-0.16869,0.000548184,0.00179117,0.999391,-0.0348414,2.5414,-15.2288,-0.0243776,0.00254619,0.000139056,0.00190865,0.312,0.298,0.29,0.24
11572,2.8,0,0,0.3,0,2.92881,7.70444,-0.168714,0.000548271,0.00178992,0.999391,-0.0348422,2.54093,-15.2421,-0.0243274,0.002433,0.000354595,0.00148813,0.312,0.304,0.284,0.24
11573,2.8,0,0,0.3,0,2.93135,7.68919,-0.168739,0.000548455,0.00178874,0.999391,-0.0348429,2.54047,-15.2554,-0.0242772,0.00227199,0.000510989,0.000990148,0.31,0.306,0.282,0.242
11574,2.8,0,0,0.3,0,2.93389,7.67392,-0.168763,0.000548695,0.00178765,0.999391,-0.0348432,2.54,-15.2687,-0.0242271,0.00208048,0.000588991,0.000353962,0.32,0.296,0.292,0.232
11575,2.8,0,0,0.3,0,2.93643,7.65863,-0.168787,0.000548971,0.00178667,0.999391,-0.0348431,2.53953,-15.282,-0.0241771,0.00182106,0.000634846,-0.000393771,0.304,0.314,0.274,0.248
11576,2.8,0,0,0.3,0,2.93897,7.64334,-0.168811,0.000549253,0.00178581,0.999391,-0.0348427,2.53906,-15.2952,-0.0241271,0.0015934,0.000599471,-0.00118516,0.326,0.288,0.298,0.228
11577,2.8,0,0,0.3,0,2.94151,7.62803,-0.168835,0.000549524,0.00178512,0.999391,-0.0348419,2.53859,-15.3085,-0.0240772,0.00115987,0.000597435,-0.00200406,0.306,0.32,0.268,0.246
11578,2.8,0,0,0.3,0,2.94405,7.61271,-0.168859,0.000549798,0.00178466,0.999391,-0.0348407,2.53812,-15.3217,-0.0240273,0.000675487,0.000501139,-0.00278801,0.314,0.3,0.286,0.24
11579,2.8,0,0,0.3,0,2.94659,7.59737,-0.168883,0.000549946,0.0017845,0.999391,-0.0348391,2.53765,-15.3349,-0.0239774,4.91962e-06,0.000146312,-0.00355063,0.32,0.302,0.286,0.232
11580,2.8,0,0,0.3,0,2.94912,7.58203,-0.168907,0.000549942,0.00178471,0.999391,-0.0348371,2.53718,-15.3481,-0.0239276,-0.000727081,-0.000191908,-0.00419359,0.3,0.314,0.272,0.252
11581,2.8,0,0,0.3,0,2.95166,7.56666,-0.168931,0.000549733,0.00178525,0.999391,-0.0348349,2.5367,-15.3613,-0.0238778,-0.00135923,-0.000677074,-0.00472375,0.328,0.29,0.296,0.224
11582,2.8,0,0,0.3,0,2.9542,7.55129,-0.168955,0.000549347,0.00178615,0.999391,-0.0348324,2.53623,-15.3744,-0.023828,-0.00208508,-0.000934039,-0.00512726,0.296,0.332,0.256,0.254
11583,2.8,0,0,0.3,0,2.95673,7.5359,-0.168979,0.000548849,0.00178736,0.999391,-0.0348298,2.53575,-15.3876,-0.0237783,-0.0025664,-0.00124428,-0.00539195,0.324,0.28,0.306,0.23
11584,2.8,0,0,0.3,0,2.95927,7.5205,-0.169002,0.00054818,0.00178881,0.999392,-0.0348271,2.53527,-15.4007,-0.0237285,-0.00309544,-0.00156821,-0.00554887,0.308,0.318,0.27,0.242
11585,2.8,0,0,0.3,0,2.9618,7.50509,-0.169026,0.000547418,0.00179048,0.999392,-0.0348243,2.5348,-15.4138,-0.0236787,-0.00339202,-0.00171861,-0.00544481,0.308,0.308,0.28,0.244
11586,2.8,0,0,0.3,0,2.96434,7.48966,-0.16905,0.000546571,0.00179226,0.999392,-0.0348217,2.53432,-15.4269,-0.0236289,-0.00359464,-0.00187189,-0.00525805,0.324,0.298,0.29,0.226
11587,2.8,0,0,0.3,0,2.96687,7.47422,-0.169073,0.000545719,0.00179415,0.999392,-0.0348191,2.53384,-15.44,-0.0235792,-0.00376126,-0.00182657,-0.00495742,0.292,0.328,0.26,0.258
11588,2.8,0,0,0.3,0,2.9694,7.45877,-0.169097,0.000544844,0.00179602,0.999392,-0.0348168,2.53336,-15.4531,-0.0235294,-0.0036055,-0.0019509,-0.00448737,0.332,0.274,0.314,0.222
11589,2.8,0,0,0.3,0,2.97194,7.4433,-0.16912,0.000543949,0.00179783,0.999392,-0.0348147,2.53287,-15.4662,-0.0234796,-0.00349901,-0.00184143,-0.00384632,0.29,0.336,0.254,0.258
11590,2.8,0,0,0.3,0,2.97447,7.42782,-0.169144,0.000543127,0.00179947,0.999392,-0.0348131,2.53239,-15.4792,-0.0234297,-0.00297228,-0.00175756,-0.00297583,0.324,0.28,0.306,0.23
11591,2.8,0,0,0.3,0,2.977,7.41233,-0.169167,0.000542319,0.00180084,0.999392,-0.0348118,2.53191,-15.4922,-0.0233799,-0.0024643,-0.00161122,-0.00211383,0.314,0.314,0.276,0.234
11592,2.8,0,0,0.3,0,2.97953,7.39682,-0.16919,0.000541657,0.00180191,0.999392,-0.034811,2.53142,-15.5052,-0.0233301,-0.00174984,-0.00128383,-0.00118772,0.298,0.314,0.274,0.254
11593,2.8,0,0,0.3,0,2.98206,7.38131,-0.169214,0.000541062,0.00180256,0.999392,-0.0348107,2.53094,-15.5182,-0.0232803,-0.000915831,-0.00117606,-0.000281107,0.334,0.278,0.31,0.218
11594,2.8,0,0,0.3,0,2.98459,7.36578,-0.169237,0.000540598,0.00180286,0.999392,-0.0348108,2.53045,-15.5312,-0.0232305,-0.000246446,-0.000743971,0.00068411,0.282,0.338,0.25,0.268
11595,2.8,0,0,0.3,0,2.98712,7.35023,-0.16926,0.000540292,0.00180271,0.999392,-0.0348115,2.52996,-15.5442,-0.0231808,0.000757402,-0.000535255,0.0017383,0.336,0.262,0.324,0.218
11596,2.8,0,0,0.3,0,2.98965,7.33467,-0.169283,0.000540067,0.00180213,0.999392,-0.0348126,2.52948,-15.5571,-0.0231311,0.00148758,-0.000249383,0.00271635,0.296,0.336,0.254,0.254
11597,2.8,0,0,0.3,0,2.99218,7.3191,-0.169306,0.000539978,0.00180112,0.999392,-0.0348143,2.52899,-15.57,-0.0230814,0.00249008,-7.89629e-05,0.00371536,0.32,0.282,0.304,0.236
11598,2.8,0,0,0.3,0,2.99471,7.30352,-0.169329,0.000539855,0.00179962,0.999392,-0.0348164,2.5285,-15.5829,-0.0230318,0.00334425,-0.000131821,0.00452505,0.324,0.298,0.292,0.226
11599,2.8,0,0,0.3,0,2.99724,7.28792,-0.169352,0.000539776,0.00179775,0.999392,-0.0348189,2.52801,-15.5958,-0.0229823,0.00411871,4.00179e-05,0.00532437,0.288,0.322,0.264,0.264
11600,2.8,0,0,0.3,0,2.99977,7.27232,-0.169375,0.000539658,0.00179544,0.999392,-0.0348218,2.52751,-15.6087,-0.0229329,0.00491923,-0.000147529,0.00606121,0.342,0.26,0.328,0.21
11601,2.8,0,0,0.3,0,3.00229,7.25669,-0.169398,0.000539529,0.00179292,0.999392,-0.034825,2.52702,-15.6216,-0.0228835,0.00516977,3.98455e-05,0.00670085,0.28,0.348,0.242,0.27
11602,2.8,0,0,0.3,0,3.00482,7.24106,-0.169421,0.000539456,0.00179022,0.999392,-0.0348285,2.52653,-15.6344,-0.0228342,0.00554597,5.12905e-06,0.007302,0.338,0.258,0.328,0.216
11603,2.8,0,0,0.3,0,3.00735,7.22541,-0.169444,0.000539385,0.00178748,0.999391,-0.0348323,2.52604,-15.6473,-0.022785,0.00535178,0.000201742,0.00761916,0.3,0.328,0.264,0.248
11604,2.8,0,0,0.3,0,3.00987,7.20975,-0.169467,0.000539497,0.00178486,0.999391,-0.0348362,2.52554,-15.6601,-0.0227359,0.00519935,0.000509319,0.00785814,0.302,0.292,0.294,0.252
11605,2.8,0,0,0.3,0,3.0124,7.19408,-0.169489,0.000539643,0.00178233,0.999391,-0.0348401,2.52505,-15.6729,-0.0226869,0.00482116,0.000496174,0.00785894,0.33,0.282,0.308,0.218
11606,2.8,0,0,0.3,0,3.01492,7.17839,-0.169512,0.000539886,0.00178014,0.999391,-0.034844,2.52455,-15.6857,-0.022638,0.00408095,0.00076375,0.00773362,0.274,0.342,0.246,0.276
11607,2.8,0,0,0.3,0,3.01745,7.1627,-0.169534,0.000540188,0.00177824,0.999391,-0.0348478,2.52405,-15.6985,-0.0225892,0.00346756,0.000713864,0.00737564,0.35,0.256,0.332,0.204
11608,2.8,0,0,0.3,0,3.01997,7.14698,-0.169557,0.000540553,0.00177682,0.999391,-0.0348513,2.52356,-15.7112,-0.0225404,0.0023089,0.00101857,0.00666986,0.282,0.352,0.24,0.266
11609,2.8,0,0,0.3,0,3.02249,7.13126,-0.169579,0.000541092,0.00177589,0.999391,-0.0348544,2.52306,-15.7239,-0.0224917,0.00149387,0.00116214,0.00582634,0.33,0.262,0.322,0.226
11610,2.8,0,0,0.3,0,3.02501,7.11552,-0.169602,0.000541644,0.00177541,0.999391,-0.0348571,2.52256,-15.7367,-0.022443,0.000372648,0.00121986,0.00476178,0.312,0.322,0.27,0.238
11611,2.8,0,0,0.3,0,3.02754,7.09977,-0.169624,0.000542338,0.00177552,0.999391,-0.0348592,2.52206,-15.7494,-0.0223944,-0.000639568,0.00143437,0.00377537,0.292,0.312,0.274,0.262
11612,2.8,0,0,0.3,0,3.03006,7.08401,-0.169647,0.000543001,0.00177605,0.999391,-0.0348608,2.52156,-15.7621,-0.0223458,-0.00158988,0.00118141,0.002681,0.342,0.27,0.318,0.21
11613,2.8,0,0,0.3,0,3.03258,7.06824,-0.169669,0.000543623,0.0017772,0.99939,-0.0348618,2.52105,-15.7747,-0.0222972,-0.0028444,0.00116342,0.00156561,0.27,0.358,0.23,0.282
11614,2.8,0,0,0.3,0,3.0351,7.05245,-0.169691,0.000544164,0.00177884,0.99939,-0.0348623,2.52055,-15.7874,-0.0222486,-0.0036789,0.000740577,0.000459986,0.346,0.254,0.33,0.21
11615,2.8,0,0,0.3,0,3.03762,7.03665,-0.169713,0.000544519,0.00178099,0.99939,-0.0348621,2.52005,-15.8,-0.0222,-0.00486845,0.00049084,-0.000796902,0.286,0.354,0.238,0.264
11616,2.8,0,0,0.3,0,3.04014,7.02084,-0.169736,0.000544785,0.00178363,0.99939,-0.0348614,2.51954,-15.8127,-0.0221514,-0.00549939,0.000130787,-0.00194314,0.318,0.278,0.306,0.236
11617,2.8,0,0,0.3,0,3.04266,7.00501,-0.169758,0.000544784,0.00178652,0.99939,-0.0348601,2.51904,-15.8253,-0.0221028,-0.00607388,-0.000387421,-0.00315751,0.32,0.31,0.282,0.228
11618,2.8,0,0,0.3,0,3.04518,6.98917,-0.16978,0.000544684,0.00178969,0.999391,-0.0348582,2.51853,-15.8379,-0.0220541,-0.00638526,-0.000495846,-0.00417866,0.282,0.332,0.256,0.27
11619,2.8,0,0,0.3,0,3.04769,6.97332,-0.169802,0.000544424,0.00179283,0.999391,-0.0348559,2.51803,-15.8505,-0.0220054,-0.00621124,-0.00092502,-0.00511138,0.35,0.258,0.33,0.202
11620,2.8,0,0,0.3,0,3.05021,6.95746,-0.169824,0.000544101,0.00179597,0.999391,-0.0348531,2.51752,-15.8631,-0.0219567,-0.00619536,-0.000764087,-0.00595185,0.274,0.36,0.23,0.274
11621,2.8,0,0,0.3,0,3.05273,6.94158,-0.169846,0.000543848,0.0017989,0.999391,-0.03485,2.51701,-15.8756,-0.0219079,-0.00553798,-0.00075255,-0.00658227,0.342,0.26,0.326,0.214
11622,2.8,0,0,0.3,0,3.05525,6.9257,-0.169867,0.000543617,0.00180156,0.999391,-0.0348465,2.5165,-15.8881,-0.0218591,-0.0051466,-0.000472239,-0.00720214,0.296,0.346,0.246,0.252
11623,2.8,0,0,0.3,0,3.05776,6.9098,-0.169889,0.000543603,0.00180394,0.999391,-0.0348428,2.51599,-15.9007,-0.0218103,-0.00434568,-0.000101546,-0.00754018,0.31,0.294,0.29,0.246
11624,2.8,0,0,0.3,0,3.06028,6.89388,-0.169911,0.00054362,0.00180583,0.999391,-0.034839,2.51548,-15.9132,-0.0217614,-0.00344365,-7.64505e-05,-0.00775546,0.336,0.292,0.298,0.214
11625,2.8,0,0,0.3,0,3.06279,6.87796,-0.169933,0.000543759,0.00180731,0.999391,-0.0348351,2.51497,-15.9257,-0.0217126,-0.00248881,0.000322453,-0.0076586,0.278,0.344,0.244,0.274
11626,2.8,0,0,0.3,0,3.06531,6.86202,-0.169954,0.000543946,0.00180814,0.999391,-0.0348314,2.51445,-15.9382,-0.0216637,-0.00104725,0.000254143,-0.00729664,0.354,0.25,0.336,0.2
11627,2.8,0,0,0.3,0,3.06782,6.84607,-0.169976,0.000544147,0.00180835,0.999392,-0.0348279,2.51394,-15.9506,-0.0216149,4.88706e-05,0.000539228,-0.00673811,0.284,0.358,0.234,0.264
11628,2.8,0,0,0.3,0,3.07033,6.8301,-0.169998,0.000544457,0.00180788,0.999392,-0.0348248,2.51343,-15.9631,-0.0215661,0.00161831,0.000617338,-0.0058586,0.338,0.26,0.324,0.216
11629,2.8,0,0,0.3,0,3.07285,6.81413,-0.170019,0.000544718,0.0018067,0.999392,-0.0348221,2.51291,-15.9755,-0.0215174,0.00280213,0.000677325,-0.00495,0.314,0.324,0.268,0.234
11630,2.8,0,0,0.3,0,3.07536,6.79814,-0.170041,0.000545098,0.00180497,0.999392,-0.03482,2.51239,-15.9879,-0.0214687,0.00399439,0.000955723,-0.0037429,0.3,0.308,0.276,0.254
11631,2.8,0,0,0.3,0,3.07787,6.78214,-0.170062,0.000545466,0.00180263,0.999392,-0.0348185,2.51188,-16.0003,-0.0214201,0.00503042,0.000862826,-0.00241789,0.342,0.272,0.316,0.208
11632,2.8,0,0,0.3,0,3.08038,6.76613,-0.170083,0.000545878,0.00179997,0.999392,-0.0348177,2.51136,-16.0127,-0.0213716,0.00553621,0.0011126,-0.000897502,0.274,0.346,0.244,0.276
11633,2.8,0,0,0.3,0,3.08289,6.7501,-0.170105,0.000546285,0.00179698,0.999392,-0.0348178,2.51084,-16.0251,-0.0213232,0.00618738,0.000899908,0.000814899,0.346,0.25,0.336,0.208
11634,2.8,0,0,0.3,0,3.0854,6.73407,-0.170126,0.000546628,0.00179386,0.999392,-0.0348186,2.51032,-16.0374,-0.0212749,0.00618218,0.000997627,0.00248458,0.284,0.342,0.248,0.264
11635,2.8,0,0,0.3,0,3.08791,6.71802,-0.170147,0.000547063,0.00179072,0.999392,-0.0348204,2.5098,-16.0498,-0.0212267,0.00634246,0.00108203,0.00419006,0.32,0.27,0.316,0.234
11636,2.8,0,0,0.3,0,3.09042,6.70195,-0.170168,0.000547453,0.00178757,0.999392,-0.0348229,2.50928,-16.0621,-0.0211786,0.00612638,0.00102213,0.00563966,0.318,0.304,0.288,0.23
11637,2.8,0,0,0.3,0,3.09293,6.68588,-0.170189,0.000547913,0.00178461,0.999392,-0.0348261,2.50875,-16.0744,-0.0211306,0.0057609,0.00117185,0.00694401,0.288,0.314,0.272,0.266
11638,2.8,0,0,0.3,0,3.09544,6.66979,-0.170211,0.000548343,0.0017818,0.999392,-0.0348299,2.50823,-16.0867,-0.0210826,0.00535686,0.000993331,0.00791914,0.338,0.264,0.324,0.214
11639,2.8,0,0,0.3,0,3.09795,6.65369,-0.170232,0.000548797,0.00177937,0.999391,-0.034834,2.50771,-16.099,-0.0210348,0.0044088,0.00119767,0.00858139,0.278,0.344,0.244,0.274
11640,2.8,0,0,0.3,0,3.10045,6.63758,-0.170253,0.000549311,0.00177736,0.999391,-0.0348385,2.50718,-16.1112,-0.020987,0.00364471,0.00110964,0.00896864,0.338,0.262,0.324,0.218
11641,2.8,0,0,0.3,0,3.10296,6.62146,-0.170274,0.000549794,0.00177586,0.999391,-0.034843,2.50666,-16.1235,-0.0209394,0.00238712,0.00113468,0.00888054,0.298,0.332,0.258,0.252
11642,2.8,0,0,0.3,0,3.10547,6.60532,-0.170294,0.000550326,0.00177497,0.999391,-0.0348473,2.50613,-16.1357,-0.0208917,0.00130906,0.00103877,0.00857217,0.314,0.288,0.296,0.242
11643,2.8,0,0,0.3,0,3.10797,6.58918,-0.170315,0.000550683,0.00177461,0.999391,-0.0348515,2.50561,-16.1479,-0.0208442,0.000159145,0.000571001,0.00798088,0.324,0.294,0.294,0.228
11644,2.8,0,0,0.3,0,3.11048,6.57302,-0.170336,0.000550912,0.00177489,0.999391,-0.0348553,2.50508,-16.1601,-0.0207966,-0.00107041,0.00033754,0.00730517,0.288,0.322,0.264,0.266
11645,2.8,0,0,0.3,0,3.11298,6.55684,-0.170357,0.000550937,0.0017757,0.999391,-0.0348587,2.50455,-16.1723,-0.0207491,-0.0021097,-0.000276686,0.00652359,0.334,0.27,0.316,0.218
11646,2.8,0,0,0.3,0,3.11549,6.54066,-0.170378,0.000550729,0.00177715,0.99939,-0.0348618,2.50402,-16.1845,-0.0207016,-0.00345455,-0.000636736,0.00559549,0.282,0.344,0.246,0.268
11647,2.8,0,0,0.3,0,3.11799,6.52446,-0.170398,0.000550361,0.00177918,0.99939,-0.0348643,2.5035,-16.1967,-0.0206541,-0.00444478,-0.00109832,0.00458723,0.324,0.278,0.308,0.23
11648,2.8,0,0,0.3,0,3.12049,6.50825,-0.170419,0.000549786,0.00178173,0.99939,-0.0348662,2.50297,-16.2088,-0.0206065,-0.00556262,-0.00141949,0.00334919,0.306,0.324,0.266,0.244
11649,2.8,0,0,0.3,0,3.123,6.49203,-0.170439,0.000549152,0.00178479,0.99939,-0.0348675,2.50243,-16.2209,-0.020559,-0.00633442,-0.00155191,0.00208222,0.302,0.306,0.28,0.25
11650,2.8,0,0,0.3,0,3.1255,6.4758,-0.17046,0.000548403,0.00178811,0.99939,-0.0348682,2.5019,-16.233,-0.0205114,-0.00677983,-0.00182629,0.000740034,0.324,0.296,0.294,0.228
11651,2.8,0,0,0.3,0,3.128,6.45955,-0.17048,0.000547624,0.00179162,0.99939,-0.0348682,2.50137,-16.2451,-0.0204637,-0.00702821,-0.00178295,-0.000525748,0.292,0.328,0.26,0.26
11652,2.8,0,0,0.3,0,3.1305,6.4433,-0.170501,0.000546814,0.00179509,0.99939,-0.0348676,2.50084,-16.2572,-0.0204161,-0.00672671,-0.00194518,-0.00169401,0.33,0.282,0.306,0.222
11653,2.8,0,0,0.3,0,3.133,6.42703,-0.170521,0.000545968,0.00179839,0.99939,-0.0348664,2.5003,-16.2693,-0.0203684,-0.00636031,-0.00185805,-0.00281519,0.296,0.334,0.256,0.254
11654,2.8,0,0,0.3,0,3.1355,6.41075,-0.170541,0.000545187,0.00180138,0.99939,-0.0348648,2.49977,-16.2813,-0.0203206,-0.00551731,-0.00174043,-0.00377181,0.318,0.29,0.296,0.236
11655,2.8,0,0,0.3,0,3.138,6.39445,-0.170562,0.000544436,0.0018039,0.99939,-0.0348627,2.49924,-16.2934,-0.0202728,-0.00456971,-0.00159126,-0.00465181,0.316,0.312,0.278,0.234
11656,2.8,0,0,0.3,0,3.1405,6.37815,-0.170582,0.000543805,0.00180589,0.99939,-0.0348601,2.4987,-16.3054,-0.020225,-0.00337941,-0.00129104,-0.00531183,0.308,0.312,0.276,0.244
11657,2.8,0,0,0.3,0,3.143,6.36183,-0.170602,0.000543245,0.0018072,0.999391,-0.0348573,2.49816,-16.3174,-0.0201773,-0.00196156,-0.00115499,-0.00582924,0.326,0.292,0.296,0.224
11658,2.8,0,0,0.3,0,3.14549,6.3455,-0.170622,0.000542788,0.00180781,0.999391,-0.0348543,2.49762,-16.3294,-0.0201295,-0.000575194,-0.000802821,-0.00614156,0.302,0.318,0.27,0.248
11659,2.8,0,0,0.3,0,3.14799,6.32916,-0.170642,0.000542471,0.00180767,0.999391,-0.0348513,2.49709,-16.3414,-0.0200817,0.000990454,-0.000512002,-0.00616071,0.324,0.288,0.3,0.228
11660,2.8,0,0,0.3,0,3.15049,6.31281,-0.170662,0.000542298,0.00180679,0.999391,-0.0348482,2.49655,-16.3533,-0.020034,0.00232391,-8.69983e-05,-0.00595489,0.308,0.314,0.276,0.242
11661,2.8,0,0,0.3,0,3.15298,6.29644,-0.170682,0.000542344,0.00180527,0.999391,-0.0348454,2.49601,-16.3653,-0.0199864,0.00358867,0.000373205,-0.00550079,0.316,0.298,0.29,0.236
11662,2.8,0,0,0.3,0,3.15548,6.28006,-0.170702,0.000542558,0.00180316,0.999391,-0.0348428,2.49547,-16.3772,-0.0199388,0.00463327,0.00073105,-0.00490898,0.32,0.304,0.286,0.232
11663,2.8,0,0,0.3,0,3.15797,6.26368,-0.170722,0.000542955,0.00180059,0.999391,-0.0348406,2.49492,-16.3891,-0.0198913,0.00545307,0.00114767,-0.00417148,0.314,0.306,0.282,0.238
11664,2.8,0,0,0.3,0,3.16047,6.24727,-0.170742,0.00054352,0.00179764,0.999391,-0.0348388,2.49438,-16.401,-0.0198439,0.00610512,0.00144867,-0.00331305,0.32,0.298,0.29,0.232
11665,2.8,0,0,0.3,0,3.16296,6.23086,-0.170762,0.000544185,0.00179446,0.999391,-0.0348374,2.49384,-16.4129,-0.0197966,0.0064542,0.0016094,-0.00229935,0.31,0.302,0.286,0.242
11666,2.8,0,0,0.3,0,3.16546,6.21444,-0.170782,0.000544884,0.00179116,0.999391,-0.0348366,2.49329,-16.4248,-0.0197494,0.00658527,0.00160465,-0.00108578,0.312,0.298,0.288,0.24
11667,2.8,0,0,0.3,0,3.16795,6.198,-0.170801,0.000545544,0.00178788,0.999391,-0.0348364,2.49275,-16.4366,-0.0197023,0.00638965,0.00149354,0.000266601,0.314,0.3,0.286,0.238
11668,2.8,0,0,0.3,0,3.17044,6.18155,-0.170821,0.000546129,0.00178479,0.999391,-0.034837,2.4922,-16.4485,-0.0196552,0.00591267,0.00127674,0.0016564,0.312,0.304,0.284,0.24
11669,2.8,0,0,0.3,0,3.17293,6.16509,-0.17084,0.00054659,0.001782,0.999391,-0.0348382,2.49166,-16.4603,-0.0196083,0.00521021,0.000981782,0.00297281,0.31,0.304,0.282,0.242
11670,2.8,0,0,0.3,0,3.17542,6.14862,-0.17086,0.000546907,0.00177964,0.999391,-0.03484,2.49111,-16.4721,-0.0195615,0.00429564,0.000663821,0.00420833,0.316,0.298,0.288,0.236
11671,2.8,0,0,0.3,0,3.17791,6.13214,-0.17088,0.000547074,0.00177778,0.999391,-0.0348425,2.49056,-16.4839,-0.0195148,0.00324821,0.000321976,0.00538917,0.302,0.312,0.276,0.25
11672,2.8,0,0,0.3,0,3.1804,6.11564,-0.170899,0.000547071,0.00177645,0.999391,-0.0348455,2.49001,-16.4957,-0.0194681,0.00217591,-7.36153e-05,0.00652403,0.316,0.288,0.298,0.236
11673,2.8,0,0,0.3,0,3.18289,6.09913,-0.170918,0.00054691,0.0017757,0.999391,-0.0348491,2.48946,-16.5074,-0.0194215,0.000996068,-0.000376414,0.00760453,0.306,0.31,0.278,0.246
11674,2.8,0,0,0.3,0,3.18538,6.08261,-0.170938,0.000546637,0.00177553,0.999391,-0.0348532,2.48891,-16.5192,-0.0193749,-8.88151e-05,-0.000637552,0.00862315,0.31,0.294,0.292,0.242
11675,2.8,0,0,0.3,0,3.18787,6.06608,-0.170957,0.000546257,0.00177589,0.999391,-0.0348577,2.48836,-16.5309,-0.0193283,-0.00117148,-0.000844047,0.00945499,0.314,0.298,0.29,0.238
11676,2.8,0,0,0.3,0,3.19036,6.04954,-0.170976,0.000545817,0.0017768,0.99939,-0.0348626,2.48781,-16.5426,-0.0192818,-0.00224531,-0.000995505,0.0100976,0.296,0.31,0.276,0.256
11677,2.8,0,0,0.3,0,3.19285,6.03299,-0.170996,0.000545277,0.00177822,0.99939,-0.0348678,2.48726,-16.5543,-0.0192353,-0.00324921,-0.00130227,0.0104937,0.324,0.284,0.304,0.228
11678,2.8,0,0,0.3,0,3.19533,6.01642,-0.171015,0.000544636,0.00178019,0.99939,-0.0348731,2.48671,-16.566,-0.0191888,-0.00434782,-0.00142936,0.0106032,0.292,0.33,0.258,0.26
11679,2.8,0,0,0.3,0,3.19782,5.99984,-0.171034,0.00054398,0.00178263,0.99939,-0.0348784,2.48616,-16.5777,-0.0191422,-0.00519975,-0.0015094,0.0104424,0.322,0.282,0.304,0.232
11680,2.8,0,0,0.3,0,3.2003,5.98325,-0.171053,0.000543305,0.00178551,0.99939,-0.0348835,2.4856,-16.5894,-0.0190957,-0.0060845,-0.00150611,0.00996204,0.302,0.32,0.268,0.248
11681,2.8,0,0,0.3,0,3.20279,5.96665,-0.171072,0.000542665,0.00178876,0.999389,-0.0348883,2.48505,-16.601,-0.0190491,-0.00664427,-0.00154183,0.00933628,0.302,0.3,0.284,0.252
11682,2.8,0,0,0.3,0,3.20527,5.95004,-0.171091,0.000541943,0.0017922,0.999389,-0.0348927,2.4845,-16.6127,-0.0190025,-0.00695079,-0.00172849,0.00854285,0.32,0.294,0.294,0.232
11683,2.8,0,0,0.3,0,3.20776,5.93341,-0.17111,0.000541202,0.00179575,0.999389,-0.0348968,2.48394,-16.6243,-0.0189558,-0.00702697,-0.00172022,0.00766714,0.286,0.332,0.254,0.268
11684,2.8,0,0,0.3,0,3.21024,5.91678,-0.171129,0.000540383,0.00179918,0.999389,-0.0349003,2.48339,-16.6359,-0.0189091,-0.00660759,-0.00199715,0.006657,0.336,0.27,0.316,0.218
11685,2.8,0,0,0.3,0,3.21272,5.90013,-0.171148,0.000539457,0.0018024,0.999389,-0.0349033,2.48283,-16.6475,-0.0188623,-0.00612205,-0.00207843,0.00546679,0.288,0.34,0.248,0.262
11686,2.8,0,0,0.3,0,3.21521,5.88347,-0.171167,0.000538466,0.00180521,0.999389,-0.0349057,2.48227,-16.659,-0.0188156,-0.00501714,-0.00228795,0.00424842,0.322,0.276,0.31,0.232
11687,2.8,0,0,0.3,0,3.21769,5.8668,-0.171185,0.000537328,0.00180742,0.999389,-0.0349075,2.48171,-16.6706,-0.0187688,-0.00384539,-0.0024631,0.00293296,0.31,0.32,0.272,0.24
11688,2.8,0,0,0.3,0,3.22017,5.85012,-0.171204,0.00053617,0.00180901,0.999389,-0.0349086,2.48116,-16.6821,-0.018722,-0.00242054,-0.00242418,0.00171133,0.298,0.314,0.272,0.256
11689,2.8,0,0,0.3,0,3.22265,5.83343,-0.171223,0.000534948,0.00180981,0.999389,-0.0349091,2.4806,-16.6937,-0.0186752,-0.000835561,-0.00251529,0.000465482,0.336,0.282,0.308,0.214
11690,2.8,0,0,0.3,0,3.22513,5.81672,-0.171241,0.000533767,0.00180986,0.999389,-0.034909,2.48004,-16.7052,-0.0186284,0.0006492,-0.00223178,-0.000710452,0.282,0.346,0.242,0.27
11691,2.8,0,0,0.3,0,3.22761,5.8,-0.17126,0.000532637,0.00180905,0.999389,-0.0349084,2.47948,-16.7167,-0.0185817,0.00252649,-0.00221817,-0.00173499,0.348,0.252,0.332,0.206
11692,2.8,0,0,0.3,0,3.23009,5.78328,-0.171279,0.000531553,0.00180738,0.999389,-0.0349072,2.47891,-16.7282,-0.018535,0.0040759,-0.00184915,-0.00267811,0.294,0.342,0.25,0.254
11693,2.8,0,0,0.3,0,3.23257,5.76654,-0.171297,0.000530635,0.00180487,0.999389,-0.0349057,2.47835,-16.7396,-0.0184884,0.00591028,-0.0016162,-0.00333765,0.328,0.274,0.312,0.228
11694,2.8,0,0,0.3,0,3.23504,5.74979,-0.171316,0.000529714,0.0018015,0.999389,-0.0349039,2.47779,-16.7511,-0.0184419,0.00736001,-0.0015321,-0.00392012,0.324,0.306,0.284,0.224
11695,2.8,0,0,0.3,0,3.23752,5.73302,-0.171334,0.000528924,0.00179754,0.999389,-0.0349018,2.47723,-16.7625,-0.0183955,0.00846977,-0.00119651,-0.0042515,0.29,0.324,0.262,0.264
11696,2.8,0,0,0.3,0,3.24,5.71625,-0.171352,0.000528147,0.00179305,0.999389,-0.0348997,2.47666,-16.7739,-0.0183492,0.00932014,-0.0012932,-0.00442235,0.356,0.26,0.328,0.196
11697,2.8,0,0,0.3,0,3.24247,5.69946,-0.171371,0.000527404,0.00178838,0.999389,-0.0348975,2.4761,-16.7854,-0.0183031,0.00944382,-0.00104675,-0.00439765,0.276,0.358,0.232,0.274
11698,2.8,0,0,0.3,0,3.24495,5.68267,-0.171389,0.000526688,0.0017836,0.999389,-0.0348954,2.47553,-16.7968,-0.0182571,0.00967917,-0.0012378,-0.00408409,0.35,0.242,0.344,0.204
11699,2.8,0,0,0.3,0,3.24742,5.66586,-0.171407,0.000525869,0.0017789,0.999389,-0.0348934,2.47497,-16.8081,-0.0182112,0.00916679,-0.0012677,-0.00365231,0.296,0.342,0.25,0.252
11700,2.8,0,0,0.3,0,3.2499,5.64904,-0.171425,0.000525129,0.0017745,0.999389,-0.0348918,2.4744,-16.8195,-0.0181654,0.00865873,-0.00119805,-0.00288757,0.312,0.286,0.298,0.242
11701,2.8,0,0,0.3,0,3.25237,5.63221,-0.171443,0.000524337,0.00177042,0.999389,-0.0348906,2.47383,-16.8309,-0.0181197,0.00767852,-0.00130326,-0.00211468,0.336,0.292,0.3,0.212
11702,2.8,0,0,0.3,0,3.25485,5.61537,-0.171461,0.000523648,0.00176702,0.999389,-0.0348898,2.47326,-16.8422,-0.0180742,0.00627718,-0.00105865,-0.00119483,0.276,0.338,0.248,0.276
11703,2.8,0,0,0.3,0,3.25732,5.59851,-0.171479,0.000522967,0.00176423,0.999389,-0.0348895,2.4727,-16.8535,-0.0180287,0.0050099,-0.0012593,-0.000193732,0.358,0.24,0.346,0.194
11704,2.8,0,0,0.3,0,3.25979,5.58165,-0.171497,0.000522345,0.00176227,0.999389,-0.0348897,2.47213,-16.8649,-0.0179834,0.00315118,-0.000912734,0.000849513,0.266,0.366,0.226,0.282
11705,2.8,0,0,0.3,0,3.26226,5.56477,-0.171515,0.000521867,0.00176113,0.999389,-0.0348905,2.47156,-16.8762,-0.0179381,0.00170391,-0.000980417,0.00204727,0.34,0.246,0.338,0.216
11706,2.8,0,0,0.3,0,3.26473,5.54788,-0.171533,0.000521307,0.00176082,0.999389,-0.0348918,2.47099,-16.8874,-0.0178928,-0.000260843,-0.00104785,0.00306404,0.298,0.34,0.252,0.248
11707,2.8,0,0,0.3,0,3.2672,5.53099,-0.171551,0.000520883,0.00176149,0.999389,-0.0348937,2.47042,-16.8987,-0.0178476,-0.00200043,-0.000864277,0.00410386,0.294,0.302,0.284,0.26
11708,2.8,0,0,0.3,0,3.26967,5.51408,-0.171569,0.000520416,0.00176295,0.999389,-0.034896,2.46984,-16.91,-0.0178024,-0.00366224,-0.00108983,0.00488822,0.34,0.274,0.316,0.21
11709,2.8,0,0,0.3,0,3.27214,5.49715,-0.171587,0.000520032,0.00176532,0.999389,-0.0348986,2.46927,-16.9212,-0.0177572,-0.00540287,-0.000794544,0.00559924,0.258,0.36,0.228,0.294
11710,2.8,0,0,0.3,0,3.27461,5.48022,-0.171604,0.00051969,0.00176832,0.999389,-0.0349016,2.4687,-16.9324,-0.0177119,-0.0064135,-0.0010071,0.00622989,0.354,0.238,0.346,0.202
11711,2.8,0,0,0.3,0,3.27708,5.46328,-0.171622,0.000519321,0.00177191,0.999389,-0.0349048,2.46812,-16.9436,-0.0176666,-0.00765772,-0.000862472,0.00659841,0.266,0.374,0.218,0.28
11712,2.8,0,0,0.3,0,3.27955,5.44632,-0.17164,0.000519016,0.00177589,0.999389,-0.0349082,2.46755,-16.9548,-0.0176213,-0.00801327,-0.00102132,0.00688455,0.328,0.256,0.328,0.228
11713,2.8,0,0,0.3,0,3.28201,5.42936,-0.171657,0.00051854,0.00177998,0.999389,-0.0349116,2.46698,-16.966,-0.017576,-0.00831123,-0.00124192,0.00681338,0.304,0.33,0.264,0.244
11714,2.8,0,0,0.3,0,3.28448,5.41238,-0.171675,0.000518148,0.00178414,0.999389,-0.0349149,2.4664,-16.9772,-0.0175305,-0.0080523,-0.000977623,0.00673885,0.282,0.318,0.268,0.272
11715,2.8,0,0,0.3,0,3.28695,5.39539,-0.171692,0.000517752,0.00178794,0.999388,-0.0349182,2.46582,-16.9883,-0.017485,-0.00726196,-0.00105086,0.0064587,0.352,0.258,0.332,0.198
11716,2.8,0,0,0.3,0,3.28941,5.37839,-0.17171,0.000517491,0.00179139,0.999388,-0.0349213,2.46525,-16.9995,-0.0174395,-0.00645863,-0.000491634,0.00603226,0.258,0.372,0.218,0.292
11717,2.8,0,0,0.3,0,3.29188,5.36138,-0.171727,0.000517385,0.00179416,0.999388,-0.0349242,2.46467,-17.0106,-0.017394,-0.00476796,-0.000403962,0.00551269,0.36,0.23,0.354,0.194
11718,2.8,0,0,0.3,0,3.29434,5.34436,-0.171744,0.000517352,0.00179617,0.999388,-0.0349267,2.46409,-17.0217,-0.0173484,-0.00344729,9.99882e-05,0.00471809,0.276,0.366,0.228,0.27
11719,2.8,0,0,0.3,0,3.2968,5.32733,-0.171762,0.000517609,0.00179738,0.999388,-0.0349289,2.46352,-17.0328,-0.0173028,-0.0015287,0.000566358,0.00398994,0.326,0.264,0.32,0.23
11720,2.8,0,0,0.3,0,3.29927,5.31028,-0.171779,0.000517921,0.00179763,0.999388,-0.0349306,2.46294,-17.0439,-0.0172573,0.000130281,0.000748482,0.00306492,0.33,0.304,0.288,0.218
11721,2.8,0,0,0.3,0,3.30173,5.29323,-0.171796,0.000518445,0.00179713,0.999388,-0.0349319,2.46236,-17.055,-0.0172118,0.00171414,0.00127504,0.00222229,0.278,0.332,0.254,0.274
11722,2.8,0,0,0.3,0,3.30419,5.27616,-0.171813,0.000519007,0.00179573,0.999388,-0.0349328,2.46178,-17.066,-0.0171663,0.00343178,0.00117979,0.00133546,0.362,0.24,0.348,0.188
11723,2.8,0,0,0.3,0,3.30665,5.25909,-0.171831,0.000519634,0.00179373,0.999388,-0.0349332,2.4612,-17.0771,-0.0171209,0.00438166,0.00161753,0.00046427,0.264,0.372,0.218,0.286
11724,2.8,0,0,0.3,0,3.30911,5.242,-0.171848,0.000520383,0.00179116,0.999388,-0.0349333,2.46061,-17.0881,-0.0170756,0.00558874,0.00160904,-0.0002455,0.358,0.23,0.354,0.198
11725,2.8,0,0,0.3,0,3.31157,5.2249,-0.171865,0.000521094,0.00178822,0.999388,-0.0349329,2.46003,-17.0991,-0.0170304,0.00589084,0.00174216,-0.00108307,0.294,0.356,0.238,0.252
11726,2.8,0,0,0.3,0,3.31403,5.20779,-0.171882,0.000521898,0.00178517,0.999388,-0.0349322,2.45945,-17.1101,-0.0169852,0.00621573,0.00173687,-0.0017335,0.312,0.282,0.3,0.246
11727,2.8,0,0,0.3,0,3.31649,5.19067,-0.171899,0.000522527,0.00178204,0.999388,-0.0349311,2.45887,-17.1211,-0.0169402,0.00602562,0.00135474,-0.00246698,0.338,0.288,0.302,0.21
11728,2.8,0,0,0.3,0,3.31895,5.17353,-0.171915,0.000523139,0.00177921,0.999388,-0.0349297,2.45828,-17.1321,-0.0168952,0.00534979,0.00140338,-0.00295168,0.268,0.35,0.238,0.284
11729,2.8,0,0,0.3,0,3.32141,5.15639,-0.171932,0.000523595,0.00177663,0.999388,-0.0349282,2.4577,-17.143,-0.0168504,0.004853,0.000804687,-0.00324058,0.364,0.236,0.348,0.19
11730,2.8,0,0,0.3,0,3.32386,5.13924,-0.171949,0.000523876,0.00177453,0.999388,-0.0349265,2.45711,-17.154,-0.0168056,0.00366399,0.000703042,-0.00341782,0.266,0.378,0.214,0.282
11731,2.8,0,0,0.3,0,3.32632,5.12207,-0.171966,0.000524088,0.00177289,0.999388,-0.0349249,2.45653,-17.1649,-0.0167609,0.00296768,0.000275859,-0.00329096,0.346,0.246,0.338,0.21
11732,2.8,0,0,0.3,0,3.32878,5.1049,-0.171983,0.000524045,0.00177172,0.999388,-0.0349232,2.45594,-17.1758,-0.0167163,0.00175986,-0.00010384,-0.00316397,0.302,0.338,0.254,0.244
11733,2.8,0,0,0.3,0,3.33123,5.08771,-0.171999,0.000523974,0.00177115,0.999388,-0.0349218,2.45536,-17.1867,-0.0166717,0.000794838,-0.000190782,-0.00269768,0.3,0.3,0.286,0.256
11734,2.8,0,0,0.3,0,3.33369,5.07051,-0.172016,0.000523746,0.00177099,0.999388,-0.0349206,2.45477,-17.1976,-0.0166271,-0.00013026,-0.000577679,-0.00210867,0.346,0.276,0.314,0.204
11735,2.8,0,0,0.3,0,3.33614,5.0533,-0.172032,0.000523533,0.00177142,0.999388,-0.0349198,2.45418,-17.2085,-0.0165826,-0.0013064,-0.000350297,-0.0012714,0.266,0.358,0.23,0.286
11736,2.8,0,0,0.3,0,3.33859,5.03609,-0.172049,0.000523337,0.00177226,0.999388,-0.0349195,2.45359,-17.2193,-0.0165381,-0.00197922,-0.000584269,-0.000252041,0.356,0.24,0.346,0.198
11737,2.8,0,0,0.3,0,3.34105,5.01886,-0.172066,0.00052311,0.00177358,0.999388,-0.0349196,2.453,-17.2302,-0.0164936,-0.00312011,-0.000419917,0.000792209,0.272,0.368,0.224,0.276
11738,2.8,0,0,0.3,0,3.3435,5.00161,-0.172082,0.000522979,0.00177531,0.999388,-0.0349204,2.45241,-17.241,-0.0164491,-0.00363875,-0.000473652,0.00207243,0.33,0.26,0.324,0.226
11739,2.8,0,0,0.3,0,3.34595,4.98436,-0.172098,0.000522735,0.00177731,0.999388,-0.0349218,2.45182,-17.2518,-0.0164046,-0.00431185,-0.000617834,0.00327224,0.31,0.32,0.272,0.238
11740,2.8,0,0,0.3,0,3.3484,4.9671,-0.172115,0.000522601,0.00177961,0.999388,-0.0349238,2.45123,-17.2626,-0.0163601,-0.00463727,-0.000323613,0.00464158,0.284,0.314,0.272,0.27
11741,2.8,0,0,0.3,0,3.35085,4.94983,-0.172131,0.000522484,0.0017819,0.999388,-0.0349265,2.45064,-17.2734,-0.0163155,-0.00458441,-0.000403725,0.0059466,0.34,0.268,0.32,0.212
11742,2.8,0,0,0.3,0,3.3533,4.93254,-0.172147,0.000522463,0.00178424,0.999388,-0.0349298,2.45005,-17.2842,-0.016271,-0.00464898,-5.74819e-06,0.00718174,0.268,0.356,0.232,0.282
11743,2.8,0,0,0.3,0,3.35575,4.91525,-0.172164,0.000522537,0.0017864,0.999388,-0.0349337,2.44946,-17.295,-0.0162264,-0.0040045,-6.12596e-05,0.00829834,0.346,0.244,0.34,0.208
11744,2.8,0,0,0.3,0,3.3582,4.89794,-0.17218,0.000522581,0.00178827,0.999388,-0.0349381,2.44886,-17.3057,-0.0161819,-0.00353312,0.000105569,0.00907575,0.282,0.346,0.246,0.266
11745,2.8,0,0,0.3,0,3.36065,4.88062,-0.172196,0.000522734,0.00178976,0.999388,-0.0349428,2.44827,-17.3164,-0.0161373,-0.002446,0.000200918,0.0097938,0.316,0.272,0.312,0.24
11746,2.8,0,0,0.3,0,3.3631,4.8633,-0.172212,0.000522823,0.00179067,0.999387,-0.0349479,2.44767,-17.3272,-0.0160928,-0.00142673,0.00016512,0.0102169,0.316,0.302,0.288,0.234
11747,2.8,0,0,0.3,0,3.36554,4.84596,-0.172228,0.000523001,0.00179111,0.999387,-0.0349531,2.44708,-17.3379,-0.0160482,-0.000379085,0.000422595,0.010471,0.286,0.32,0.266,0.268
11748,2.8,0,0,0.3,0,3.36799,4.82861,-0.172244,0.000523127,0.00179092,0.999387,-0.0349583,2.44648,-17.3485,-0.0160037,0.000879785,0.000164749,0.0103925,0.344,0.262,0.324,0.208
11749,2.8,0,0,0.3,0,3.37044,4.81125,-0.17226,0.000523186,0.00179024,0.999387,-0.0349634,2.44589,-17.3592,-0.0159592,0.00177352,0.000225637,0.00996056,0.282,0.346,0.244,0.27
11750,2.8,0,0,0.3,0,3.37288,4.79388,-0.172276,0.000523182,0.00178901,0.999387,-0.0349682,2.44529,-17.3699,-0.0159148,0.00298982,-0.000104473,0.00929655,0.336,0.258,0.326,0.218
11751,2.8,0,0,0.3,0,3.37533,4.7765,-0.172292,0.00052296,0.0017873,0.999387,-0.0349726,2.4447,-17.3805,-0.0158705,0.00370591,-0.000381828,0.00833704,0.296,0.332,0.258,0.254
11752,2.8,0,0,0.3,0,3.37777,4.75911,-0.172308,0.000522654,0.00178527,0.999386,-0.0349765,2.4441,-17.3912,-0.0158262,0.00444692,-0.000572039,0.00737183,0.31,0.288,0.298,0.242
11753,2.8,0,0,0.3,0,3.38021,4.74171,-0.172323,0.000522185,0.0017829,0.999386,-0.0349799,2.4435,-17.4018,-0.015782,0.00491844,-0.000833683,0.00624927,0.324,0.294,0.296,0.226
11754,2.8,0,0,0.3,0,3.38266,4.7243,-0.172339,0.000521704,0.0017804,0.999386,-0.0349827,2.44291,-17.4124,-0.0157379,0.00514919,-0.000744544,0.00509917,0.292,0.324,0.262,0.262
11755,2.8,0,0,0.3,0,3.3851,4.70687,-0.172355,0.000521197,0.00177775,0.999386,-0.0349849,2.44231,-17.423,-0.0156938,0.00542143,-0.000878329,0.00387713,0.34,0.27,0.316,0.212
11756,2.8,0,0,0.3,0,3.38754,4.68944,-0.17237,0.000520691,0.00177512,0.999386,-0.0349865,2.44171,-17.4336,-0.0156499,0.00519121,-0.000738363,0.00255888,0.294,0.336,0.254,0.256
11757,2.8,0,0,0.3,0,3.38998,4.672,-0.172386,0.000520215,0.00177257,0.999386,-0.0349875,2.44111,-17.4441,-0.015606,0.00505568,-0.000864088,0.00130043,0.33,0.274,0.312,0.224
11758,2.8,0,0,0.3,0,3.39242,4.65454,-0.172402,0.000519634,0.0017702,0.999386,-0.0349878,2.44051,-17.4547,-0.0155622,0.00448393,-0.0010357,5.02527e-05,0.31,0.318,0.272,0.24
11759,2.8,0,0,0.3,0,3.39486,4.63708,-0.172417,0.000519049,0.00176818,0.999386,-0.0349875,2.43991,-17.4652,-0.0155185,0.00381226,-0.00105246,-0.000966041,0.308,0.3,0.288,0.244
11760,2.8,0,0,0.3,0,3.3973,4.6196,-0.172433,0.000518426,0.00176651,0.999386,-0.0349868,2.43931,-17.4758,-0.0154749,0.00294539,-0.00116663,-0.00182686,0.324,0.296,0.292,0.226
11761,2.8,0,0,0.3,0,3.39974,4.60211,-0.172448,0.000517828,0.00176539,0.999386,-0.0349858,2.43871,-17.4863,-0.0154313,0.00180267,-0.00109456,-0.00245887,0.296,0.324,0.264,0.254
11762,2.8,0,0,0.3,0,3.40218,4.58462,-0.172463,0.000517216,0.0017648,0.999386,-0.0349844,2.4381,-17.4968,-0.0153878,0.000727443,-0.0012906,-0.00288834,0.324,0.288,0.3,0.228
11763,2.8,0,0,0.3,0,3.40462,4.56711,-0.172479,0.00051655,0.00176483,0.999386,-0.0349829,2.4375,-17.5073,-0.0153443,-0.000587343,-0.00133391,-0.00315051,0.302,0.324,0.266,0.25
11764,2.8,0,0,0.3,0,3.40705,4.54959,-0.172494,0.00051591,0.00176546,0.999386,-0.0349813,2.4369,-17.5177,-0.0153008,-0.00166993,-0.00134886,-0.00312279,0.316,0.294,0.294,0.236
11765,2.8,0,0,0.3,0,3.40949,4.53206,-0.172509,0.000515279,0.0017666,0.999386,-0.0349798,2.43629,-17.5282,-0.0152574,-0.00266266,-0.00130927,-0.00290887,0.31,0.31,0.28,0.242
11766,2.8,0,0,0.3,0,3.41193,4.51453,-0.172525,0.000514728,0.00176817,0.999386,-0.0349785,2.43569,-17.5386,-0.0152139,-0.00339788,-0.00116634,-0.00242139,0.306,0.308,0.28,0.246
11767,2.8,0,0,0.3,0,3.41436,4.49698,-0.17254,0.000514225,0.00177003,0.999386,-0.0349775,2.43508,-17.5491,-0.0151705,-0.00387453,-0.00110427,-0.00172314,0.314,0.304,0.286,0.238
11768,2.8,0,0,0.3,0,3.4168,4.47942,-0.172555,0.000513773,0.00177209,0.999386,-0.0349769,2.43448,-17.5595,-0.015127,-0.00420399,-0.000999593,-0.000840459,0.306,0.31,0.278,0.244
11769,2.8,0,0,0.3,0,3.41923,4.46185,-0.17257,0.000513368,0.00177422,0.999386,-0.0349767,2.43387,-17.5699,-0.0150835,-0.00421172,-0.000935986,0.000209971,0.312,0.3,0.288,0.238
11770,2.8,0,0,0.3,0,3.42166,4.44427,-0.172585,0.000513003,0.00177629,0.999386,-0.0349771,2.43327,-17.5803,-0.0150401,-0.00400775,-0.000805873,0.00138982,0.312,0.302,0.286,0.24
11771,2.8,0,0,0.3,0,3.42409,4.42668,-0.1726,0.000512711,0.00177818,0.999386,-0.0349782,2.43266,-17.5907,-0.0149966,-0.00351335,-0.000643106,0.00271634,0.31,0.302,0.286,0.242
11772,2.8,0,0,0.3,0,3.42653,4.40908,-0.172615,0.000512491,0.00177975,0.999386,-0.03498,2.43205,-17.601,-0.0149531,-0.00282104,-0.000463551,0.00411505,0.308,0.302,0.286,0.244
11773,2.8,0,0,0.3,0,3.42896,4.39146,-0.17263,0.00051235,0.00178095,0.999386,-0.0349824,2.43144,-17.6114,-0.0149096,-0.00203713,-0.00028745,0.00553959,0.312,0.298,0.29,0.24
11774,2.8,0,0,0.3,0,3.43139,4.37384,-0.172645,0.000512259,0.00178174,0.999386,-0.0349856,2.43083,-17.6217,-0.0148661,-0.0011767,-0.000185579,0.00694396,0.302,0.306,0.282,0.248
11775,2.8,0,0,0.3,0,3.43382,4.35621,-0.17266,0.000512189,0.00178207,0.999386,-0.0349894,2.43023,-17.632,-0.0148227,-0.000238598,-0.000117881,0.0082495,0.32,0.29,0.298,0.232
11776,2.8,0,0,0.3,0,3.43625,4.33857,-0.172674,0.000512176,0.00178194,0.999386,-0.0349939,2.42962,-17.6423,-0.0147792,0.000649869,0.000113143,0.00939321,0.304,0.312,0.276,0.246
11777,2.8,0,0,0.3,0,3.43868,4.32092,-0.172689,0.00051229,0.00178135,0.999386,-0.0349989,2.42901,-17.6526,-0.0147359,0.00157089,0.000405651,0.0103489,0.314,0.288,0.3,0.24
11778,2.8,0,0,0.3,0,3.44111,4.30325,-0.172704,0.000512512,0.00178033,0.999385,-0.0350043,2.42839,-17.6629,-0.0146925,0.0023469,0.00064709,0.0111027,0.304,0.306,0.284,0.246
11779,2.8,0,0,0.3,0,3.44353,4.28558,-0.172718,0.000512847,0.00177896,0.999385,-0.03501,2.42778,-17.6732,-0.0146492,0.00304005,0.000863073,0.0117318,0.304,0.3,0.288,0.248
11780,2.8,0,0,0.3,0,3.44596,4.2679,-0.172733,0.000513236,0.00177726,0.999385,-0.035016,2.42717,-17.6834,-0.014606,0.00359639,0.00097247,0.0121215,0.324,0.282,0.306,0.226
11781,2.8,0,0,0.3,0,3.44839,4.2502,-0.172748,0.000513724,0.00177535,0.999385,-0.0350221,2.42656,-17.6937,-0.0145628,0.00394298,0.00125543,0.0122235,0.29,0.322,0.266,0.26
11782,2.8,0,0,0.3,0,3.45081,4.2325,-0.172762,0.000514299,0.00177326,0.999385,-0.0350282,2.42595,-17.7039,-0.0145198,0.0042481,0.00134114,0.0120263,0.328,0.272,0.316,0.224
11783,2.8,0,0,0.3,0,3.45324,4.21478,-0.172777,0.000514929,0.00177114,0.999384,-0.0350341,2.42534,-17.7141,-0.0144768,0.00408212,0.00153684,0.0114893,0.296,0.328,0.262,0.252
11784,2.8,0,0,0.3,0,3.45566,4.19706,-0.172791,0.000515676,0.00176914,0.999384,-0.0350396,2.42473,-17.7243,-0.0144338,0.00385712,0.00169359,0.0107192,0.32,0.278,0.308,0.234
11785,2.8,0,0,0.3,0,3.45809,4.17933,-0.172805,0.00051646,0.00176732,0.999384,-0.0350447,2.42411,-17.7345,-0.014391,0.00331538,0.00175972,0.00963342,0.314,0.304,0.284,0.236
11786,2.8,0,0,0.3,0,3.46051,4.16158,-0.17282,0.000517328,0.00176583,0.999384,-0.0350492,2.4235,-17.7447,-0.0143482,0.00264839,0.00188088,0.00843506,0.294,0.312,0.274,0.26
11787,2.8,0,0,0.3,0,3.46293,4.14383,-0.172834,0.000518138,0.00176467,0.999384,-0.035053,2.42288,-17.7548,-0.0143055,0.0018811,0.00157246,0.00708901,0.338,0.276,0.312,0.214
11788,2.8,0,0,0.3,0,3.46536,4.12606,-0.172848,0.000518855,0.00176403,0.999384,-0.0350562,2.42227,-17.765,-0.0142628,0.000726238,0.00143714,0.00562529,0.286,0.344,0.246,0.266
11789,2.8,0,0,0.3,0,3.46778,4.10829,-0.172862,0.000519464,0.00176392,0.999384,-0.0350586,2.42166,-17.7751,-0.0142202,-0.000254903,0.00102435,0.00410682,0.34,0.258,0.328,0.214
11790,2.8,0,0,0.3,0,3.4702,4.0905,-0.172877,0.000519909,0.0017644,0.999384,-0.0350602,2.42104,-17.7852,-0.0141776,-0.00158983,0.000801628,0.00254012,0.29,0.34,0.252,0.258
11791,2.8,0,0,0.3,0,3.47262,4.0727,-0.172891,0.000520316,0.00176551,0.999384,-0.035061,2.42042,-17.7953,-0.014135,-0.00268605,0.000616545,0.00121964,0.31,0.286,0.3,0.244
11792,2.8,0,0,0.3,0,3.47504,4.0549,-0.172905,0.000520581,0.00176717,0.999384,-0.0350613,2.41981,-17.8054,-0.0140924,-0.00392474,0.000337258,-3.08452e-05,0.322,0.31,0.282,0.228
11793,2.8,0,0,0.3,0,3.47746,4.03708,-0.172919,0.000520865,0.00176948,0.999384,-0.035061,2.41919,-17.8155,-0.0140498,-0.00510636,0.000449532,-0.00111004,0.282,0.334,0.252,0.27
11794,2.8,0,0,0.3,0,3.47988,4.01926,-0.172933,0.000521148,0.00177223,0.999384,-0.0350602,2.41857,-17.8256,-0.0140072,-0.00585353,0.000304751,-0.0021122,0.348,0.262,0.326,0.206
11795,2.8,0,0,0.3,0,3.4823,4.00142,-0.172947,0.000521471,0.00177538,0.999384,-0.0350589,2.41796,-17.8356,-0.0139646,-0.0066027,0.000563526,-0.0029476,0.274,0.362,0.228,0.278
11796,2.8,0,0,0.3,0,3.48471,3.98358,-0.172961,0.000521872,0.00177868,0.999384,-0.0350572,2.41734,-17.8457,-0.0139219,-0.00656637,0.000462273,-0.00343415,0.344,0.252,0.332,0.212
11797,2.8,0,0,0.3,0,3.48713,3.96572,-0.172975,0.000522169,0.00178195,0.999384,-0.0350555,2.41672,-17.8557,-0.0138792,-0.00656914,0.000343387,-0.00376092,0.296,0.344,0.246,0.252
11798,2.8,0,0,0.3,0,3.48955,3.94786,-0.172989,0.000522436,0.0017851,0.999384,-0.0350536,2.4161,-17.8657,-0.0138365,-0.00598082,0.000163347,-0.0036821,0.31,0.288,0.296,0.246
11799,2.8,0,0,0.3,0,3.49196,3.92998,-0.173002,0.000522463,0.00178786,0.999384,-0.0350518,2.41548,-17.8757,-0.0137937,-0.00523118,-0.00031845,-0.00341283,0.334,0.29,0.3,0.216
11800,2.8,0,0,0.3,0,3.49438,3.91209,-0.173016,0.000522384,0.00179029,0.999384,-0.0350503,2.41486,-17.8857,-0.013751,-0.00443444,-0.000360502,-0.00279637,0.272,0.346,0.24,0.282
11801,2.8,0,0,0.3,0,3.49679,3.8942,-0.17303,0.000522143,0.00179215,0.999384,-0.0350491,2.41424,-17.8957,-0.0137082,-0.00319265,-0.000844402,-0.00193531,0.358,0.242,0.344,0.196
11802,2.8,0,0,0.3,0,3.4992,3.87629,-0.173043,0.000521737,0.00179353,0.999384,-0.0350484,2.41362,-17.9056,-0.0136654,-0.00233053,-0.000880523,-0.000938322,0.268,0.37,0.22,0.282
11803,2.8,0,0,0.3,0,3.50162,3.85838,-0.173057,0.000521262,0.00179432,0.999384,-0.0350483,2.41299,-17.9156,-0.0136226,-0.000872102,-0.00120482,0.000337115,0.344,0.242,0.34,0.212
11804,2.8,0,0,0.3,0,3.50403,3.84045,-0.173071,0.00052058,0.00179445,0.999384,-0.0350488,2.41237,-17.9255,-0.0135798,0.000209533,-0.00135568,0.00159771,0.3,0.334,0.258,0.246
11805,2.8,0,0,0.3,0,3.50644,3.82252,-0.173084,0.000519937,0.00179403,0.999384,-0.03505,2.41175,-17.9355,-0.0135371,0.00152714,-0.00128013,0.00309774,0.298,0.292,0.292,0.258
11806,2.8,0,0,0.3,0,3.50885,3.80457,-0.173098,0.000519144,0.00179291,0.999384,-0.035052,2.41113,-17.9454,-0.0134944,0.0027626,-0.00159837,0.00454383,0.348,0.266,0.324,0.202
11807,2.8,0,0,0.3,0,3.51126,3.78662,-0.173111,0.000518363,0.00179135,0.999384,-0.0350547,2.4105,-17.9553,-0.0134518,0.00355623,-0.00132528,0.00599781,0.258,0.358,0.23,0.294
11808,2.8,0,0,0.3,0,3.51367,3.76865,-0.173125,0.000517569,0.00178929,0.999384,-0.0350581,2.40988,-17.9652,-0.0134092,0.0045762,-0.00155939,0.00734732,0.366,0.222,0.364,0.188
11809,2.8,0,0,0.3,0,3.51608,3.75068,-0.173138,0.000516745,0.00178697,0.999383,-0.035062,2.40926,-17.975,-0.0133667,0.00471186,-0.00127636,0.00839801,0.266,0.376,0.216,0.282
11810,2.8,0,0,0.3,0,3.51849,3.73269,-0.173151,0.000516061,0.00178453,0.999383,-0.0350665,2.40863,-17.9849,-0.0133243,0.00513339,-0.00124431,0.00936443,0.338,0.242,0.34,0.22
11811,2.8,0,0,0.3,0,3.5209,3.7147,-0.173165,0.000515303,0.00178203,0.999383,-0.0350714,2.408,-17.9947,-0.013282,0.0048562,-0.00125724,0.00992363,0.31,0.326,0.268,0.236
11812,2.8,0,0,0.3,0,3.52331,3.69669,-0.173178,0.00051471,0.00177976,0.999383,-0.0350765,2.40738,-18.0046,-0.0132398,0.00447017,-0.000915845,0.0104374,0.282,0.308,0.276,0.272
11813,2.8,0,0,0.3,0,3.52571,3.67868,-0.173191,0.000514106,0.00177764,0.999383,-0.0350818,2.40675,-18.0144,-0.0131976,0.00398605,-0.00109045,0.0106899,0.354,0.248,0.342,0.196
11814,2.8,0,0,0.3,0,3.52812,3.66065,-0.173204,0.000513618,0.00177598,0.999383,-0.0350872,2.40613,-18.0242,-0.0131555,0.00290459,-0.000608864,0.0107864,0.246,0.374,0.214,0.304
11815,2.8,0,0,0.3,0,3.53052,3.64262,-0.173217,0.000513253,0.00177471,0.999382,-0.0350925,2.4055,-18.034,-0.0131134,0.00227449,-0.000731194,0.0107167,0.36,0.218,0.366,0.194
11816,2.8,0,0,0.3,0,3.53293,3.62457,-0.17323,0.000512889,0.00177397,0.999382,-0.0350977,2.40487,-18.0438,-0.0130715,0.00086443,-0.000471751,0.0101999,0.264,0.378,0.216,0.282
11817,2.8,0,0,0.3,0,3.53533,3.60652,-0.173243,0.000512699,0.00177382,0.999382,-0.0351027,2.40425,-18.0535,-0.0130295,-1.49899e-05,-0.000419753,0.00953461,0.326,0.252,0.33,0.23
11818,2.8,0,0,0.3,0,3.53774,3.58846,-0.173256,0.000512406,0.00177413,0.999382,-0.0351071,2.40362,-18.0633,-0.0129876,-0.00116224,-0.000596298,0.00838873,0.324,0.31,0.282,0.222
11819,2.8,0,0,0.3,0,3.54014,3.57038,-0.173269,0.000512238,0.00177504,0.999382,-0.0351109,2.40299,-18.073,-0.0129457,-0.00214289,-0.000293541,0.00711758,0.272,0.33,0.254,0.282
11820,2.8,0,0,0.3,0,3.54254,3.5523,-0.173282,0.000512026,0.00177625,0.999382,-0.0351141,2.40236,-18.0828,-0.0129038,-0.00273027,-0.000660126,0.00559946,0.366,0.24,0.348,0.186
11821,2.8,0,0,0.3,0,3.54494,3.53421,-0.173295,0.000511802,0.00177794,0.999382,-0.0351164,2.40173,-18.0925,-0.012862,-0.00375806,-0.000431166,0.00398454,0.246,0.392,0.198,0.304
11822,2.8,0,0,0.3,0,3.54735,3.51611,-0.173308,0.00051158,0.0017799,0.999382,-0.035118,2.4011,-18.1022,-0.0128201,-0.00399272,-0.000804993,0.00246474,0.364,0.22,0.364,0.192
11823,2.8,0,0,0.3,0,3.54975,3.498,-0.173321,0.000511205,0.00178211,0.999381,-0.0351187,2.40048,-18.1119,-0.0127782,-0.00474078,-0.00081185,0.000830021,0.276,0.378,0.216,0.27
11824,2.8,0,0,0.3,0,3.55215,3.47987,-0.173333,0.000510947,0.00178454,0.999381,-0.0351188,2.39985,-18.1215,-0.0127363,-0.00476361,-0.000728813,-0.000484261,0.314,0.272,0.312,0.242
11825,2.8,0,0,0.3,0,3.55454,3.46174,-0.173346,0.000510573,0.00178691,0.999381,-0.0351182,2.39922,-18.1312,-0.0126944,-0.00475332,-0.000946573,-0.00179308,0.334,0.3,0.292,0.214
11826,2.8,0,0,0.3,0,3.55694,3.4436,-0.173359,0.000510297,0.00178929,0.999381,-0.035117,2.39858,-18.1409,-0.0126524,-0.00455344,-0.000600082,-0.00274798,0.262,0.352,0.236,0.292
11827,2.8,0,0,0.3,0,3.55934,3.42545,-0.173371,0.000510008,0.00179131,0.999382,-0.0351154,2.39795,-18.1505,-0.0126105,-0.00365255,-0.000839383,-0.00348459,0.372,0.23,0.358,0.18
11828,2.8,0,0,0.3,0,3.56174,3.40729,-0.173384,0.000509745,0.00179301,0.999382,-0.0351135,2.39732,-18.1601,-0.0125685,-0.00308613,-0.000413185,-0.00403424,0.25,0.394,0.198,0.296
11829,2.8,0,0,0.3,0,3.56414,3.38912,-0.173396,0.000509635,0.00179415,0.999382,-0.0351114,2.39669,-18.1697,-0.0125266,-0.00156387,-0.000342432,-0.00419784,0.362,0.222,0.362,0.196
11830,2.8,0,0,0.3,0,3.56653,3.37094,-0.173409,0.000509523,0.0017946,0.999382,-0.0351093,2.39606,-18.1793,-0.0124846,-0.000490052,-3.61509e-05,-0.00431391,0.292,0.36,0.234,0.254
11831,2.8,0,0,0.3,0,3.56893,3.35275,-0.173421,0.000509664,0.00179446,0.999382,-0.0351072,2.39542,-18.1889,-0.0124427,0.00103847,0.000371901,-0.00400018,0.308,0.284,0.3,0.248
11832,2.8,0,0,0.3,0,3.57132,3.33455,-0.173434,0.00050976,0.0017935,0.999382,-0.0351053,2.39479,-18.1985,-0.0124009,0.0024098,0.000237447,-0.00359239,0.346,0.28,0.31,0.202
11833,2.8,0,0,0.3,0,3.57372,3.31635,-0.173446,0.000509958,0.00179203,0.999382,-0.0351037,2.39416,-18.2081,-0.012359,0.00340881,0.000665407,-0.00284214,0.26,0.358,0.228,0.292
11834,2.8,0,0,0.3,0,3.57611,3.29813,-0.173458,0.000510153,0.00178992,0.999382,-0.0351026,2.39352,-18.2176,-0.0123173,0.00473795,0.000371585,-0.00183984,0.376,0.222,0.364,0.178
11835,2.8,0,0,0.3,0,3.5785,3.2799,-0.173471,0.000510266,0.0017874,0.999382,-0.035102,2.39288,-18.2271,-0.0122756,0.00524342,0.000523651,-0.000719043,0.256,0.388,0.204,0.292
11836,2.8,0,0,0.3,0,3.58089,3.26167,-0.173483,0.000510399,0.0017845,0.999382,-0.035102,2.39225,-18.2367,-0.012234,0.00623674,0.000274755,0.000738138,0.348,0.228,0.356,0.21
11837,2.8,0,0,0.3,0,3.58329,3.24342,-0.173495,0.00051032,0.00178127,0.999382,-0.0351028,2.39161,-18.2462,-0.0121926,0.00645002,7.33246e-05,0.00217432,0.3,0.34,0.254,0.244
11838,2.8,0,0,0.3,0,3.58568,3.22516,-0.173507,0.000510316,0.00177802,0.999382,-0.0351044,2.39098,-18.2557,-0.0121512,0.0066717,0.000243855,0.00390677,0.298,0.294,0.29,0.258
11839,2.8,0,0,0.3,0,3.58807,3.2069,-0.173519,0.000510225,0.00177463,0.999382,-0.0351068,2.39034,-18.2652,-0.0121099,0.00666348,1.11389e-05,0.00550338,0.356,0.262,0.328,0.194
11840,2.8,0,0,0.3,0,3.59046,3.18862,-0.173531,0.000510241,0.00177149,0.999382,-0.03511,2.3897,-18.2746,-0.0120687,0.00604073,0.000446386,0.00705119,0.258,0.362,0.226,0.292
11841,2.8,0,0,0.3,0,3.59285,3.17034,-0.173543,0.000510287,0.00176855,0.999382,-0.0351139,2.38907,-18.2841,-0.0120275,0.00567916,0.000123482,0.00853798,0.368,0.218,0.368,0.186
11842,2.8,0,0,0.3,0,3.59523,3.15205,-0.173555,0.000510244,0.00176607,0.999381,-0.0351186,2.38843,-18.2936,-0.0119865,0.00434668,0.000205781,0.00981998,0.26,0.378,0.214,0.288
11843,2.8,0,0,0.3,0,3.59762,3.13374,-0.173567,0.000510267,0.0017642,0.999381,-0.0351239,2.38779,-18.303,-0.0119456,0.00330201,4.80475e-05,0.0111559,0.328,0.246,0.336,0.228
11844,2.8,0,0,0.3,0,3.60001,3.11543,-0.173579,0.000510145,0.00176299,0.999381,-0.0351297,2.38715,-18.3124,-0.0119047,0.00158659,-0.000150599,0.012136,0.304,0.324,0.268,0.244
11845,2.8,0,0,0.3,0,3.6024,3.09711,-0.173591,0.000510117,0.00176271,0.999381,-0.035136,2.38651,-18.3218,-0.0118638,-7.15483e-05,-5.02097e-06,0.0130267,0.28,0.31,0.276,0.274
11846,2.8,0,0,0.3,0,3.60478,3.07878,-0.173603,0.000510006,0.00176312,0.999381,-0.0351427,2.38587,-18.3312,-0.011823,-0.00147109,-0.000362978,0.0135431,0.348,0.256,0.334,0.202
11847,2.8,0,0,0.3,0,3.60717,3.06044,-0.173615,0.000509919,0.00176434,0.99938,-0.0351495,2.38524,-18.3406,-0.0117823,-0.00307891,-9.1671e-05,0.0137249,0.256,0.366,0.224,0.294
11848,2.8,0,0,0.3,0,3.60955,3.04209,-0.173627,0.000509906,0.00176613,0.99938,-0.0351564,2.3846,-18.35,-0.0117415,-0.00393127,-0.000224479,0.0136031,0.356,0.232,0.354,0.198
11849,2.8,0,0,0.3,0,3.61193,3.02373,-0.173638,0.000509911,0.00176844,0.99938,-0.035163,2.38396,-18.3593,-0.0117007,-0.00513939,5.88006e-05,0.012991,0.27,0.366,0.226,0.278
11850,2.8,0,0,0.3,0,3.61432,3.00536,-0.17365,0.000510099,0.00177118,0.99938,-0.0351693,2.38332,-18.3687,-0.0116599,-0.00563396,0.000176721,0.0122272,0.318,0.262,0.322,0.238
11851,2.8,0,0,0.3,0,3.6167,2.98698,-0.173662,0.000510221,0.00177413,0.999379,-0.0351751,2.38268,-18.378,-0.011619,-0.00618044,4.782e-05,0.0111161,0.308,0.314,0.276,0.24
11852,2.8,0,0,0.3,0,3.61908,2.96859,-0.173673,0.000510406,0.00177733,0.999379,-0.0351804,2.38204,-18.3873,-0.0115782,-0.00641687,0.000181234,0.00996004,0.278,0.324,0.262,0.276
11853,2.8,0,0,0.3,0,3.62146,2.9502,-0.173685,0.00051049,0.00178044,0.999379,-0.035185,2.3814,-18.3967,-0.0115373,-0.00610659,-0.000197293,0.00856993,0.35,0.256,0.332,0.202
11854,2.8,0,0,0.3,0,3.62385,2.93179,-0.173696,0.000510506,0.00178345,0.999379,-0.0351888,2.38075,-18.406,-0.0114964,-0.00581847,-0.000104315,0.0069737,0.266,0.36,0.23,0.284
11855,2.8,0,0,0.3,0,3.62623,2.91338,-0.173708,0.000510474,0.00178605,0.999379,-0.0351919,2.38011,-18.4152,-0.0114554,-0.00467284,-0.000415287,0.00532172,0.348,0.244,0.34,0.208
11856,2.8,0,0,0.3,0,3.6286,2.89495,-0.173719,0.000510303,0.00178813,0.999379,-0.035194,2.37947,-18.4245,-0.0114145,-0.00375844,-0.000424538,0.00350806,0.288,0.35,0.24,0.26
11857,2.8,0,0,0.3,0,3.63098,2.87652,-0.17373,0.000510155,0.00178965,0.999379,-0.0351953,2.37883,-18.4338,-0.0113735,-0.00235474,-0.000492026,0.00186043,0.318,0.28,0.304,0.238
11858,2.8,0,0,0.3,0,3.63336,2.85807,-0.173742,0.000509823,0.00179044,0.999379,-0.0351957,2.37819,-18.443,-0.0113326,-0.00105061,-0.000821185,0.000192374,0.326,0.304,0.288,0.224
11859,2.8,0,0,0.3,0,3.63574,2.83962,-0.173753,0.000509443,0.00179065,0.999379,-0.0351954,2.37754,-18.4522,-0.0112916,0.000214694,-0.000778782,-0.00120938,0.284,0.33,0.258,0.268
11860,2.8,0,0,0.3,0,3.63812,2.82116,-0.173764,0.000508922,0.00179012,0.999379,-0.0351945,2.3769,-18.4615,-0.0112507,0.00171822,-0.00118748,-0.00235413,0.35,0.262,0.328,0.202
11861,2.8,0,0,0.3,0,3.64049,2.80269,-0.173775,0.000508299,0.00178899,0.999379,-0.035193,2.37626,-18.4707,-0.0112099,0.00274518,-0.00107452,-0.00322069,0.282,0.35,0.24,0.268
11862,2.8,0,0,0.3,0,3.64287,2.78421,-0.173787,0.000507712,0.00178728,0.999379,-0.0351913,2.37561,-18.4799,-0.0111691,0.00404142,-0.00111179,-0.0037052,0.338,0.258,0.328,0.216
11863,2.8,0,0,0.3,0,3.64524,2.76572,-0.173798,0.000507109,0.00178504,0.999379,-0.0351894,2.37497,-18.4891,-0.0111284,0.00480254,-0.000910286,-0.00396834,0.3,0.334,0.258,0.248
11864,2.8,0,0,0.3,0,3.64762,2.74722,-0.173809,0.000506673,0.00178245,0.999379,-0.0351874,2.37432,-18.4982,-0.0110877,0.00555663,-0.00060667,-0.00379005,0.316,0.29,0.296,0.238
11865,2.8,0,0,0.3,0,3.64999,2.72872,-0.17382,0.00050628,0.00177952,0.999379,-0.0351856,2.37368,-18.5074,-0.0110471,0.00600211,-0.000532431,-0.00341603,0.33,0.29,0.3,0.22
11866,2.8,0,0,0.3,0,3.65236,2.7102,-0.173831,0.000506,0.00177651,0.999379,-0.0351841,2.37303,-18.5166,-0.0110067,0.00609202,-0.000232018,-0.00273455,0.29,0.322,0.266,0.262
11867,2.8,0,0,0.3,0,3.65474,2.69167,-0.173842,0.000505766,0.00177344,0.999379,-0.035183,2.37239,-18.5257,-0.0109663,0.00611927,-0.000300396,-0.00175939,0.34,0.266,0.322,0.212
11868,2.8,0,0,0.3,0,3.65711,2.67314,-0.173853,0.000505536,0.00177055,0.999379,-0.0351824,2.37174,-18.5348,-0.010926,0.00546845,-0.000190532,-0.000586074,0.292,0.332,0.258,0.258
11869,2.8,0,0,0.3,0,3.65948,2.65459,-0.173864,0.000505345,0.00176803,0.999379,-0.0351825,2.37109,-18.5439,-0.0108858,0.00473147,-0.000286046,0.000780788,0.322,0.276,0.31,0.232
11870,2.8,0,0,0.3,0,3.66185,2.63604,-0.173875,0.000505079,0.001766,0.999379,-0.0351833,2.37045,-18.553,-0.0108456,0.00345782,-0.000405951,0.00214343,0.3,0.32,0.27,0.25
11871,2.8,0,0,0.3,0,3.66422,2.61748,-0.173885,0.000504844,0.00176468,0.999379,-0.0351848,2.3698,-18.5621,-0.0108055,0.00207371,-0.000386284,0.00361487,0.304,0.3,0.286,0.25
11872,2.8,0,0,0.3,0,3.66659,2.59891,-0.173896,0.000504568,0.00176404,0.999379,-0.035187,2.36915,-18.5712,-0.0107655,0.000651975,-0.000573217,0.00502145,0.316,0.294,0.294,0.236
11873,2.8,0,0,0.3,0,3.66896,2.58033,-0.173907,0.000504269,0.00176415,0.999379,-0.0351899,2.3685,-18.5803,-0.0107255,-0.000772559,-0.000617656,0.00637054,0.292,0.316,0.272,0.26
11874,2.8,0,0,0.3,0,3.67132,2.56174,-0.173918,0.000503909,0.00176485,0.999379,-0.0351934,2.36785,-18.5893,-0.0106856,-0.00184493,-0.000872361,0.00763226,0.32,0.282,0.306,0.232
11875,2.8,0,0,0.3,0,3.67369,2.54314,-0.173928,0.000503482,0.00176609,0.999379,-0.0351976,2.3672,-18.5984,-0.0106456,-0.00288343,-0.00092473,0.00869631,0.3,0.312,0.276,0.25
11876,2.8,0,0,0.3,0,3.67606,2.52453,-0.173939,0.000503048,0.00176775,0.999379,-0.0352022,2.36656,-18.6074,-0.0106057,-0.00353778,-0.00103929,0.00955253,0.312,0.29,0.298,0.24
11877,2.8,0,0,0.3,0,3.67842,2.50592,-0.173949,0.000502535,0.00176969,0.999378,-0.0352071,2.36591,-18.6164,-0.0105657,-0.00405775,-0.00119756,0.0101075,0.304,0.308,0.28,0.248
11878,2.8,0,0,0.3,0,3.68079,2.48729,-0.17396,0.000501985,0.00177184,0.999378,-0.0352123,2.36526,-18.6254,-0.0105258,-0.00437461,-0.0012599,0.0104371,0.3,0.304,0.286,0.252
11879,2.8,0,0,0.3,0,3.68315,2.46866,-0.17397,0.000501412,0.00177409,0.999378,-0.0352175,2.36461,-18.6344,-0.0104858,-0.00449941,-0.00127577,0.010515,0.304,0.302,0.288,0.246
11880,2.8,0,0,0.3,0,3.68552,2.45001,-0.173981,0.000500885,0.00177637,0.999378,-0.0352227,2.36396,-18.6434,-0.0104458,-0.0044634,-0.00111082,0.0103621,0.306,0.304,0.284,0.244
11881,2.8,0,0,0.3,0,3.68788,2.43136,-0.173991,0.000500452,0.00177853,0.999378,-0.0352278,2.36331,-18.6523,-0.0104058,-0.00410497,-0.000901183,0.00995656,0.308,0.3,0.29,0.244
11882,2.8,0,0,0.3,0,3.69024,2.4127,-0.174002,0.000500134,0.00178043,0.999377,-0.0352326,2.36266,-18.6613,-0.0103658,-0.00347996,-0.000640637,0.00926614,0.308,0.3,0.288,0.242
11883,2.8,0,0,0.3,0,3.69261,2.39403,-0.174012,0.000499937,0.00178194,0.999377,-0.035237,2.36201,-18.6702,-0.0103258,-0.00259245,-0.000362793,0.00837763,0.306,0.308,0.282,0.244
11884,2.8,0,0,0.3,0,3.69497,2.37535,-0.174022,0.00049986,0.00178295,0.999377,-0.0352409,2.36136,-18.6792,-0.0102858,-0.00153146,-9.57351e-05,0.00732965,0.308,0.3,0.286,0.246
11885,2.8,0,0,0.3,0,3.69733,2.35666,-0.174032,0.000499884,0.00178339,0.999377,-0.0352442,2.3607,-18.6881,-0.0102458,-0.000352082,0.000122636,0.00616575,0.314,0.298,0.29,0.236
11886,2.8,0,0,0.3,0,3.69969,2.33797,-0.174043,0.000499997,0.00178321,0.999377,-0.035247,2.36005,-18.697,-0.0102059,0.000933194,0.000319674,0.00498481,0.302,0.31,0.278,0.248
11887,2.8,0,0,0.3,0,3.70205,2.31926,-0.174053,0.000500135,0.00178235,0.999377,-0.0352492,2.3594,-18.7059,-0.0101659,0.00228426,0.000371511,0.00380798,0.324,0.288,0.302,0.226
11888,2.8,0,0,0.3,0,3.70441,2.30054,-0.174063,0.000500306,0.00178087,0.999377,-0.0352507,2.35875,-18.7148,-0.0101261,0.00346416,0.000538444,0.00264642,0.306,0.318,0.272,0.244
11889,2.8,0,0,0.3,0,3.70676,2.28182,-0.174073,0.000500572,0.00177881,0.999377,-0.0352517,2.3581,-18.7237,-0.0100863,0.00455734,0.000781368,0.00156263,0.322,0.286,0.3,0.23
11890,2.8,0,0,0.3,0,3.70912,2.26309,-0.174083,0.00050096,0.00177629,0.999377,-0.0352522,2.35744,-18.7325,-0.0100466,0.00532131,0.00111029,0.000573506,0.308,0.314,0.276,0.242
11891,2.8,0,0,0.3,0,3.71148,2.24435,-0.174093,0.000501513,0.00177344,0.999377,-0.0352523,2.35679,-18.7414,-0.0100069,0.0058845,0.00142208,-0.000140853,0.308,0.3,0.288,0.244
11892,2.8,0,0,0.3,0,3.71384,2.2256,-0.174103,0.000502143,0.00177037,0.999377,-0.035252,2.35614,-18.7502,-0.00996736,0.00617486,0.00151944,-0.000589945,0.328,0.29,0.3,0.224
11893,2.8,0,0,0.3,0,3.71619,2.20684,-0.174113,0.000502835,0.00176726,0.999377,-0.0352517,2.35548,-18.759,-0.0099279,0.00615606,0.00164965,-0.000743273,0.294,0.324,0.264,0.258
11894,2.8,0,0,0.3,0,3.71855,2.18807,-0.174123,0.000503534,0.00176418,0.999377,-0.0352513,2.35483,-18.7678,-0.00988853,0.0060244,0.00155112,-0.000637253,0.336,0.268,0.32,0.216
11895,2.8,0,0,0.3,0,3.7209,2.16929,-0.174133,0.000504183,0.00176131,0.999377,-0.0352511,2.35417,-18.7766,-0.00984925,0.00539916,0.00148945,-0.000332312,0.292,0.332,0.258,0.258
11896,2.8,0,0,0.3,0,3.72325,2.15051,-0.174143,0.000504805,0.00175877,0.999377,-0.0352511,2.35352,-18.7854,-0.00981006,0.00472621,0.00132108,0.000254033,0.322,0.276,0.31,0.232
11897,2.8,0,0,0.3,0,3.72561,2.13171,-0.174152,0.000505338,0.00175667,0.999377,-0.0352514,2.35287,-18.7942,-0.00977093,0.00364325,0.00118668,0.000958637,0.308,0.318,0.274,0.24
11898,2.8,0,0,0.3,0,3.72796,2.11291,-0.174162,0.000505895,0.00175516,0.999377,-0.0352521,2.35221,-18.803,-0.00973187,0.00250456,0.00120353,0.00187468,0.298,0.306,0.28,0.256
11899,2.8,0,0,0.3,0,3.73031,2.0941,-0.174172,0.00050639,0.00175419,0.999377,-0.0352533,2.35155,-18.8117,-0.00969287,0.00136477,0.000970815,0.00285383,0.334,0.28,0.308,0.218
11900,2.8,0,0,0.3,0,3.73266,2.07528,-0.174181,0.000506883,0.00175388,0.999377,-0.0352551,2.3509,-18.8205,-0.00965392,5.61687e-05,0.00105614,0.00394491,0.276,0.342,0.246,0.274
11901,2.8,0,0,0.3,0,3.73501,2.05645,-0.174191,0.000507344,0.0017541,0.999377,-0.0352574,2.35024,-18.8292,-0.00961499,-0.000900415,0.000721384,0.00513841,0.34,0.252,0.336,0.212
11902,2.8,0,0,0.3,0,3.73736,2.03761,-0.174201,0.000507633,0.00175487,0.999377,-0.0352603,2.34958,-18.8379,-0.00957609,-0.00204235,0.000466034,0.00632828,0.282,0.344,0.248,0.266
11903,2.8,0,0,0.3,0,3.73971,2.01876,-0.17421,0.000507864,0.00175609,0.999376,-0.0352638,2.34893,-18.8466,-0.0095372,-0.00269441,0.000280729,0.00762308,0.32,0.27,0.316,0.234
11904,2.8,0,0,0.3,0,3.74206,1.99991,-0.17422,0.000507992,0.00175762,0.999376,-0.0352679,2.34827,-18.8553,-0.00949831,-0.00340421,0.000155923,0.00873839,0.308,0.316,0.276,0.24
11905,2.8,0,0,0.3,0,3.74441,1.98105,-0.174229,0.000508178,0.00175948,0.999376,-0.0352725,2.34761,-18.864,-0.00945942,-0.00386881,0.000279812,0.00980204,0.282,0.312,0.272,0.272
11906,2.8,0,0,0.3,0,3.74675,1.96217,-0.174238,0.000508302,0.00176143,0.999376,-0.0352777,2.34696,-18.8727,-0.00942053,-0.00398649,1.52924e-05,0.0106656,0.342,0.26,0.33,0.208
11907,2.8,0,0,0.3,0,3.7491,1.94329,-0.174248,0.000508405,0.0017635,0.999376,-0.0352832,2.3463,-18.8813,-0.00938162,-0.00414965,0.000168057,0.0113509,0.264,0.358,0.232,0.286
11908,2.8,0,0,0.3,0,3.75144,1.9244,-0.174257,0.000508497,0.00176543,0.999375,-0.035289,2.34564,-18.89,-0.00934271,-0.00363783,-7.61817e-05,0.0118352,0.346,0.24,0.346,0.208
11909,2.8,0,0,0.3,0,3.75379,1.9055,-0.174266,0.0005085,0.00176718,0.999375,-0.0352949,2.34498,-18.8986,-0.00930379,-0.00338455,-7.2326e-06,0.0119143,0.276,0.356,0.236,0.27
11910,2.8,0,0,0.3,0,3.75613,1.8866,-0.174276,0.000508597,0.00176868,0.999375,-0.0353008,2.34432,-18.9072,-0.00926487,-0.00259676,9.75817e-05,0.0118661,0.318,0.266,0.318,0.238
11911,2.8,0,0,0.3,0,3.75848,1.86768,-0.174285,0.000508623,0.00176975,0.999375,-0.0353066,2.34367,-18.9159,-0.00922596,-0.00188453,6.61164e-06,0.011468,0.32,0.302,0.288,0.228
11912,2.8,0,0,0.3,0,3.76082,1.84876,-0.174294,0.000508727,0.00177049,0.999375,-0.0353122,2.34301,-18.9245,-0.00918706,-0.00104379,0.00025524,0.0109736,0.274,0.326,0.26,0.278
11913,2.8,0,0,0.3,0,3.76316,1.82982,-0.174303,0.000508771,0.00177067,0.999375,-0.0353175,2.34235,-18.9331,-0.00914818,0.000105345,-4.20066e-05,0.0102593,0.356,0.242,0.346,0.194
11914,2.8,0,0,0.3,0,3.7655,1.81088,-0.174312,0.00050877,0.00177044,0.999374,-0.0353223,2.34169,-18.9416,-0.00910934,0.000775794,0.000142381,0.00934036,0.258,0.37,0.22,0.29
11915,2.8,0,0,0.3,0,3.76785,1.79193,-0.174322,0.000508775,0.00176974,0.999374,-0.0353267,2.34103,-18.9502,-0.00907053,0.00185212,-6.57287e-05,0.00832878,0.354,0.228,0.358,0.202
11916,2.8,0,0,0.3,0,3.77019,1.77297,-0.174331,0.00050867,0.00176869,0.999374,-0.0353305,2.34037,-18.9588,-0.00903178,0.00220904,-4.14241e-05,0.00702613,0.282,0.358,0.234,0.264
11917,2.8,0,0,0.3,0,3.77253,1.754,-0.17434,0.000508645,0.00176746,0.999374,-0.0353337,2.33971,-18.9673,-0.00899307,0.00274042,-2.0234e-05,0.00579548,0.318,0.27,0.312,0.24
11918,2.8,0,0,0.3,0,3.77486,1.73503,-0.174348,0.000508474,0.00176602,0.999374,-0.0353362,2.33905,-18.9758,-0.00895442,0.00285347,-0.000293961,0.00437542,0.334,0.296,0.296,0.214
11919,2.8,0,0,0.3,0,3.7772,1.71604,-0.174357,0.000508345,0.00176468,0.999374,-0.035338,2.33839,-18.9843,-0.00891583,0.00265003,-0.00010573,0.00306906,0.268,0.344,0.242,0.284
11920,2.8,0,0,0.3,0,3.77954,1.69705,-0.174366,0.000508104,0.00176335,0.999374,-0.0353392,2.33773,-18.9929,-0.0088773,0.00259007,-0.000636133,0.00184166,0.368,0.232,0.356,0.184
11921,2.8,0,0,0.3,0,3.78188,1.67805,-0.174375,0.000507742,0.0017623,0.999374,-0.0353398,2.33707,-19.0014,-0.00883883,0.00176011,-0.000557267,0.00073674,0.254,0.386,0.206,0.294
11922,2.8,0,0,0.3,0,3.78421,1.65904,-0.174384,0.000507376,0.00176154,0.999374,-0.0353399,2.33641,-19.0098,-0.0088004,0.00138087,-0.00090053,-9.62736e-06,0.354,0.228,0.356,0.202
11923,2.8,0,0,0.3,0,3.78655,1.64002,-0.174393,0.000506833,0.00176115,0.999374,-0.0353397,2.33575,-19.0183,-0.00876202,0.000278623,-0.00102833,-0.000685678,0.286,0.36,0.234,0.26
11924,2.8,0,0,0.3,0,3.78889,1.621,-0.174401,0.00050638,0.00176129,0.999374,-0.0353393,2.33509,-19.0268,-0.00872366,-0.000560242,-0.00095535,-0.000945706,0.304,0.284,0.3,0.252
11925,2.8,0,0,0.3,0,3.79122,1.60196,-0.17441,0.000505812,0.00176182,0.999374,-0.0353388,2.33442,-19.0352,-0.00868533,-0.00150236,-0.00125598,-0.00111545,0.344,0.286,0.308,0.204
11926,2.8,0,0,0.3,0,3.79355,1.58292,-0.174419,0.000505316,0.00176293,0.999374,-0.0353382,2.33376,-19.0437,-0.00864702,-0.0025454,-0.000950417,-0.000972011,0.258,0.356,0.23,0.294
11927,2.8,0,0,0.3,0,3.79589,1.56386,-0.174427,0.000504806,0.00176432,0.999374,-0.0353378,2.3331,-19.0521,-0.00860871,-0.00295377,-0.00127838,-0.000595772,0.372,0.22,0.366,0.18
11928,2.8,0,0,0.3,0,3.79822,1.5448,-0.174436,0.00050431,0.00176607,0.999374,-0.0353377,2.33244,-19.0605,-0.00857039,-0.00381997,-0.00086948,-3.49588e-05,0.248,0.394,0.198,0.298
11929,2.8,0,0,0.3,0,3.80055,1.52573,-0.174444,0.000503997,0.00176802,0.999374,-0.0353379,2.33177,-19.0689,-0.00853208,-0.0038498,-0.00081405,0.000922338,0.348,0.224,0.358,0.208
11930,2.8,0,0,0.3,0,3.80288,1.50666,-0.174453,0.000503663,0.00177006,0.999374,-0.0353386,2.33111,-19.0773,-0.00849375,-0.00431459,-0.00063852,0.00186023,0.292,0.354,0.24,0.252
11931,2.8,0,0,0.3,0,3.80521,1.48757,-0.174461,0.000503574,0.00177227,0.999374,-0.0353399,2.33045,-19.0857,-0.00845542,-0.00429896,-0.000245589,0.00310338,0.292,0.296,0.288,0.264
11932,2.8,0,0,0.3,0,3.80754,1.46848,-0.17447,0.000503448,0.00177433,0.999374,-0.0353418,2.32978,-19.0941,-0.00841707,-0.00407601,-0.000426152,0.00425803,0.348,0.27,0.322,0.2
11933,2.8,0,0,0.3,0,3.80987,1.44938,-0.174478,0.000503441,0.00177637,0.999373,-0.0353442,2.32912,-19.1024,-0.00837872,-0.00391572,5.98786e-05,0.00552439,0.246,0.368,0.22,0.306
11934,2.8,0,0,0.3,0,3.8122,1.43026,-0.174487,0.000503483,0.00177804,0.999373,-0.0353474,2.32846,-19.1108,-0.00834036,-0.00288918,-0.000150618,0.00686867,0.374,0.21,0.374,0.18
11935,2.8,0,0,0.3,0,3.81453,1.41115,-0.174495,0.000503519,0.00177932,0.999373,-0.0353512,2.32779,-19.1191,-0.00830201,-0.00229276,0.000240712,0.00809198,0.246,0.398,0.194,0.3
11936,2.8,0,0,0.3,0,3.81685,1.39202,-0.174503,0.000503713,0.00178007,0.999373,-0.0353556,2.32713,-19.1274,-0.00826366,-0.000798872,0.000260635,0.00939744,0.342,0.226,0.356,0.216
11937,2.8,0,0,0.3,0,3.81918,1.37288,-0.174511,0.000503759,0.00178013,0.999373,-0.0353606,2.32646,-19.1357,-0.00822534,0.000277951,0.000131164,0.0103516,0.302,0.336,0.258,0.244
11938,2.8,0,0,0.3,0,3.82151,1.35374,-0.17452,0.000503865,0.00177965,0.999373,-0.035366,2.3258,-19.144,-0.00818705,0.00167186,0.000222154,0.011343,0.284,0.3,0.284,0.272
11939,2.8,0,0,0.3,0,3.82383,1.33459,-0.174528,0.000503758,0.00177835,0.999373,-0.0353719,2.32513,-19.1523,-0.00814881,0.00321138,-0.00027136,0.0120195,0.356,0.248,0.342,0.194
11940,2.8,0,0,0.3,0,3.82616,1.31543,-0.174536,0.000503625,0.00177647,0.999372,-0.035378,2.32447,-19.1606,-0.00811064,0.00428776,4.74538e-05,0.0124971,0.242,0.372,0.216,0.308
11941,2.8,0,0,0.3,0,3.82848,1.29626,-0.174544,0.000503491,0.00177387,0.999372,-0.0353844,2.3238,-19.1689,-0.00807253,0.00585763,-0.000218046,0.0127647,0.374,0.202,0.384,0.18
11942,2.8,0,0,0.3,0,3.8308,1.27708,-0.174552,0.0005033,0.00177076,0.999372,-0.0353907,2.32313,-19.1771,-0.00803451,0.00645948,7.06675e-05,0.0125637,0.254,0.39,0.204,0.292
11943,2.8,0,0,0.3,0,3.83313,1.25789,-0.17456,0.00050326,0.00176727,0.999372,-0.0353969,2.32247,-19.1854,-0.00799658,0.00744908,0.000109184,0.0122087,0.338,0.228,0.354,0.22
11944,2.8,0,0,0.3,0,3.83545,1.2387,-0.174568,0.000503097,0.00176343,0.999372,-0.0354028,2.3218,-19.1936,-0.00795875,0.00766071,8.55546e-06,0.0113326,0.316,0.322,0.272,0.228
11945,2.8,0,0,0.3,0,3.83777,1.2195,-0.174576,0.000503069,0.00175963,0.999371,-0.0354082,2.32114,-19.2018,-0.00792102,0.00768436,0.000291493,0.0103848,0.284,0.312,0.272,0.272
11946,2.8,0,0,0.3,0,3.84009,1.20029,-0.174584,0.000502946,0.00175577,0.999371,-0.035413,2.32047,-19.21,-0.0078834,0.00757002,-0.000116508,0.00912943,0.364,0.238,0.352,0.186
11947,2.8,0,0,0.3,0,3.84241,1.18107,-0.174591,0.000502837,0.00175227,0.999371,-0.0354171,2.31981,-19.2182,-0.00784587,0.00660559,0.000205556,0.00776208,0.242,0.382,0.208,0.308
11948,2.8,0,0,0.3,0,3.84473,1.16184,-0.174599,0.000502742,0.00174913,0.999371,-0.0354206,2.31914,-19.2264,-0.00780845,0.00596613,-0.000200191,0.00645912,0.374,0.206,0.378,0.18
11949,2.8,0,0,0.3,0,3.84705,1.14261,-0.174607,0.000502502,0.0017466,0.999371,-0.0354234,2.31847,-19.2346,-0.0077711,0.00427298,-0.000204427,0.00495827,0.262,0.388,0.208,0.284
11950,2.8,0,0,0.3,0,3.84936,1.12337,-0.174615,0.000502348,0.00174486,0.999371,-0.0354255,2.3178,-19.2428,-0.00773383,0.00296564,-0.000325523,0.00360686,0.33,0.252,0.332,0.228
11951,2.8,0,0,0.3,0,3.85168,1.10412,-0.174623,0.000502013,0.00174385,0.999371,-0.0354269,2.31714,-19.2509,-0.00769662,0.00115443,-0.00065049,0.00209224,0.324,0.314,0.278,0.224
11952,2.8,0,0,0.3,0,3.854,1.08486,-0.17463,0.000501782,0.00174384,0.999371,-0.0354275,2.31647,-19.2591,-0.00765945,-0.00065294,-0.00039462,0.000854399,0.274,0.33,0.254,0.282
11953,2.8,0,0,0.3,0,3.85631,1.06559,-0.174638,0.000501495,0.00174454,0.999371,-0.0354277,2.3158,-19.2672,-0.0076223,-0.00205901,-0.000802458,-0.000236955,0.366,0.244,0.346,0.186
11954,2.8,0,0,0.3,0,3.85863,1.04631,-0.174645,0.000501182,0.00174611,0.999371,-0.0354273,2.31513,-19.2753,-0.00758516,-0.00383629,-0.000637672,-0.00107604,0.24,0.394,0.196,0.308
11955,2.8,0,0,0.3,0,3.86094,1.02703,-0.174653,0.000500862,0.0017483,0.999371,-0.0354266,2.31447,-19.2834,-0.00754801,-0.00472115,-0.00104221,-0.00150023,0.36,0.218,0.366,0.196
11956,2.8,0,0,0.3,0,3.86326,1.00774,-0.17466,0.000500394,0.00175104,0.999371,-0.0354258,2.3138,-19.2915,-0.00751085,-0.00600413,-0.0010365,-0.00175571,0.27,0.378,0.216,0.276
11957,2.8,0,0,0.3,0,3.86557,0.988439,-0.174668,0.000500039,0.00175421,0.999371,-0.035425,2.31313,-19.2996,-0.00747367,-0.00636415,-0.00101761,-0.00150418,0.322,0.262,0.32,0.234
11958,2.8,0,0,0.3,0,3.86788,0.969132,-0.174675,0.000499543,0.00175743,0.999371,-0.0354243,2.31246,-19.3077,-0.00743645,-0.00652813,-0.00126987,-0.0011835,0.33,0.304,0.288,0.218
11959,2.8,0,0,0.3,0,3.87019,0.949816,-0.174683,0.000499106,0.00176071,0.999371,-0.0354239,2.31179,-19.3158,-0.0073992,-0.00634442,-0.00105933,-0.000520387,0.268,0.34,0.246,0.286
11960,2.8,0,0,0.3,0,3.87251,0.930492,-0.17469,0.000498547,0.00176365,0.999371,-0.0354238,2.31112,-19.3238,-0.00736192,-0.00551367,-0.00153261,0.00035467,0.362,0.236,0.352,0.19
11961,2.8,0,0,0.3,0,3.87482,0.91116,-0.174697,0.000497906,0.00176633,0.999371,-0.0354243,2.31045,-19.3319,-0.00732461,-0.00506192,-0.00133293,0.00143226,0.248,0.384,0.206,0.3
11962,2.8,0,0,0.3,0,3.87713,0.89182,-0.174705,0.000497296,0.00176854,0.999371,-0.0354254,2.30978,-19.3399,-0.00728728,-0.00380324,-0.00151472,0.00283315,0.354,0.224,0.358,0.202
11963,2.8,0,0,0.3,0,3.87944,0.872472,-0.174712,0.000496577,0.00177022,0.999371,-0.0354272,2.30911,-19.3479,-0.00724994,-0.00300893,-0.00142145,0.00418914,0.278,0.358,0.234,0.268
11964,2.8,0,0,0.3,0,3.88174,0.853117,-0.174719,0.000496002,0.00177142,0.99937,-0.0354297,2.30844,-19.3559,-0.0072126,-0.00170363,-0.0012289,0.00575903,0.31,0.268,0.316,0.248
11965,2.8,0,0,0.3,0,3.88405,0.833753,-0.174726,0.000495306,0.00177192,0.99937,-0.0354329,2.30777,-19.3639,-0.00717528,-0.000491217,-0.00146456,0.00716027,0.33,0.29,0.302,0.218
11966,2.8,0,0,0.3,0,3.88636,0.814381,-0.174734,0.000494646,0.00177192,0.99937,-0.0354369,2.3071,-19.3719,-0.00713798,0.000579682,-0.00122791,0.00853846,0.264,0.34,0.246,0.29
11967,2.8,0,0,0.3,0,3.88866,0.795001,-0.174741,0.0004939,0.00177124,0.99937,-0.0354415,2.30643,-19.3799,-0.00710071,0.00194836,-0.00160668,0.00967006,0.36,0.232,0.356,0.194
11968,2.8,0,0,0.3,0,3.89097,0.775613,-0.174748,0.000493068,0.00177011,0.99937,-0.0354465,2.30576,-19.3879,-0.00706349,0.00261793,-0.00145531,0.0104693,0.258,0.368,0.224,0.29
11969,2.8,0,0,0.3,0,3.89328,0.756217,-0.174755,0.000492239,0.00176853,0.99937,-0.0354519,2.30509,-19.3958,-0.00702633,0.00370491,-0.00169734,0.0111032,0.344,0.232,0.352,0.212
11970,2.8,0,0,0.3,0,3.89558,0.736813,-0.174762,0.000491241,0.00176657,0.99937,-0.0354575,2.30441,-19.4038,-0.00698923,0.00407945,-0.00179322,0.0112795,0.29,0.338,0.256,0.256
11971,2.8,0,0,0.3,0,3.89788,0.717402,-0.174769,0.000490344,0.00176447,0.999369,-0.0354631,2.30374,-19.4117,-0.0069522,0.0044884,-0.00159225,0.011289,0.308,0.276,0.308,0.248
11972,2.8,0,0,0.3,0,3.90019,0.697982,-0.174776,0.000489418,0.00176219,0.999369,-0.0354687,2.30307,-19.4196,-0.00691524,0.00456916,-0.00162877,0.010868,0.336,0.284,0.308,0.212
11973,2.8,0,0,0.3,0,3.90249,0.678554,-0.174782,0.000488684,0.00176007,0.999369,-0.0354739,2.3024,-19.4275,-0.00687835,0.00415279,-0.00104824,0.0102129,0.27,0.34,0.248,0.282
11974,2.8,0,0,0.3,0,3.90479,0.659119,-0.174789,0.000488102,0.00175809,0.999369,-0.0354788,2.30173,-19.4354,-0.00684153,0.00377392,-0.00101122,0.00930279,0.348,0.242,0.346,0.202
11975,2.8,0,0,0.3,0,3.90709,0.639676,-0.174796,0.000487641,0.00175654,0.999369,-0.0354831,2.30106,-19.4433,-0.00680477,0.0026061,-0.000542505,0.00816248,0.266,0.362,0.23,0.282
11976,2.8,0,0,0.3,0,3.90939,0.620224,-0.174803,0.00048741,0.0017555,0.999369,-0.0354868,2.30039,-19.4512,-0.00676807,0.00171208,-0.000353207,0.00704308,0.332,0.254,0.332,0.222
11977,2.8,0,0,0.3,0,3.91169,0.600765,-0.17481,0.000487247,0.001755,0.999368,-0.0354899,2.29972,-19.4591,-0.00673141,0.000374071,-0.000106212,0.00568639,0.296,0.336,0.258,0.252
11978,2.8,0,0,0.3,0,3.91399,0.581298,-0.174816,0.000487346,0.00175514,0.999368,-0.0354924,2.29904,-19.467,-0.00669478,-0.000667594,0.000348603,0.00436531,0.3,0.294,0.292,0.254
11979,2.8,0,0,0.3,0,3.91629,0.561824,-0.174823,0.000487559,0.00175568,0.999368,-0.0354941,2.29837,-19.4748,-0.00665818,-0.00148694,0.000478475,0.00295307,0.332,0.286,0.304,0.218
11980,2.8,0,0,0.3,0,3.91859,0.542341,-0.17483,0.000487957,0.00175665,0.999368,-0.0354952,2.2977,-19.4826,-0.0066216,-0.00224349,0.000888651,0.00165407,0.276,0.344,0.244,0.276
11981,2.8,0,0,0.3,0,3.92088,0.522851,-0.174836,0.000488403,0.0017578,0.999368,-0.0354957,2.29702,-19.4905,-0.00658503,-0.00240257,0.000691706,0.000492728,0.346,0.258,0.328,0.208
11982,2.8,0,0,0.3,0,3.92318,0.503352,-0.174843,0.000488795,0.00175908,0.999368,-0.0354956,2.29635,-19.4983,-0.00654846,-0.00270307,0.000768392,-0.000560479,0.286,0.348,0.242,0.264
11983,2.8,0,0,0.3,0,3.92548,0.483846,-0.174849,0.000489207,0.00176034,0.999368,-0.0354952,2.29568,-19.5061,-0.0065119,-0.00233925,0.000596167,-0.00125133,0.33,0.264,0.322,0.224
11984,2.8,0,0,0.3,0,3.92777,0.464332,-0.174856,0.00048945,0.00176138,0.999368,-0.0354944,2.295,-19.5139,-0.00647535,-0.0019594,0.000346023,-0.00170696,0.302,0.326,0.266,0.248
11985,2.8,0,0,0.3,0,3.93007,0.444811,-0.174862,0.000489649,0.00176219,0.999368,-0.0354935,2.29433,-19.5217,-0.00643881,-0.00125857,0.000281979,-0.00167465,0.298,0.304,0.28,0.256
11986,2.8,0,0,0.3,0,3.93236,0.425281,-0.174869,0.000489713,0.00176256,0.999368,-0.0354928,2.29366,-19.5294,-0.00640228,-0.000404094,-6.24233e-06,-0.00135712,0.328,0.282,0.306,0.222
11987,2.8,0,0,0.3,0,3.93465,0.405744,-0.174875,0.000489726,0.00176256,0.999368,-0.0354922,2.29298,-19.5372,-0.00636578,0.000375182,4.76021e-05,-0.000742122,0.286,0.33,0.258,0.266
11988,2.8,0,0,0.3,0,3.93694,0.386199,-0.174881,0.000489652,0.00176203,0.999368,-0.0354921,2.29231,-19.545,-0.00632932,0.00159822,-0.00027965,0.000152254,0.338,0.262,0.324,0.216
11989,2.8,0,0,0.3,0,3.93924,0.366646,-0.174888,0.000489415,0.00176095,0.999368,-0.0354925,2.29163,-19.5527,-0.0062929,0.00261944,-0.000443888,0.00117135,0.294,0.328,0.262,0.256
11990,2.8,0,0,0.3,0,3.94153,0.347086,-0.174894,0.000489073,0.00175931,0.999368,-0.0354934,2.29096,-19.5604,-0.00625653,0.00386171,-0.000714775,0.00239707,0.32,0.276,0.31,0.234
11991,2.8,0,0,0.3,0,3.94382,0.327518,-0.1749,0.00048854,0.00175712,0.999368,-0.035495,2.29028,-19.5681,-0.00622023,0.00477382,-0.000976818,0.00367021,0.306,0.312,0.278,0.244
11992,2.8,0,0,0.3,0,3.94611,0.307942,-0.174906,0.000487963,0.00175455,0.999368,-0.0354972,2.28961,-19.5759,-0.006184,0.00549608,-0.000975506,0.00509848,0.302,0.3,0.286,0.252
11993,2.8,0,0,0.3,0,3.9484,0.288358,-0.174912,0.000487333,0.00175165,0.999368,-0.0355001,2.28893,-19.5836,-0.00614786,0.00603691,-0.00107797,0.00653555,0.318,0.284,0.304,0.234
11994,2.8,0,0,0.3,0,3.95068,0.268767,-0.174918,0.0004867,0.0017486,0.999368,-0.0355038,2.28826,-19.5912,-0.0061118,0.00621081,-0.00100294,0.00797016,0.29,0.316,0.272,0.262
11995,2.8,0,0,0.3,0,3.95297,0.249168,-0.174925,0.00048602,0.00174547,0.999368,-0.0355081,2.28758,-19.5989,-0.00607583,0.00633324,-0.00125919,0.00937063,0.32,0.278,0.31,0.232
11996,2.8,0,0,0.3,0,3.95526,0.229562,-0.174931,0.00048519,0.0017424,0.999368,-0.0355132,2.28691,-19.6066,-0.00603994,0.00607157,-0.00152938,0.0105619,0.302,0.306,0.282,0.25
11997,2.8,0,0,0.3,0,3.95755,0.209947,-0.174937,0.000484222,0.00173948,0.999367,-0.0355187,2.28623,-19.6142,-0.00600414,0.00580174,-0.00187603,0.0115322,0.314,0.286,0.302,0.24
11998,2.8,0,0,0.3,0,3.95983,0.190325,-0.174943,0.000483056,0.00173673,0.999367,-0.0355246,2.28556,-19.6219,-0.00596843,0.00532641,-0.00227268,0.0121779,0.306,0.302,0.288,0.246
11999,2.8,0,0,0.3,0,3.96212,0.170696,-0.174949,0.000481745,0.0017343,0.999367,-0.0355308,2.28488,-19.6295,-0.00593279,0.00466106,-0.00254632,0.0125538,0.302,0.298,0.29,0.248
